month,country,age_group,share_of_messages
2024-07-01,AE,18-24,0.120
2024-07-01,AE,25-34,0.486
2024-07-01,AE,35-44,0.293
2024-07-01,AE,45-54,0.085
2024-07-01,AE,55-64,0.017
2024-07-01,AE,65+,0.000
2024-07-01,AR,18-24,0.273
2024-07-01,AR,25-34,0.385
2024-07-01,AR,35-44,0.196
2024-07-01,AR,45-54,0.107
2024-07-01,AR,55-64,0.028
2024-07-01,AR,65+,0.011
2024-07-01,AT,18-24,0.203
2024-07-01,AT,25-34,0.428
2024-07-01,AT,35-44,0.248
2024-07-01,AT,45-54,0.068
2024-07-01,AT,55-64,0.044
2024-07-01,AT,65+,0.009
2024-07-01,AU,18-24,0.196
2024-07-01,AU,25-34,0.396
2024-07-01,AU,35-44,0.234
2024-07-01,AU,45-54,0.117
2024-07-01,AU,55-64,0.038
2024-07-01,AU,65+,0.018
2024-07-01,BD,18-24,0.374
2024-07-01,BD,25-34,0.480
2024-07-01,BD,35-44,0.097
2024-07-01,BD,45-54,0.050
2024-07-01,BD,55-64,0.000
2024-07-01,BD,65+,0.000
2024-07-01,BE,18-24,0.178
2024-07-01,BE,25-34,0.424
2024-07-01,BE,35-44,0.230
2024-07-01,BE,45-54,0.102
2024-07-01,BE,55-64,0.043
2024-07-01,BE,65+,0.023
2024-07-01,BG,18-24,0.218
2024-07-01,BG,25-34,0.474
2024-07-01,BG,35-44,0.169
2024-07-01,BG,45-54,0.061
2024-07-01,BG,55-64,0.048
2024-07-01,BG,65+,0.030
2024-07-01,BO,18-24,0.371
2024-07-01,BO,25-34,0.376
2024-07-01,BO,35-44,0.139
2024-07-01,BO,45-54,0.053
2024-07-01,BO,55-64,0.062
2024-07-01,BO,65+,0.000
2024-07-01,BR,18-24,0.230
2024-07-01,BR,25-34,0.395
2024-07-01,BR,35-44,0.244
2024-07-01,BR,45-54,0.092
2024-07-01,BR,55-64,0.028
2024-07-01,BR,65+,0.012
2024-07-01,CA,18-24,0.262
2024-07-01,CA,25-34,0.384
2024-07-01,CA,35-44,0.219
2024-07-01,CA,45-54,0.097
2024-07-01,CA,55-64,0.026
2024-07-01,CA,65+,0.012
2024-07-01,CH,18-24,0.167
2024-07-01,CH,25-34,0.422
2024-07-01,CH,35-44,0.260
2024-07-01,CH,45-54,0.090
2024-07-01,CH,55-64,0.039
2024-07-01,CH,65+,0.022
2024-07-01,CL,18-24,0.192
2024-07-01,CL,25-34,0.452
2024-07-01,CL,35-44,0.238
2024-07-01,CL,45-54,0.081
2024-07-01,CL,55-64,0.028
2024-07-01,CL,65+,0.010
2024-07-01,CO,18-24,0.241
2024-07-01,CO,25-34,0.451
2024-07-01,CO,35-44,0.194
2024-07-01,CO,45-54,0.082
2024-07-01,CO,55-64,0.021
2024-07-01,CO,65+,0.010
2024-07-01,CR,18-24,0.266
2024-07-01,CR,25-34,0.317
2024-07-01,CR,35-44,0.233
2024-07-01,CR,45-54,0.068
2024-07-01,CR,55-64,0.065
2024-07-01,CR,65+,0.051
2024-07-01,CZ,18-24,0.167
2024-07-01,CZ,25-34,0.460
2024-07-01,CZ,35-44,0.230
2024-07-01,CZ,45-54,0.080
2024-07-01,CZ,55-64,0.054
2024-07-01,CZ,65+,0.008
2024-07-01,DE,18-24,0.214
2024-07-01,DE,25-34,0.468
2024-07-01,DE,35-44,0.195
2024-07-01,DE,45-54,0.077
2024-07-01,DE,55-64,0.035
2024-07-01,DE,65+,0.011
2024-07-01,DK,18-24,0.123
2024-07-01,DK,25-34,0.533
2024-07-01,DK,35-44,0.193
2024-07-01,DK,45-54,0.087
2024-07-01,DK,55-64,0.063
2024-07-01,DK,65+,0.002
2024-07-01,DO,18-24,0.395
2024-07-01,DO,25-34,0.379
2024-07-01,DO,35-44,0.159
2024-07-01,DO,45-54,0.046
2024-07-01,DO,55-64,0.021
2024-07-01,DO,65+,0.000
2024-07-01,DZ,18-24,0.287
2024-07-01,DZ,25-34,0.494
2024-07-01,DZ,35-44,0.140
2024-07-01,DZ,45-54,0.060
2024-07-01,DZ,55-64,0.017
2024-07-01,DZ,65+,0.002
2024-07-01,EC,18-24,0.407
2024-07-01,EC,25-34,0.399
2024-07-01,EC,35-44,0.115
2024-07-01,EC,45-54,0.053
2024-07-01,EC,55-64,0.018
2024-07-01,EC,65+,0.008
2024-07-01,EG,18-24,0.304
2024-07-01,EG,25-34,0.486
2024-07-01,EG,35-44,0.146
2024-07-01,EG,45-54,0.040
2024-07-01,EG,55-64,0.011
2024-07-01,EG,65+,0.013
2024-07-01,ES,18-24,0.148
2024-07-01,ES,25-34,0.420
2024-07-01,ES,35-44,0.229
2024-07-01,ES,45-54,0.140
2024-07-01,ES,55-64,0.050
2024-07-01,ES,65+,0.013
2024-07-01,ET,18-24,0.199
2024-07-01,ET,25-34,0.626
2024-07-01,ET,35-44,0.161
2024-07-01,ET,45-54,0.014
2024-07-01,ET,55-64,0.000
2024-07-01,ET,65+,0.000
2024-07-01,FI,18-24,0.141
2024-07-01,FI,25-34,0.384
2024-07-01,FI,35-44,0.264
2024-07-01,FI,45-54,0.114
2024-07-01,FI,55-64,0.052
2024-07-01,FI,65+,0.046
2024-07-01,FR,18-24,0.223
2024-07-01,FR,25-34,0.440
2024-07-01,FR,35-44,0.181
2024-07-01,FR,45-54,0.100
2024-07-01,FR,55-64,0.040
2024-07-01,FR,65+,0.015
2024-07-01,GB,18-24,0.153
2024-07-01,GB,25-34,0.441
2024-07-01,GB,35-44,0.240
2024-07-01,GB,45-54,0.116
2024-07-01,GB,55-64,0.036
2024-07-01,GB,65+,0.014
2024-07-01,GE,18-24,0.280
2024-07-01,GE,25-34,0.400
2024-07-01,GE,35-44,0.193
2024-07-01,GE,45-54,0.069
2024-07-01,GE,55-64,0.058
2024-07-01,GE,65+,0.000
2024-07-01,GH,18-24,0.197
2024-07-01,GH,25-34,0.416
2024-07-01,GH,35-44,0.280
2024-07-01,GH,45-54,0.056
2024-07-01,GH,55-64,0.044
2024-07-01,GH,65+,0.007
2024-07-01,GR,18-24,0.207
2024-07-01,GR,25-34,0.462
2024-07-01,GR,35-44,0.156
2024-07-01,GR,45-54,0.103
2024-07-01,GR,55-64,0.054
2024-07-01,GR,65+,0.019
2024-07-01,GT,18-24,0.531
2024-07-01,GT,25-34,0.347
2024-07-01,GT,35-44,0.094
2024-07-01,GT,45-54,0.029
2024-07-01,GT,55-64,0.000
2024-07-01,GT,65+,0.000
2024-07-01,HN,18-24,0.423
2024-07-01,HN,25-34,0.343
2024-07-01,HN,35-44,0.127
2024-07-01,HN,45-54,0.058
2024-07-01,HN,55-64,0.021
2024-07-01,HN,65+,0.027
2024-07-01,HR,18-24,0.177
2024-07-01,HR,25-34,0.437
2024-07-01,HR,35-44,0.148
2024-07-01,HR,45-54,0.142
2024-07-01,HR,55-64,0.068
2024-07-01,HR,65+,0.027
2024-07-01,HU,18-24,0.214
2024-07-01,HU,25-34,0.344
2024-07-01,HU,35-44,0.224
2024-07-01,HU,45-54,0.158
2024-07-01,HU,55-64,0.020
2024-07-01,HU,65+,0.040
2024-07-01,ID,18-24,0.441
2024-07-01,ID,25-34,0.402
2024-07-01,ID,35-44,0.107
2024-07-01,ID,45-54,0.040
2024-07-01,ID,55-64,0.007
2024-07-01,ID,65+,0.003
2024-07-01,IE,18-24,0.151
2024-07-01,IE,25-34,0.498
2024-07-01,IE,35-44,0.244
2024-07-01,IE,45-54,0.107
2024-07-01,IE,55-64,0.000
2024-07-01,IE,65+,0.000
2024-07-01,IL,18-24,0.191
2024-07-01,IL,25-34,0.449
2024-07-01,IL,35-44,0.197
2024-07-01,IL,45-54,0.105
2024-07-01,IL,55-64,0.046
2024-07-01,IL,65+,0.012
2024-07-01,IN,18-24,0.374
2024-07-01,IN,25-34,0.451
2024-07-01,IN,35-44,0.124
2024-07-01,IN,45-54,0.038
2024-07-01,IN,55-64,0.008
2024-07-01,IN,65+,0.004
2024-07-01,IQ,18-24,0.308
2024-07-01,IQ,25-34,0.394
2024-07-01,IQ,35-44,0.173
2024-07-01,IQ,45-54,0.107
2024-07-01,IQ,55-64,0.018
2024-07-01,IQ,65+,0.000
2024-07-01,IT,18-24,0.235
2024-07-01,IT,25-34,0.416
2024-07-01,IT,35-44,0.178
2024-07-01,IT,45-54,0.105
2024-07-01,IT,55-64,0.054
2024-07-01,IT,65+,0.012
2024-07-01,JO,18-24,0.242
2024-07-01,JO,25-34,0.423
2024-07-01,JO,35-44,0.226
2024-07-01,JO,45-54,0.027
2024-07-01,JO,55-64,0.020
2024-07-01,JO,65+,0.063
2024-07-01,JP,18-24,0.273
2024-07-01,JP,25-34,0.371
2024-07-01,JP,35-44,0.194
2024-07-01,JP,45-54,0.112
2024-07-01,JP,55-64,0.036
2024-07-01,JP,65+,0.013
2024-07-01,KE,18-24,0.335
2024-07-01,KE,25-34,0.446
2024-07-01,KE,35-44,0.148
2024-07-01,KE,45-54,0.049
2024-07-01,KE,55-64,0.003
2024-07-01,KE,65+,0.020
2024-07-01,KH,18-24,0.298
2024-07-01,KH,25-34,0.455
2024-07-01,KH,35-44,0.177
2024-07-01,KH,45-54,0.070
2024-07-01,KH,55-64,0.000
2024-07-01,KH,65+,0.000
2024-07-01,KR,18-24,0.166
2024-07-01,KR,25-34,0.423
2024-07-01,KR,35-44,0.244
2024-07-01,KR,45-54,0.119
2024-07-01,KR,55-64,0.038
2024-07-01,KR,65+,0.011
2024-07-01,KZ,18-24,0.328
2024-07-01,KZ,25-34,0.470
2024-07-01,KZ,35-44,0.175
2024-07-01,KZ,45-54,0.023
2024-07-01,KZ,55-64,0.005
2024-07-01,KZ,65+,0.000
2024-07-01,LB,18-24,0.370
2024-07-01,LB,25-34,0.428
2024-07-01,LB,35-44,0.145
2024-07-01,LB,45-54,0.034
2024-07-01,LB,55-64,0.020
2024-07-01,LB,65+,0.003
2024-07-01,LK,18-24,0.368
2024-07-01,LK,25-34,0.500
2024-07-01,LK,35-44,0.087
2024-07-01,LK,45-54,0.037
2024-07-01,LK,55-64,0.007
2024-07-01,LK,65+,0.001
2024-07-01,LT,18-24,0.126
2024-07-01,LT,25-34,0.423
2024-07-01,LT,35-44,0.260
2024-07-01,LT,45-54,0.149
2024-07-01,LT,55-64,0.042
2024-07-01,LT,65+,0.000
2024-07-01,MA,18-24,0.334
2024-07-01,MA,25-34,0.491
2024-07-01,MA,35-44,0.122
2024-07-01,MA,45-54,0.024
2024-07-01,MA,55-64,0.011
2024-07-01,MA,65+,0.018
2024-07-01,MM,18-24,0.509
2024-07-01,MM,25-34,0.431
2024-07-01,MM,35-44,0.060
2024-07-01,MM,45-54,0.000
2024-07-01,MM,55-64,0.000
2024-07-01,MM,65+,0.000
2024-07-01,MX,18-24,0.323
2024-07-01,MX,25-34,0.409
2024-07-01,MX,35-44,0.172
2024-07-01,MX,45-54,0.064
2024-07-01,MX,55-64,0.027
2024-07-01,MX,65+,0.005
2024-07-01,MY,18-24,0.349
2024-07-01,MY,25-34,0.392
2024-07-01,MY,35-44,0.190
2024-07-01,MY,45-54,0.054
2024-07-01,MY,55-64,0.009
2024-07-01,MY,65+,0.006
2024-07-01,NG,18-24,0.256
2024-07-01,NG,25-34,0.504
2024-07-01,NG,35-44,0.151
2024-07-01,NG,45-54,0.045
2024-07-01,NG,55-64,0.021
2024-07-01,NG,65+,0.023
2024-07-01,NL,18-24,0.184
2024-07-01,NL,25-34,0.481
2024-07-01,NL,35-44,0.201
2024-07-01,NL,45-54,0.083
2024-07-01,NL,55-64,0.039
2024-07-01,NL,65+,0.013
2024-07-01,NO,18-24,0.131
2024-07-01,NO,25-34,0.376
2024-07-01,NO,35-44,0.259
2024-07-01,NO,45-54,0.109
2024-07-01,NO,55-64,0.085
2024-07-01,NO,65+,0.040
2024-07-01,NP,18-24,0.514
2024-07-01,NP,25-34,0.391
2024-07-01,NP,35-44,0.066
2024-07-01,NP,45-54,0.029
2024-07-01,NP,55-64,0.000
2024-07-01,NP,65+,0.000
2024-07-01,NZ,18-24,0.265
2024-07-01,NZ,25-34,0.233
2024-07-01,NZ,35-44,0.319
2024-07-01,NZ,45-54,0.123
2024-07-01,NZ,55-64,0.059
2024-07-01,NZ,65+,0.001
2024-07-01,PA,18-24,0.411
2024-07-01,PA,25-34,0.423
2024-07-01,PA,35-44,0.070
2024-07-01,PA,45-54,0.096
2024-07-01,PA,55-64,0.000
2024-07-01,PA,65+,0.000
2024-07-01,PE,18-24,0.440
2024-07-01,PE,25-34,0.388
2024-07-01,PE,35-44,0.104
2024-07-01,PE,45-54,0.041
2024-07-01,PE,55-64,0.019
2024-07-01,PE,65+,0.008
2024-07-01,PH,18-24,0.333
2024-07-01,PH,25-34,0.460
2024-07-01,PH,35-44,0.131
2024-07-01,PH,45-54,0.051
2024-07-01,PH,55-64,0.014
2024-07-01,PH,65+,0.010
2024-07-01,PK,18-24,0.389
2024-07-01,PK,25-34,0.471
2024-07-01,PK,35-44,0.091
2024-07-01,PK,45-54,0.033
2024-07-01,PK,55-64,0.010
2024-07-01,PK,65+,0.005
2024-07-01,PL,18-24,0.196
2024-07-01,PL,25-34,0.467
2024-07-01,PL,35-44,0.236
2024-07-01,PL,45-54,0.077
2024-07-01,PL,55-64,0.015
2024-07-01,PL,65+,0.008
2024-07-01,PT,18-24,0.235
2024-07-01,PT,25-34,0.389
2024-07-01,PT,35-44,0.174
2024-07-01,PT,45-54,0.120
2024-07-01,PT,55-64,0.056
2024-07-01,PT,65+,0.026
2024-07-01,RO,18-24,0.234
2024-07-01,RO,25-34,0.402
2024-07-01,RO,35-44,0.225
2024-07-01,RO,45-54,0.085
2024-07-01,RO,55-64,0.022
2024-07-01,RO,65+,0.032
2024-07-01,RS,18-24,0.148
2024-07-01,RS,25-34,0.461
2024-07-01,RS,35-44,0.179
2024-07-01,RS,45-54,0.179
2024-07-01,RS,55-64,0.033
2024-07-01,RS,65+,0.000
2024-07-01,SA,18-24,0.182
2024-07-01,SA,25-34,0.474
2024-07-01,SA,35-44,0.268
2024-07-01,SA,45-54,0.060
2024-07-01,SA,55-64,0.017
2024-07-01,SA,65+,0.000
2024-07-01,SC,18-24,0.071
2024-07-01,SC,25-34,0.312
2024-07-01,SC,35-44,0.235
2024-07-01,SC,45-54,0.175
2024-07-01,SC,55-64,0.187
2024-07-01,SC,65+,0.020
2024-07-01,SE,18-24,0.104
2024-07-01,SE,25-34,0.421
2024-07-01,SE,35-44,0.277
2024-07-01,SE,45-54,0.107
2024-07-01,SE,55-64,0.067
2024-07-01,SE,65+,0.025
2024-07-01,SG,18-24,0.152
2024-07-01,SG,25-34,0.492
2024-07-01,SG,35-44,0.227
2024-07-01,SG,45-54,0.083
2024-07-01,SG,55-64,0.030
2024-07-01,SG,65+,0.016
2024-07-01,SK,18-24,0.291
2024-07-01,SK,25-34,0.388
2024-07-01,SK,35-44,0.231
2024-07-01,SK,45-54,0.078
2024-07-01,SK,55-64,0.005
2024-07-01,SK,65+,0.006
2024-07-01,SO,18-24,0.575
2024-07-01,SO,25-34,0.257
2024-07-01,SO,35-44,0.081
2024-07-01,SO,45-54,0.065
2024-07-01,SO,55-64,0.022
2024-07-01,SO,65+,0.000
2024-07-01,SV,18-24,0.411
2024-07-01,SV,25-34,0.380
2024-07-01,SV,35-44,0.101
2024-07-01,SV,45-54,0.036
2024-07-01,SV,55-64,0.053
2024-07-01,SV,65+,0.019
2024-07-01,TH,18-24,0.282
2024-07-01,TH,25-34,0.370
2024-07-01,TH,35-44,0.206
2024-07-01,TH,45-54,0.098
2024-07-01,TH,55-64,0.035
2024-07-01,TH,65+,0.010
2024-07-01,TN,18-24,0.276
2024-07-01,TN,25-34,0.484
2024-07-01,TN,35-44,0.183
2024-07-01,TN,45-54,0.006
2024-07-01,TN,55-64,0.031
2024-07-01,TN,65+,0.020
2024-07-01,TR,18-24,0.229
2024-07-01,TR,25-34,0.498
2024-07-01,TR,35-44,0.186
2024-07-01,TR,45-54,0.056
2024-07-01,TR,55-64,0.017
2024-07-01,TR,65+,0.013
2024-07-01,TW,18-24,0.148
2024-07-01,TW,25-34,0.467
2024-07-01,TW,35-44,0.259
2024-07-01,TW,45-54,0.089
2024-07-01,TW,55-64,0.030
2024-07-01,TW,65+,0.006
2024-07-01,UA,18-24,0.267
2024-07-01,UA,25-34,0.473
2024-07-01,UA,35-44,0.172
2024-07-01,UA,45-54,0.064
2024-07-01,UA,55-64,0.014
2024-07-01,UA,65+,0.010
2024-07-01,US,18-24,0.212
2024-07-01,US,25-34,0.394
2024-07-01,US,35-44,0.232
2024-07-01,US,45-54,0.103
2024-07-01,US,55-64,0.041
2024-07-01,US,65+,0.019
2024-07-01,UY,18-24,0.351
2024-07-01,UY,25-34,0.338
2024-07-01,UY,35-44,0.252
2024-07-01,UY,45-54,0.059
2024-07-01,UY,55-64,0.000
2024-07-01,UY,65+,0.000
2024-07-01,UZ,18-24,0.413
2024-07-01,UZ,25-34,0.422
2024-07-01,UZ,35-44,0.107
2024-07-01,UZ,45-54,0.034
2024-07-01,UZ,55-64,0.008
2024-07-01,UZ,65+,0.016
2024-07-01,VN,18-24,0.514
2024-07-01,VN,25-34,0.374
2024-07-01,VN,35-44,0.084
2024-07-01,VN,45-54,0.018
2024-07-01,VN,55-64,0.002
2024-07-01,VN,65+,0.007
2024-07-01,ZA,18-24,0.252
2024-07-01,ZA,25-34,0.410
2024-07-01,ZA,35-44,0.245
2024-07-01,ZA,45-54,0.062
2024-07-01,ZA,55-64,0.017
2024-07-01,ZA,65+,0.014
2024-08-01,AE,18-24,0.119
2024-08-01,AE,25-34,0.443
2024-08-01,AE,35-44,0.317
2024-08-01,AE,45-54,0.107
2024-08-01,AE,55-64,0.014
2024-08-01,AE,65+,0.000
2024-08-01,AR,18-24,0.281
2024-08-01,AR,25-34,0.377
2024-08-01,AR,35-44,0.183
2024-08-01,AR,45-54,0.109
2024-08-01,AR,55-64,0.033
2024-08-01,AR,65+,0.016
2024-08-01,AT,18-24,0.160
2024-08-01,AT,25-34,0.428
2024-08-01,AT,35-44,0.302
2024-08-01,AT,45-54,0.081
2024-08-01,AT,55-64,0.026
2024-08-01,AT,65+,0.003
2024-08-01,AU,18-24,0.273
2024-08-01,AU,25-34,0.409
2024-08-01,AU,35-44,0.174
2024-08-01,AU,45-54,0.108
2024-08-01,AU,55-64,0.029
2024-08-01,AU,65+,0.006
2024-08-01,AZ,18-24,0.352
2024-08-01,AZ,25-34,0.407
2024-08-01,AZ,35-44,0.207
2024-08-01,AZ,45-54,0.029
2024-08-01,AZ,55-64,0.005
2024-08-01,AZ,65+,0.000
2024-08-01,BD,18-24,0.561
2024-08-01,BD,25-34,0.317
2024-08-01,BD,35-44,0.061
2024-08-01,BD,45-54,0.017
2024-08-01,BD,55-64,0.023
2024-08-01,BD,65+,0.020
2024-08-01,BE,18-24,0.250
2024-08-01,BE,25-34,0.404
2024-08-01,BE,35-44,0.178
2024-08-01,BE,45-54,0.126
2024-08-01,BE,55-64,0.021
2024-08-01,BE,65+,0.020
2024-08-01,BG,18-24,0.229
2024-08-01,BG,25-34,0.393
2024-08-01,BG,35-44,0.215
2024-08-01,BG,45-54,0.123
2024-08-01,BG,55-64,0.005
2024-08-01,BG,65+,0.035
2024-08-01,BO,18-24,0.487
2024-08-01,BO,25-34,0.312
2024-08-01,BO,35-44,0.127
2024-08-01,BO,45-54,0.058
2024-08-01,BO,55-64,0.007
2024-08-01,BO,65+,0.010
2024-08-01,BR,18-24,0.266
2024-08-01,BR,25-34,0.398
2024-08-01,BR,35-44,0.209
2024-08-01,BR,45-54,0.088
2024-08-01,BR,55-64,0.028
2024-08-01,BR,65+,0.011
2024-08-01,CA,18-24,0.194
2024-08-01,CA,25-34,0.403
2024-08-01,CA,35-44,0.232
2024-08-01,CA,45-54,0.112
2024-08-01,CA,55-64,0.041
2024-08-01,CA,65+,0.018
2024-08-01,CH,18-24,0.186
2024-08-01,CH,25-34,0.404
2024-08-01,CH,35-44,0.228
2024-08-01,CH,45-54,0.115
2024-08-01,CH,55-64,0.052
2024-08-01,CH,65+,0.015
2024-08-01,CL,18-24,0.233
2024-08-01,CL,25-34,0.408
2024-08-01,CL,35-44,0.228
2024-08-01,CL,45-54,0.078
2024-08-01,CL,55-64,0.035
2024-08-01,CL,65+,0.020
2024-08-01,CO,18-24,0.312
2024-08-01,CO,25-34,0.402
2024-08-01,CO,35-44,0.171
2024-08-01,CO,45-54,0.071
2024-08-01,CO,55-64,0.026
2024-08-01,CO,65+,0.019
2024-08-01,CR,18-24,0.219
2024-08-01,CR,25-34,0.357
2024-08-01,CR,35-44,0.225
2024-08-01,CR,45-54,0.140
2024-08-01,CR,55-64,0.025
2024-08-01,CR,65+,0.035
2024-08-01,CZ,18-24,0.211
2024-08-01,CZ,25-34,0.404
2024-08-01,CZ,35-44,0.224
2024-08-01,CZ,45-54,0.098
2024-08-01,CZ,55-64,0.048
2024-08-01,CZ,65+,0.015
2024-08-01,DE,18-24,0.199
2024-08-01,DE,25-34,0.464
2024-08-01,DE,35-44,0.208
2024-08-01,DE,45-54,0.081
2024-08-01,DE,55-64,0.030
2024-08-01,DE,65+,0.018
2024-08-01,DK,18-24,0.251
2024-08-01,DK,25-34,0.431
2024-08-01,DK,35-44,0.166
2024-08-01,DK,45-54,0.083
2024-08-01,DK,55-64,0.036
2024-08-01,DK,65+,0.033
2024-08-01,DO,18-24,0.298
2024-08-01,DO,25-34,0.419
2024-08-01,DO,35-44,0.164
2024-08-01,DO,45-54,0.054
2024-08-01,DO,55-64,0.033
2024-08-01,DO,65+,0.033
2024-08-01,DZ,18-24,0.298
2024-08-01,DZ,25-34,0.435
2024-08-01,DZ,35-44,0.165
2024-08-01,DZ,45-54,0.054
2024-08-01,DZ,55-64,0.021
2024-08-01,DZ,65+,0.027
2024-08-01,EC,18-24,0.369
2024-08-01,EC,25-34,0.401
2024-08-01,EC,35-44,0.149
2024-08-01,EC,45-54,0.056
2024-08-01,EC,55-64,0.021
2024-08-01,EC,65+,0.004
2024-08-01,EG,18-24,0.346
2024-08-01,EG,25-34,0.441
2024-08-01,EG,35-44,0.156
2024-08-01,EG,45-54,0.036
2024-08-01,EG,55-64,0.011
2024-08-01,EG,65+,0.010
2024-08-01,ES,18-24,0.169
2024-08-01,ES,25-34,0.392
2024-08-01,ES,35-44,0.228
2024-08-01,ES,45-54,0.151
2024-08-01,ES,55-64,0.042
2024-08-01,ES,65+,0.019
2024-08-01,ET,18-24,0.183
2024-08-01,ET,25-34,0.459
2024-08-01,ET,35-44,0.248
2024-08-01,ET,45-54,0.078
2024-08-01,ET,55-64,0.013
2024-08-01,ET,65+,0.019
2024-08-01,FI,18-24,0.209
2024-08-01,FI,25-34,0.486
2024-08-01,FI,35-44,0.168
2024-08-01,FI,45-54,0.121
2024-08-01,FI,55-64,0.014
2024-08-01,FI,65+,0.001
2024-08-01,FR,18-24,0.219
2024-08-01,FR,25-34,0.456
2024-08-01,FR,35-44,0.188
2024-08-01,FR,45-54,0.092
2024-08-01,FR,55-64,0.032
2024-08-01,FR,65+,0.013
2024-08-01,GB,18-24,0.175
2024-08-01,GB,25-34,0.434
2024-08-01,GB,35-44,0.225
2024-08-01,GB,45-54,0.113
2024-08-01,GB,55-64,0.038
2024-08-01,GB,65+,0.015
2024-08-01,GE,18-24,0.232
2024-08-01,GE,25-34,0.411
2024-08-01,GE,35-44,0.183
2024-08-01,GE,45-54,0.000
2024-08-01,GE,55-64,0.067
2024-08-01,GE,65+,0.106
2024-08-01,GH,18-24,0.344
2024-08-01,GH,25-34,0.408
2024-08-01,GH,35-44,0.195
2024-08-01,GH,45-54,0.053
2024-08-01,GH,55-64,0.000
2024-08-01,GH,65+,0.000
2024-08-01,GR,18-24,0.191
2024-08-01,GR,25-34,0.421
2024-08-01,GR,35-44,0.218
2024-08-01,GR,45-54,0.105
2024-08-01,GR,55-64,0.052
2024-08-01,GR,65+,0.013
2024-08-01,GT,18-24,0.471
2024-08-01,GT,25-34,0.392
2024-08-01,GT,35-44,0.072
2024-08-01,GT,45-54,0.042
2024-08-01,GT,55-64,0.023
2024-08-01,GT,65+,0.000
2024-08-01,HN,18-24,0.377
2024-08-01,HN,25-34,0.296
2024-08-01,HN,35-44,0.151
2024-08-01,HN,45-54,0.032
2024-08-01,HN,55-64,0.060
2024-08-01,HN,65+,0.083
2024-08-01,HR,18-24,0.216
2024-08-01,HR,25-34,0.391
2024-08-01,HR,35-44,0.253
2024-08-01,HR,45-54,0.139
2024-08-01,HR,55-64,0.000
2024-08-01,HR,65+,0.000
2024-08-01,HU,18-24,0.176
2024-08-01,HU,25-34,0.422
2024-08-01,HU,35-44,0.220
2024-08-01,HU,45-54,0.126
2024-08-01,HU,55-64,0.056
2024-08-01,HU,65+,0.000
2024-08-01,ID,18-24,0.466
2024-08-01,ID,25-34,0.385
2024-08-01,ID,35-44,0.089
2024-08-01,ID,45-54,0.040
2024-08-01,ID,55-64,0.011
2024-08-01,ID,65+,0.009
2024-08-01,IE,18-24,0.133
2024-08-01,IE,25-34,0.399
2024-08-01,IE,35-44,0.295
2024-08-01,IE,45-54,0.093
2024-08-01,IE,55-64,0.058
2024-08-01,IE,65+,0.023
2024-08-01,IL,18-24,0.207
2024-08-01,IL,25-34,0.438
2024-08-01,IL,35-44,0.209
2024-08-01,IL,45-54,0.113
2024-08-01,IL,55-64,0.024
2024-08-01,IL,65+,0.009
2024-08-01,IN,18-24,0.399
2024-08-01,IN,25-34,0.428
2024-08-01,IN,35-44,0.120
2024-08-01,IN,45-54,0.038
2024-08-01,IN,55-64,0.010
2024-08-01,IN,65+,0.005
2024-08-01,IQ,18-24,0.276
2024-08-01,IQ,25-34,0.472
2024-08-01,IQ,35-44,0.168
2024-08-01,IQ,45-54,0.085
2024-08-01,IQ,55-64,0.000
2024-08-01,IQ,65+,0.000
2024-08-01,IT,18-24,0.222
2024-08-01,IT,25-34,0.391
2024-08-01,IT,35-44,0.177
2024-08-01,IT,45-54,0.114
2024-08-01,IT,55-64,0.071
2024-08-01,IT,65+,0.025
2024-08-01,JO,18-24,0.413
2024-08-01,JO,25-34,0.336
2024-08-01,JO,35-44,0.172
2024-08-01,JO,45-54,0.046
2024-08-01,JO,55-64,0.032
2024-08-01,JO,65+,0.000
2024-08-01,JP,18-24,0.221
2024-08-01,JP,25-34,0.386
2024-08-01,JP,35-44,0.206
2024-08-01,JP,45-54,0.128
2024-08-01,JP,55-64,0.049
2024-08-01,JP,65+,0.011
2024-08-01,KE,18-24,0.296
2024-08-01,KE,25-34,0.452
2024-08-01,KE,35-44,0.183
2024-08-01,KE,45-54,0.051
2024-08-01,KE,55-64,0.007
2024-08-01,KE,65+,0.012
2024-08-01,KH,18-24,0.312
2024-08-01,KH,25-34,0.421
2024-08-01,KH,35-44,0.248
2024-08-01,KH,45-54,0.000
2024-08-01,KH,55-64,0.018
2024-08-01,KH,65+,0.000
2024-08-01,KR,18-24,0.147
2024-08-01,KR,25-34,0.450
2024-08-01,KR,35-44,0.220
2024-08-01,KR,45-54,0.129
2024-08-01,KR,55-64,0.045
2024-08-01,KR,65+,0.009
2024-08-01,KZ,18-24,0.338
2024-08-01,KZ,25-34,0.405
2024-08-01,KZ,35-44,0.144
2024-08-01,KZ,45-54,0.085
2024-08-01,KZ,55-64,0.023
2024-08-01,KZ,65+,0.004
2024-08-01,LB,18-24,0.299
2024-08-01,LB,25-34,0.447
2024-08-01,LB,35-44,0.174
2024-08-01,LB,45-54,0.022
2024-08-01,LB,55-64,0.028
2024-08-01,LB,65+,0.030
2024-08-01,LK,18-24,0.357
2024-08-01,LK,25-34,0.466
2024-08-01,LK,35-44,0.099
2024-08-01,LK,45-54,0.057
2024-08-01,LK,55-64,0.007
2024-08-01,LK,65+,0.013
2024-08-01,LT,18-24,0.234
2024-08-01,LT,25-34,0.421
2024-08-01,LT,35-44,0.207
2024-08-01,LT,45-54,0.077
2024-08-01,LT,55-64,0.060
2024-08-01,LT,65+,0.000
2024-08-01,LV,18-24,0.210
2024-08-01,LV,25-34,0.359
2024-08-01,LV,35-44,0.306
2024-08-01,LV,45-54,0.049
2024-08-01,LV,55-64,0.033
2024-08-01,LV,65+,0.043
2024-08-01,MA,18-24,0.320
2024-08-01,MA,25-34,0.466
2024-08-01,MA,35-44,0.135
2024-08-01,MA,45-54,0.049
2024-08-01,MA,55-64,0.015
2024-08-01,MA,65+,0.016
2024-08-01,MM,18-24,0.416
2024-08-01,MM,25-34,0.364
2024-08-01,MM,35-44,0.131
2024-08-01,MM,45-54,0.050
2024-08-01,MM,55-64,0.015
2024-08-01,MM,65+,0.025
2024-08-01,MX,18-24,0.398
2024-08-01,MX,25-34,0.363
2024-08-01,MX,35-44,0.153
2024-08-01,MX,45-54,0.057
2024-08-01,MX,55-64,0.018
2024-08-01,MX,65+,0.011
2024-08-01,MY,18-24,0.366
2024-08-01,MY,25-34,0.361
2024-08-01,MY,35-44,0.190
2024-08-01,MY,45-54,0.059
2024-08-01,MY,55-64,0.015
2024-08-01,MY,65+,0.009
2024-08-01,NG,18-24,0.290
2024-08-01,NG,25-34,0.474
2024-08-01,NG,35-44,0.147
2024-08-01,NG,45-54,0.050
2024-08-01,NG,55-64,0.025
2024-08-01,NG,65+,0.013
2024-08-01,NI,18-24,0.443
2024-08-01,NI,25-34,0.341
2024-08-01,NI,35-44,0.105
2024-08-01,NI,45-54,0.059
2024-08-01,NI,55-64,0.035
2024-08-01,NI,65+,0.016
2024-08-01,NL,18-24,0.175
2024-08-01,NL,25-34,0.461
2024-08-01,NL,35-44,0.241
2024-08-01,NL,45-54,0.072
2024-08-01,NL,55-64,0.044
2024-08-01,NL,65+,0.008
2024-08-01,NO,18-24,0.130
2024-08-01,NO,25-34,0.397
2024-08-01,NO,35-44,0.287
2024-08-01,NO,45-54,0.097
2024-08-01,NO,55-64,0.064
2024-08-01,NO,65+,0.024
2024-08-01,NP,18-24,0.422
2024-08-01,NP,25-34,0.392
2024-08-01,NP,35-44,0.083
2024-08-01,NP,45-54,0.040
2024-08-01,NP,55-64,0.011
2024-08-01,NP,65+,0.052
2024-08-01,NZ,18-24,0.282
2024-08-01,NZ,25-34,0.385
2024-08-01,NZ,35-44,0.188
2024-08-01,NZ,45-54,0.102
2024-08-01,NZ,55-64,0.030
2024-08-01,NZ,65+,0.014
2024-08-01,PA,18-24,0.342
2024-08-01,PA,25-34,0.403
2024-08-01,PA,35-44,0.141
2024-08-01,PA,45-54,0.097
2024-08-01,PA,55-64,0.006
2024-08-01,PA,65+,0.011
2024-08-01,PE,18-24,0.419
2024-08-01,PE,25-34,0.366
2024-08-01,PE,35-44,0.135
2024-08-01,PE,45-54,0.052
2024-08-01,PE,55-64,0.028
2024-08-01,PE,65+,0.000
2024-08-01,PH,18-24,0.439
2024-08-01,PH,25-34,0.392
2024-08-01,PH,35-44,0.108
2024-08-01,PH,45-54,0.038
2024-08-01,PH,55-64,0.011
2024-08-01,PH,65+,0.012
2024-08-01,PK,18-24,0.371
2024-08-01,PK,25-34,0.469
2024-08-01,PK,35-44,0.113
2024-08-01,PK,45-54,0.035
2024-08-01,PK,55-64,0.006
2024-08-01,PK,65+,0.005
2024-08-01,PL,18-24,0.171
2024-08-01,PL,25-34,0.469
2024-08-01,PL,35-44,0.249
2024-08-01,PL,45-54,0.080
2024-08-01,PL,55-64,0.020
2024-08-01,PL,65+,0.010
2024-08-01,PT,18-24,0.164
2024-08-01,PT,25-34,0.412
2024-08-01,PT,35-44,0.255
2024-08-01,PT,45-54,0.123
2024-08-01,PT,55-64,0.041
2024-08-01,PT,65+,0.005
2024-08-01,PY,18-24,0.264
2024-08-01,PY,25-34,0.422
2024-08-01,PY,35-44,0.167
2024-08-01,PY,45-54,0.109
2024-08-01,PY,55-64,0.038
2024-08-01,PY,65+,0.000
2024-08-01,RO,18-24,0.243
2024-08-01,RO,25-34,0.460
2024-08-01,RO,35-44,0.198
2024-08-01,RO,45-54,0.070
2024-08-01,RO,55-64,0.024
2024-08-01,RO,65+,0.005
2024-08-01,RS,18-24,0.194
2024-08-01,RS,25-34,0.497
2024-08-01,RS,35-44,0.239
2024-08-01,RS,45-54,0.045
2024-08-01,RS,55-64,0.009
2024-08-01,RS,65+,0.016
2024-08-01,SA,18-24,0.202
2024-08-01,SA,25-34,0.454
2024-08-01,SA,35-44,0.239
2024-08-01,SA,45-54,0.090
2024-08-01,SA,55-64,0.015
2024-08-01,SA,65+,0.000
2024-08-01,SC,18-24,0.109
2024-08-01,SC,25-34,0.326
2024-08-01,SC,35-44,0.230
2024-08-01,SC,45-54,0.168
2024-08-01,SC,55-64,0.128
2024-08-01,SC,65+,0.040
2024-08-01,SE,18-24,0.190
2024-08-01,SE,25-34,0.380
2024-08-01,SE,35-44,0.247
2024-08-01,SE,45-54,0.135
2024-08-01,SE,55-64,0.035
2024-08-01,SE,65+,0.013
2024-08-01,SG,18-24,0.155
2024-08-01,SG,25-34,0.465
2024-08-01,SG,35-44,0.238
2024-08-01,SG,45-54,0.106
2024-08-01,SG,55-64,0.026
2024-08-01,SG,65+,0.011
2024-08-01,SK,18-24,0.237
2024-08-01,SK,25-34,0.433
2024-08-01,SK,35-44,0.208
2024-08-01,SK,45-54,0.089
2024-08-01,SK,55-64,0.014
2024-08-01,SK,65+,0.019
2024-08-01,SV,18-24,0.496
2024-08-01,SV,25-34,0.417
2024-08-01,SV,35-44,0.048
2024-08-01,SV,45-54,0.034
2024-08-01,SV,55-64,0.000
2024-08-01,SV,65+,0.005
2024-08-01,TH,18-24,0.394
2024-08-01,TH,25-34,0.331
2024-08-01,TH,35-44,0.164
2024-08-01,TH,45-54,0.071
2024-08-01,TH,55-64,0.020
2024-08-01,TH,65+,0.020
2024-08-01,TN,18-24,0.279
2024-08-01,TN,25-34,0.467
2024-08-01,TN,35-44,0.157
2024-08-01,TN,45-54,0.038
2024-08-01,TN,55-64,0.050
2024-08-01,TN,65+,0.008
2024-08-01,TR,18-24,0.245
2024-08-01,TR,25-34,0.481
2024-08-01,TR,35-44,0.176
2024-08-01,TR,45-54,0.069
2024-08-01,TR,55-64,0.019
2024-08-01,TR,65+,0.009
2024-08-01,TW,18-24,0.132
2024-08-01,TW,25-34,0.462
2024-08-01,TW,35-44,0.249
2024-08-01,TW,45-54,0.116
2024-08-01,TW,55-64,0.029
2024-08-01,TW,65+,0.011
2024-08-01,UA,18-24,0.258
2024-08-01,UA,25-34,0.452
2024-08-01,UA,35-44,0.193
2024-08-01,UA,45-54,0.055
2024-08-01,UA,55-64,0.023
2024-08-01,UA,65+,0.020
2024-08-01,US,18-24,0.185
2024-08-01,US,25-34,0.399
2024-08-01,US,35-44,0.248
2024-08-01,US,45-54,0.106
2024-08-01,US,55-64,0.042
2024-08-01,US,65+,0.021
2024-08-01,UY,18-24,0.320
2024-08-01,UY,25-34,0.411
2024-08-01,UY,35-44,0.145
2024-08-01,UY,45-54,0.076
2024-08-01,UY,55-64,0.048
2024-08-01,UY,65+,0.000
2024-08-01,UZ,18-24,0.427
2024-08-01,UZ,25-34,0.403
2024-08-01,UZ,35-44,0.135
2024-08-01,UZ,45-54,0.011
2024-08-01,UZ,55-64,0.008
2024-08-01,UZ,65+,0.016
2024-08-01,VN,18-24,0.474
2024-08-01,VN,25-34,0.382
2024-08-01,VN,35-44,0.113
2024-08-01,VN,45-54,0.024
2024-08-01,VN,55-64,0.004
2024-08-01,VN,65+,0.004
2024-08-01,ZA,18-24,0.373
2024-08-01,ZA,25-34,0.341
2024-08-01,ZA,35-44,0.168
2024-08-01,ZA,45-54,0.076
2024-08-01,ZA,55-64,0.029
2024-08-01,ZA,65+,0.013
2024-09-01,AE,18-24,0.180
2024-09-01,AE,25-34,0.432
2024-09-01,AE,35-44,0.277
2024-09-01,AE,45-54,0.095
2024-09-01,AE,55-64,0.006
2024-09-01,AE,65+,0.011
2024-09-01,AR,18-24,0.311
2024-09-01,AR,25-34,0.368
2024-09-01,AR,35-44,0.179
2024-09-01,AR,45-54,0.103
2024-09-01,AR,55-64,0.028
2024-09-01,AR,65+,0.010
2024-09-01,AT,18-24,0.205
2024-09-01,AT,25-34,0.406
2024-09-01,AT,35-44,0.245
2024-09-01,AT,45-54,0.094
2024-09-01,AT,55-64,0.019
2024-09-01,AT,65+,0.032
2024-09-01,AU,18-24,0.276
2024-09-01,AU,25-34,0.374
2024-09-01,AU,35-44,0.200
2024-09-01,AU,45-54,0.098
2024-09-01,AU,55-64,0.038
2024-09-01,AU,65+,0.014
2024-09-01,AZ,18-24,0.358
2024-09-01,AZ,25-34,0.438
2024-09-01,AZ,35-44,0.084
2024-09-01,AZ,45-54,0.051
2024-09-01,AZ,55-64,0.047
2024-09-01,AZ,65+,0.022
2024-09-01,BD,18-24,0.502
2024-09-01,BD,25-34,0.380
2024-09-01,BD,35-44,0.069
2024-09-01,BD,45-54,0.024
2024-09-01,BD,55-64,0.014
2024-09-01,BD,65+,0.011
2024-09-01,BE,18-24,0.211
2024-09-01,BE,25-34,0.442
2024-09-01,BE,35-44,0.178
2024-09-01,BE,45-54,0.106
2024-09-01,BE,55-64,0.049
2024-09-01,BE,65+,0.013
2024-09-01,BG,18-24,0.272
2024-09-01,BG,25-34,0.354
2024-09-01,BG,35-44,0.217
2024-09-01,BG,45-54,0.104
2024-09-01,BG,55-64,0.036
2024-09-01,BG,65+,0.017
2024-09-01,BO,18-24,0.456
2024-09-01,BO,25-34,0.342
2024-09-01,BO,35-44,0.113
2024-09-01,BO,45-54,0.048
2024-09-01,BO,55-64,0.018
2024-09-01,BO,65+,0.023
2024-09-01,BR,18-24,0.300
2024-09-01,BR,25-34,0.384
2024-09-01,BR,35-44,0.193
2024-09-01,BR,45-54,0.084
2024-09-01,BR,55-64,0.027
2024-09-01,BR,65+,0.012
2024-09-01,CA,18-24,0.263
2024-09-01,CA,25-34,0.378
2024-09-01,CA,35-44,0.210
2024-09-01,CA,45-54,0.091
2024-09-01,CA,55-64,0.043
2024-09-01,CA,65+,0.016
2024-09-01,CH,18-24,0.229
2024-09-01,CH,25-34,0.382
2024-09-01,CH,35-44,0.192
2024-09-01,CH,45-54,0.121
2024-09-01,CH,55-64,0.067
2024-09-01,CH,65+,0.009
2024-09-01,CI,18-24,0.296
2024-09-01,CI,25-34,0.432
2024-09-01,CI,35-44,0.143
2024-09-01,CI,45-54,0.052
2024-09-01,CI,55-64,0.008
2024-09-01,CI,65+,0.069
2024-09-01,CL,18-24,0.263
2024-09-01,CL,25-34,0.367
2024-09-01,CL,35-44,0.230
2024-09-01,CL,45-54,0.095
2024-09-01,CL,55-64,0.032
2024-09-01,CL,65+,0.012
2024-09-01,CO,18-24,0.367
2024-09-01,CO,25-34,0.401
2024-09-01,CO,35-44,0.142
2024-09-01,CO,45-54,0.059
2024-09-01,CO,55-64,0.018
2024-09-01,CO,65+,0.014
2024-09-01,CR,18-24,0.215
2024-09-01,CR,25-34,0.395
2024-09-01,CR,35-44,0.222
2024-09-01,CR,45-54,0.108
2024-09-01,CR,55-64,0.022
2024-09-01,CR,65+,0.037
2024-09-01,CZ,18-24,0.177
2024-09-01,CZ,25-34,0.387
2024-09-01,CZ,35-44,0.223
2024-09-01,CZ,45-54,0.173
2024-09-01,CZ,55-64,0.017
2024-09-01,CZ,65+,0.024
2024-09-01,DE,18-24,0.215
2024-09-01,DE,25-34,0.426
2024-09-01,DE,35-44,0.213
2024-09-01,DE,45-54,0.092
2024-09-01,DE,55-64,0.037
2024-09-01,DE,65+,0.017
2024-09-01,DK,18-24,0.278
2024-09-01,DK,25-34,0.412
2024-09-01,DK,35-44,0.185
2024-09-01,DK,45-54,0.098
2024-09-01,DK,55-64,0.016
2024-09-01,DK,65+,0.009
2024-09-01,DO,18-24,0.321
2024-09-01,DO,25-34,0.419
2024-09-01,DO,35-44,0.154
2024-09-01,DO,45-54,0.058
2024-09-01,DO,55-64,0.030
2024-09-01,DO,65+,0.018
2024-09-01,DZ,18-24,0.301
2024-09-01,DZ,25-34,0.415
2024-09-01,DZ,35-44,0.179
2024-09-01,DZ,45-54,0.074
2024-09-01,DZ,55-64,0.023
2024-09-01,DZ,65+,0.008
2024-09-01,EC,18-24,0.366
2024-09-01,EC,25-34,0.395
2024-09-01,EC,35-44,0.149
2024-09-01,EC,45-54,0.066
2024-09-01,EC,55-64,0.023
2024-09-01,EC,65+,0.001
2024-09-01,EG,18-24,0.373
2024-09-01,EG,25-34,0.418
2024-09-01,EG,35-44,0.143
2024-09-01,EG,45-54,0.044
2024-09-01,EG,55-64,0.012
2024-09-01,EG,65+,0.010
2024-09-01,ES,18-24,0.218
2024-09-01,ES,25-34,0.359
2024-09-01,ES,35-44,0.212
2024-09-01,ES,45-54,0.145
2024-09-01,ES,55-64,0.046
2024-09-01,ES,65+,0.021
2024-09-01,ET,18-24,0.266
2024-09-01,ET,25-34,0.459
2024-09-01,ET,35-44,0.193
2024-09-01,ET,45-54,0.065
2024-09-01,ET,55-64,0.000
2024-09-01,ET,65+,0.016
2024-09-01,FI,18-24,0.272
2024-09-01,FI,25-34,0.394
2024-09-01,FI,35-44,0.190
2024-09-01,FI,45-54,0.092
2024-09-01,FI,55-64,0.050
2024-09-01,FI,65+,0.003
2024-09-01,FR,18-24,0.262
2024-09-01,FR,25-34,0.415
2024-09-01,FR,35-44,0.186
2024-09-01,FR,45-54,0.086
2024-09-01,FR,55-64,0.038
2024-09-01,FR,65+,0.014
2024-09-01,GB,18-24,0.179
2024-09-01,GB,25-34,0.388
2024-09-01,GB,35-44,0.243
2024-09-01,GB,45-54,0.132
2024-09-01,GB,55-64,0.044
2024-09-01,GB,65+,0.014
2024-09-01,GE,18-24,0.366
2024-09-01,GE,25-34,0.400
2024-09-01,GE,35-44,0.071
2024-09-01,GE,45-54,0.058
2024-09-01,GE,55-64,0.054
2024-09-01,GE,65+,0.051
2024-09-01,GH,18-24,0.304
2024-09-01,GH,25-34,0.419
2024-09-01,GH,35-44,0.214
2024-09-01,GH,45-54,0.032
2024-09-01,GH,55-64,0.030
2024-09-01,GH,65+,0.000
2024-09-01,GR,18-24,0.195
2024-09-01,GR,25-34,0.414
2024-09-01,GR,35-44,0.222
2024-09-01,GR,45-54,0.111
2024-09-01,GR,55-64,0.044
2024-09-01,GR,65+,0.015
2024-09-01,GT,18-24,0.444
2024-09-01,GT,25-34,0.390
2024-09-01,GT,35-44,0.130
2024-09-01,GT,45-54,0.030
2024-09-01,GT,55-64,0.006
2024-09-01,GT,65+,0.000
2024-09-01,HN,18-24,0.369
2024-09-01,HN,25-34,0.409
2024-09-01,HN,35-44,0.120
2024-09-01,HN,45-54,0.040
2024-09-01,HN,55-64,0.017
2024-09-01,HN,65+,0.045
2024-09-01,HR,18-24,0.165
2024-09-01,HR,25-34,0.433
2024-09-01,HR,35-44,0.187
2024-09-01,HR,45-54,0.108
2024-09-01,HR,55-64,0.074
2024-09-01,HR,65+,0.032
2024-09-01,HU,18-24,0.202
2024-09-01,HU,25-34,0.413
2024-09-01,HU,35-44,0.177
2024-09-01,HU,45-54,0.110
2024-09-01,HU,55-64,0.039
2024-09-01,HU,65+,0.058
2024-09-01,ID,18-24,0.549
2024-09-01,ID,25-34,0.324
2024-09-01,ID,35-44,0.069
2024-09-01,ID,45-54,0.035
2024-09-01,ID,55-64,0.012
2024-09-01,ID,65+,0.011
2024-09-01,IE,18-24,0.202
2024-09-01,IE,25-34,0.467
2024-09-01,IE,35-44,0.221
2024-09-01,IE,45-54,0.075
2024-09-01,IE,55-64,0.027
2024-09-01,IE,65+,0.007
2024-09-01,IL,18-24,0.138
2024-09-01,IL,25-34,0.448
2024-09-01,IL,35-44,0.233
2024-09-01,IL,45-54,0.121
2024-09-01,IL,55-64,0.042
2024-09-01,IL,65+,0.018
2024-09-01,IN,18-24,0.423
2024-09-01,IN,25-34,0.394
2024-09-01,IN,35-44,0.127
2024-09-01,IN,45-54,0.038
2024-09-01,IN,55-64,0.009
2024-09-01,IN,65+,0.009
2024-09-01,IQ,18-24,0.336
2024-09-01,IQ,25-34,0.353
2024-09-01,IQ,35-44,0.164
2024-09-01,IQ,45-54,0.077
2024-09-01,IQ,55-64,0.014
2024-09-01,IQ,65+,0.057
2024-09-01,IT,18-24,0.234
2024-09-01,IT,25-34,0.388
2024-09-01,IT,35-44,0.176
2024-09-01,IT,45-54,0.124
2024-09-01,IT,55-64,0.051
2024-09-01,IT,65+,0.027
2024-09-01,JO,18-24,0.370
2024-09-01,JO,25-34,0.386
2024-09-01,JO,35-44,0.188
2024-09-01,JO,45-54,0.041
2024-09-01,JO,55-64,0.008
2024-09-01,JO,65+,0.006
2024-09-01,JP,18-24,0.207
2024-09-01,JP,25-34,0.403
2024-09-01,JP,35-44,0.196
2024-09-01,JP,45-54,0.133
2024-09-01,JP,55-64,0.047
2024-09-01,JP,65+,0.014
2024-09-01,KE,18-24,0.300
2024-09-01,KE,25-34,0.503
2024-09-01,KE,35-44,0.151
2024-09-01,KE,45-54,0.038
2024-09-01,KE,55-64,0.000
2024-09-01,KE,65+,0.008
2024-09-01,KH,18-24,0.287
2024-09-01,KH,25-34,0.435
2024-09-01,KH,35-44,0.246
2024-09-01,KH,45-54,0.019
2024-09-01,KH,55-64,0.000
2024-09-01,KH,65+,0.013
2024-09-01,KR,18-24,0.187
2024-09-01,KR,25-34,0.413
2024-09-01,KR,35-44,0.218
2024-09-01,KR,45-54,0.127
2024-09-01,KR,55-64,0.045
2024-09-01,KR,65+,0.010
2024-09-01,KZ,18-24,0.537
2024-09-01,KZ,25-34,0.287
2024-09-01,KZ,35-44,0.103
2024-09-01,KZ,45-54,0.038
2024-09-01,KZ,55-64,0.015
2024-09-01,KZ,65+,0.021
2024-09-01,LB,18-24,0.348
2024-09-01,LB,25-34,0.377
2024-09-01,LB,35-44,0.221
2024-09-01,LB,45-54,0.024
2024-09-01,LB,55-64,0.002
2024-09-01,LB,65+,0.027
2024-09-01,LK,18-24,0.439
2024-09-01,LK,25-34,0.425
2024-09-01,LK,35-44,0.091
2024-09-01,LK,45-54,0.034
2024-09-01,LK,55-64,0.010
2024-09-01,LK,65+,0.000
2024-09-01,LT,18-24,0.199
2024-09-01,LT,25-34,0.512
2024-09-01,LT,35-44,0.198
2024-09-01,LT,45-54,0.067
2024-09-01,LT,55-64,0.000
2024-09-01,LT,65+,0.024
2024-09-01,LV,18-24,0.230
2024-09-01,LV,25-34,0.489
2024-09-01,LV,35-44,0.214
2024-09-01,LV,45-54,0.037
2024-09-01,LV,55-64,0.029
2024-09-01,LV,65+,0.000
2024-09-01,MA,18-24,0.372
2024-09-01,MA,25-34,0.431
2024-09-01,MA,35-44,0.127
2024-09-01,MA,45-54,0.034
2024-09-01,MA,55-64,0.013
2024-09-01,MA,65+,0.023
2024-09-01,MM,18-24,0.445
2024-09-01,MM,25-34,0.310
2024-09-01,MM,35-44,0.189
2024-09-01,MM,45-54,0.010
2024-09-01,MM,55-64,0.024
2024-09-01,MM,65+,0.023
2024-09-01,MX,18-24,0.452
2024-09-01,MX,25-34,0.358
2024-09-01,MX,35-44,0.115
2024-09-01,MX,45-54,0.049
2024-09-01,MX,55-64,0.015
2024-09-01,MX,65+,0.011
2024-09-01,MY,18-24,0.409
2024-09-01,MY,25-34,0.348
2024-09-01,MY,35-44,0.146
2024-09-01,MY,45-54,0.072
2024-09-01,MY,55-64,0.011
2024-09-01,MY,65+,0.013
2024-09-01,NG,18-24,0.320
2024-09-01,NG,25-34,0.451
2024-09-01,NG,35-44,0.143
2024-09-01,NG,45-54,0.050
2024-09-01,NG,55-64,0.027
2024-09-01,NG,65+,0.009
2024-09-01,NL,18-24,0.254
2024-09-01,NL,25-34,0.429
2024-09-01,NL,35-44,0.181
2024-09-01,NL,45-54,0.082
2024-09-01,NL,55-64,0.044
2024-09-01,NL,65+,0.010
2024-09-01,NO,18-24,0.250
2024-09-01,NO,25-34,0.353
2024-09-01,NO,35-44,0.209
2024-09-01,NO,45-54,0.128
2024-09-01,NO,55-64,0.059
2024-09-01,NO,65+,0.000
2024-09-01,NP,18-24,0.425
2024-09-01,NP,25-34,0.465
2024-09-01,NP,35-44,0.071
2024-09-01,NP,45-54,0.028
2024-09-01,NP,55-64,0.010
2024-09-01,NP,65+,0.002
2024-09-01,NZ,18-24,0.251
2024-09-01,NZ,25-34,0.308
2024-09-01,NZ,35-44,0.247
2024-09-01,NZ,45-54,0.144
2024-09-01,NZ,55-64,0.028
2024-09-01,NZ,65+,0.021
2024-09-01,PA,18-24,0.410
2024-09-01,PA,25-34,0.343
2024-09-01,PA,35-44,0.117
2024-09-01,PA,45-54,0.075
2024-09-01,PA,55-64,0.030
2024-09-01,PA,65+,0.025
2024-09-01,PE,18-24,0.463
2024-09-01,PE,25-34,0.370
2024-09-01,PE,35-44,0.100
2024-09-01,PE,45-54,0.043
2024-09-01,PE,55-64,0.015
2024-09-01,PE,65+,0.008
2024-09-01,PH,18-24,0.507
2024-09-01,PH,25-34,0.349
2024-09-01,PH,35-44,0.092
2024-09-01,PH,45-54,0.031
2024-09-01,PH,55-64,0.010
2024-09-01,PH,65+,0.011
2024-09-01,PK,18-24,0.393
2024-09-01,PK,25-34,0.463
2024-09-01,PK,35-44,0.111
2024-09-01,PK,45-54,0.025
2024-09-01,PK,55-64,0.001
2024-09-01,PK,65+,0.008
2024-09-01,PL,18-24,0.204
2024-09-01,PL,25-34,0.470
2024-09-01,PL,35-44,0.219
2024-09-01,PL,45-54,0.087
2024-09-01,PL,55-64,0.012
2024-09-01,PL,65+,0.008
2024-09-01,PR,18-24,0.265
2024-09-01,PR,25-34,0.343
2024-09-01,PR,35-44,0.150
2024-09-01,PR,45-54,0.108
2024-09-01,PR,55-64,0.058
2024-09-01,PR,65+,0.077
2024-09-01,PT,18-24,0.188
2024-09-01,PT,25-34,0.438
2024-09-01,PT,35-44,0.219
2024-09-01,PT,45-54,0.102
2024-09-01,PT,55-64,0.049
2024-09-01,PT,65+,0.004
2024-09-01,PY,18-24,0.396
2024-09-01,PY,25-34,0.343
2024-09-01,PY,35-44,0.099
2024-09-01,PY,45-54,0.080
2024-09-01,PY,55-64,0.054
2024-09-01,PY,65+,0.028
2024-09-01,QA,18-24,0.071
2024-09-01,QA,25-34,0.455
2024-09-01,QA,35-44,0.330
2024-09-01,QA,45-54,0.114
2024-09-01,QA,55-64,0.029
2024-09-01,QA,65+,0.000
2024-09-01,RO,18-24,0.236
2024-09-01,RO,25-34,0.446
2024-09-01,RO,35-44,0.176
2024-09-01,RO,45-54,0.092
2024-09-01,RO,55-64,0.050
2024-09-01,RO,65+,0.000
2024-09-01,RS,18-24,0.203
2024-09-01,RS,25-34,0.387
2024-09-01,RS,35-44,0.261
2024-09-01,RS,45-54,0.086
2024-09-01,RS,55-64,0.047
2024-09-01,RS,65+,0.015
2024-09-01,SA,18-24,0.282
2024-09-01,SA,25-34,0.409
2024-09-01,SA,35-44,0.199
2024-09-01,SA,45-54,0.067
2024-09-01,SA,55-64,0.024
2024-09-01,SA,65+,0.020
2024-09-01,SC,18-24,0.097
2024-09-01,SC,25-34,0.320
2024-09-01,SC,35-44,0.290
2024-09-01,SC,45-54,0.154
2024-09-01,SC,55-64,0.114
2024-09-01,SC,65+,0.024
2024-09-01,SE,18-24,0.240
2024-09-01,SE,25-34,0.402
2024-09-01,SE,35-44,0.201
2024-09-01,SE,45-54,0.115
2024-09-01,SE,55-64,0.039
2024-09-01,SE,65+,0.003
2024-09-01,SG,18-24,0.240
2024-09-01,SG,25-34,0.431
2024-09-01,SG,35-44,0.199
2024-09-01,SG,45-54,0.081
2024-09-01,SG,55-64,0.038
2024-09-01,SG,65+,0.011
2024-09-01,SK,18-24,0.255
2024-09-01,SK,25-34,0.413
2024-09-01,SK,35-44,0.217
2024-09-01,SK,45-54,0.058
2024-09-01,SK,55-64,0.029
2024-09-01,SK,65+,0.027
2024-09-01,SV,18-24,0.479
2024-09-01,SV,25-34,0.316
2024-09-01,SV,35-44,0.148
2024-09-01,SV,45-54,0.026
2024-09-01,SV,55-64,0.021
2024-09-01,SV,65+,0.009
2024-09-01,TH,18-24,0.466
2024-09-01,TH,25-34,0.312
2024-09-01,TH,35-44,0.124
2024-09-01,TH,45-54,0.066
2024-09-01,TH,55-64,0.016
2024-09-01,TH,65+,0.016
2024-09-01,TN,18-24,0.264
2024-09-01,TN,25-34,0.539
2024-09-01,TN,35-44,0.106
2024-09-01,TN,45-54,0.033
2024-09-01,TN,55-64,0.023
2024-09-01,TN,65+,0.035
2024-09-01,TR,18-24,0.250
2024-09-01,TR,25-34,0.459
2024-09-01,TR,35-44,0.187
2024-09-01,TR,45-54,0.070
2024-09-01,TR,55-64,0.024
2024-09-01,TR,65+,0.010
2024-09-01,TW,18-24,0.200
2024-09-01,TW,25-34,0.428
2024-09-01,TW,35-44,0.240
2024-09-01,TW,45-54,0.098
2024-09-01,TW,55-64,0.028
2024-09-01,TW,65+,0.006
2024-09-01,UA,18-24,0.301
2024-09-01,UA,25-34,0.463
2024-09-01,UA,35-44,0.156
2024-09-01,UA,45-54,0.054
2024-09-01,UA,55-64,0.012
2024-09-01,UA,65+,0.014
2024-09-01,UG,18-24,0.317
2024-09-01,UG,25-34,0.425
2024-09-01,UG,35-44,0.170
2024-09-01,UG,45-54,0.068
2024-09-01,UG,55-64,0.000
2024-09-01,UG,65+,0.019
2024-09-01,US,18-24,0.280
2024-09-01,US,25-34,0.369
2024-09-01,US,35-44,0.204
2024-09-01,US,45-54,0.090
2024-09-01,US,55-64,0.041
2024-09-01,US,65+,0.018
2024-09-01,UY,18-24,0.340
2024-09-01,UY,25-34,0.334
2024-09-01,UY,35-44,0.170
2024-09-01,UY,45-54,0.094
2024-09-01,UY,55-64,0.058
2024-09-01,UY,65+,0.004
2024-09-01,UZ,18-24,0.448
2024-09-01,UZ,25-34,0.322
2024-09-01,UZ,35-44,0.132
2024-09-01,UZ,45-54,0.039
2024-09-01,UZ,55-64,0.036
2024-09-01,UZ,65+,0.023
2024-09-01,VN,18-24,0.500
2024-09-01,VN,25-34,0.360
2024-09-01,VN,35-44,0.105
2024-09-01,VN,45-54,0.027
2024-09-01,VN,55-64,0.003
2024-09-01,VN,65+,0.004
2024-09-01,YE,18-24,0.315
2024-09-01,YE,25-34,0.389
2024-09-01,YE,35-44,0.119
2024-09-01,YE,45-54,0.107
2024-09-01,YE,55-64,0.047
2024-09-01,YE,65+,0.022
2024-09-01,ZA,18-24,0.393
2024-09-01,ZA,25-34,0.370
2024-09-01,ZA,35-44,0.134
2024-09-01,ZA,45-54,0.074
2024-09-01,ZA,55-64,0.022
2024-09-01,ZA,65+,0.007
2024-10-01,AE,18-24,0.197
2024-10-01,AE,25-34,0.460
2024-10-01,AE,35-44,0.247
2024-10-01,AE,45-54,0.069
2024-10-01,AE,55-64,0.017
2024-10-01,AE,65+,0.010
2024-10-01,AF,18-24,0.365
2024-10-01,AF,25-34,0.422
2024-10-01,AF,35-44,0.061
2024-10-01,AF,45-54,0.013
2024-10-01,AF,55-64,0.064
2024-10-01,AF,65+,0.075
2024-10-01,AM,18-24,0.345
2024-10-01,AM,25-34,0.446
2024-10-01,AM,35-44,0.098
2024-10-01,AM,45-54,0.010
2024-10-01,AM,55-64,0.041
2024-10-01,AM,65+,0.061
2024-10-01,AR,18-24,0.332
2024-10-01,AR,25-34,0.378
2024-10-01,AR,35-44,0.148
2024-10-01,AR,45-54,0.089
2024-10-01,AR,55-64,0.039
2024-10-01,AR,65+,0.014
2024-10-01,AT,18-24,0.256
2024-10-01,AT,25-34,0.439
2024-10-01,AT,35-44,0.190
2024-10-01,AT,45-54,0.072
2024-10-01,AT,55-64,0.043
2024-10-01,AT,65+,0.000
2024-10-01,AU,18-24,0.288
2024-10-01,AU,25-34,0.406
2024-10-01,AU,35-44,0.175
2024-10-01,AU,45-54,0.081
2024-10-01,AU,55-64,0.036
2024-10-01,AU,65+,0.013
2024-10-01,AZ,18-24,0.434
2024-10-01,AZ,25-34,0.344
2024-10-01,AZ,35-44,0.143
2024-10-01,AZ,45-54,0.048
2024-10-01,AZ,55-64,0.000
2024-10-01,AZ,65+,0.032
2024-10-01,BD,18-24,0.494
2024-10-01,BD,25-34,0.385
2024-10-01,BD,35-44,0.078
2024-10-01,BD,45-54,0.021
2024-10-01,BD,55-64,0.007
2024-10-01,BD,65+,0.014
2024-10-01,BE,18-24,0.330
2024-10-01,BE,25-34,0.371
2024-10-01,BE,35-44,0.160
2024-10-01,BE,45-54,0.089
2024-10-01,BE,55-64,0.044
2024-10-01,BE,65+,0.006
2024-10-01,BG,18-24,0.285
2024-10-01,BG,25-34,0.430
2024-10-01,BG,35-44,0.209
2024-10-01,BG,45-54,0.060
2024-10-01,BG,55-64,0.014
2024-10-01,BG,65+,0.002
2024-10-01,BO,18-24,0.479
2024-10-01,BO,25-34,0.335
2024-10-01,BO,35-44,0.095
2024-10-01,BO,45-54,0.034
2024-10-01,BO,55-64,0.022
2024-10-01,BO,65+,0.035
2024-10-01,BR,18-24,0.300
2024-10-01,BR,25-34,0.383
2024-10-01,BR,35-44,0.194
2024-10-01,BR,45-54,0.084
2024-10-01,BR,55-64,0.024
2024-10-01,BR,65+,0.016
2024-10-01,CA,18-24,0.326
2024-10-01,CA,25-34,0.365
2024-10-01,CA,35-44,0.169
2024-10-01,CA,45-54,0.100
2024-10-01,CA,55-64,0.024
2024-10-01,CA,65+,0.015
2024-10-01,CH,18-24,0.218
2024-10-01,CH,25-34,0.401
2024-10-01,CH,35-44,0.194
2024-10-01,CH,45-54,0.126
2024-10-01,CH,55-64,0.046
2024-10-01,CH,65+,0.014
2024-10-01,CI,18-24,0.327
2024-10-01,CI,25-34,0.356
2024-10-01,CI,35-44,0.204
2024-10-01,CI,45-54,0.085
2024-10-01,CI,55-64,0.000
2024-10-01,CI,65+,0.028
2024-10-01,CL,18-24,0.293
2024-10-01,CL,25-34,0.374
2024-10-01,CL,35-44,0.203
2024-10-01,CL,45-54,0.096
2024-10-01,CL,55-64,0.022
2024-10-01,CL,65+,0.012
2024-10-01,CO,18-24,0.352
2024-10-01,CO,25-34,0.396
2024-10-01,CO,35-44,0.152
2024-10-01,CO,45-54,0.058
2024-10-01,CO,55-64,0.028
2024-10-01,CO,65+,0.013
2024-10-01,CR,18-24,0.329
2024-10-01,CR,25-34,0.357
2024-10-01,CR,35-44,0.207
2024-10-01,CR,45-54,0.103
2024-10-01,CR,55-64,0.000
2024-10-01,CR,65+,0.004
2024-10-01,CZ,18-24,0.304
2024-10-01,CZ,25-34,0.384
2024-10-01,CZ,35-44,0.184
2024-10-01,CZ,45-54,0.096
2024-10-01,CZ,55-64,0.001
2024-10-01,CZ,65+,0.032
2024-10-01,DE,18-24,0.232
2024-10-01,DE,25-34,0.420
2024-10-01,DE,35-44,0.209
2024-10-01,DE,45-54,0.088
2024-10-01,DE,55-64,0.037
2024-10-01,DE,65+,0.014
2024-10-01,DK,18-24,0.304
2024-10-01,DK,25-34,0.375
2024-10-01,DK,35-44,0.204
2024-10-01,DK,45-54,0.069
2024-10-01,DK,55-64,0.048
2024-10-01,DK,65+,0.000
2024-10-01,DO,18-24,0.420
2024-10-01,DO,25-34,0.364
2024-10-01,DO,35-44,0.098
2024-10-01,DO,45-54,0.066
2024-10-01,DO,55-64,0.021
2024-10-01,DO,65+,0.032
2024-10-01,DZ,18-24,0.393
2024-10-01,DZ,25-34,0.360
2024-10-01,DZ,35-44,0.138
2024-10-01,DZ,45-54,0.070
2024-10-01,DZ,55-64,0.023
2024-10-01,DZ,65+,0.017
2024-10-01,EC,18-24,0.402
2024-10-01,EC,25-34,0.382
2024-10-01,EC,35-44,0.142
2024-10-01,EC,45-54,0.052
2024-10-01,EC,55-64,0.012
2024-10-01,EC,65+,0.011
2024-10-01,EE,18-24,0.206
2024-10-01,EE,25-34,0.382
2024-10-01,EE,35-44,0.183
2024-10-01,EE,45-54,0.144
2024-10-01,EE,55-64,0.053
2024-10-01,EE,65+,0.031
2024-10-01,EG,18-24,0.474
2024-10-01,EG,25-34,0.349
2024-10-01,EG,35-44,0.110
2024-10-01,EG,45-54,0.037
2024-10-01,EG,55-64,0.015
2024-10-01,EG,65+,0.015
2024-10-01,ES,18-24,0.282
2024-10-01,ES,25-34,0.357
2024-10-01,ES,35-44,0.179
2024-10-01,ES,45-54,0.128
2024-10-01,ES,55-64,0.039
2024-10-01,ES,65+,0.016
2024-10-01,ET,18-24,0.296
2024-10-01,ET,25-34,0.434
2024-10-01,ET,35-44,0.207
2024-10-01,ET,45-54,0.039
2024-10-01,ET,55-64,0.024
2024-10-01,ET,65+,0.000
2024-10-01,FI,18-24,0.226
2024-10-01,FI,25-34,0.446
2024-10-01,FI,35-44,0.176
2024-10-01,FI,45-54,0.072
2024-10-01,FI,55-64,0.051
2024-10-01,FI,65+,0.029
2024-10-01,FR,18-24,0.328
2024-10-01,FR,25-34,0.378
2024-10-01,FR,35-44,0.161
2024-10-01,FR,45-54,0.090
2024-10-01,FR,55-64,0.030
2024-10-01,FR,65+,0.014
2024-10-01,GB,18-24,0.250
2024-10-01,GB,25-34,0.360
2024-10-01,GB,35-44,0.218
2024-10-01,GB,45-54,0.113
2024-10-01,GB,55-64,0.044
2024-10-01,GB,65+,0.015
2024-10-01,GE,18-24,0.353
2024-10-01,GE,25-34,0.373
2024-10-01,GE,35-44,0.211
2024-10-01,GE,45-54,0.053
2024-10-01,GE,55-64,0.002
2024-10-01,GE,65+,0.008
2024-10-01,GH,18-24,0.269
2024-10-01,GH,25-34,0.440
2024-10-01,GH,35-44,0.189
2024-10-01,GH,45-54,0.037
2024-10-01,GH,55-64,0.066
2024-10-01,GH,65+,0.000
2024-10-01,GR,18-24,0.232
2024-10-01,GR,25-34,0.438
2024-10-01,GR,35-44,0.182
2024-10-01,GR,45-54,0.095
2024-10-01,GR,55-64,0.041
2024-10-01,GR,65+,0.012
2024-10-01,GT,18-24,0.445
2024-10-01,GT,25-34,0.388
2024-10-01,GT,35-44,0.082
2024-10-01,GT,45-54,0.067
2024-10-01,GT,55-64,0.005
2024-10-01,GT,65+,0.013
2024-10-01,HN,18-24,0.372
2024-10-01,HN,25-34,0.432
2024-10-01,HN,35-44,0.116
2024-10-01,HN,45-54,0.000
2024-10-01,HN,55-64,0.034
2024-10-01,HN,65+,0.047
2024-10-01,HR,18-24,0.181
2024-10-01,HR,25-34,0.413
2024-10-01,HR,35-44,0.184
2024-10-01,HR,45-54,0.138
2024-10-01,HR,55-64,0.060
2024-10-01,HR,65+,0.024
2024-10-01,HU,18-24,0.291
2024-10-01,HU,25-34,0.374
2024-10-01,HU,35-44,0.179
2024-10-01,HU,45-54,0.112
2024-10-01,HU,55-64,0.035
2024-10-01,HU,65+,0.010
2024-10-01,ID,18-24,0.558
2024-10-01,ID,25-34,0.312
2024-10-01,ID,35-44,0.075
2024-10-01,ID,45-54,0.030
2024-10-01,ID,55-64,0.011
2024-10-01,ID,65+,0.014
2024-10-01,IE,18-24,0.248
2024-10-01,IE,25-34,0.456
2024-10-01,IE,35-44,0.202
2024-10-01,IE,45-54,0.075
2024-10-01,IE,55-64,0.000
2024-10-01,IE,65+,0.019
2024-10-01,IL,18-24,0.203
2024-10-01,IL,25-34,0.417
2024-10-01,IL,35-44,0.215
2024-10-01,IL,45-54,0.117
2024-10-01,IL,55-64,0.028
2024-10-01,IL,65+,0.021
2024-10-01,IN,18-24,0.445
2024-10-01,IN,25-34,0.388
2024-10-01,IN,35-44,0.111
2024-10-01,IN,45-54,0.035
2024-10-01,IN,55-64,0.011
2024-10-01,IN,65+,0.010
2024-10-01,IQ,18-24,0.392
2024-10-01,IQ,25-34,0.408
2024-10-01,IQ,35-44,0.128
2024-10-01,IQ,45-54,0.032
2024-10-01,IQ,55-64,0.000
2024-10-01,IQ,65+,0.039
2024-10-01,IT,18-24,0.276
2024-10-01,IT,25-34,0.372
2024-10-01,IT,35-44,0.141
2024-10-01,IT,45-54,0.131
2024-10-01,IT,55-64,0.059
2024-10-01,IT,65+,0.021
2024-10-01,JO,18-24,0.330
2024-10-01,JO,25-34,0.436
2024-10-01,JO,35-44,0.114
2024-10-01,JO,45-54,0.090
2024-10-01,JO,55-64,0.030
2024-10-01,JO,65+,0.000
2024-10-01,JP,18-24,0.269
2024-10-01,JP,25-34,0.361
2024-10-01,JP,35-44,0.203
2024-10-01,JP,45-54,0.118
2024-10-01,JP,55-64,0.036
2024-10-01,JP,65+,0.014
2024-10-01,KE,18-24,0.424
2024-10-01,KE,25-34,0.411
2024-10-01,KE,35-44,0.093
2024-10-01,KE,45-54,0.052
2024-10-01,KE,55-64,0.012
2024-10-01,KE,65+,0.007
2024-10-01,KG,18-24,0.654
2024-10-01,KG,25-34,0.253
2024-10-01,KG,35-44,0.065
2024-10-01,KG,45-54,0.015
2024-10-01,KG,55-64,0.006
2024-10-01,KG,65+,0.007
2024-10-01,KH,18-24,0.228
2024-10-01,KH,25-34,0.411
2024-10-01,KH,35-44,0.249
2024-10-01,KH,45-54,0.038
2024-10-01,KH,55-64,0.026
2024-10-01,KH,65+,0.048
2024-10-01,KR,18-24,0.254
2024-10-01,KR,25-34,0.388
2024-10-01,KR,35-44,0.188
2024-10-01,KR,45-54,0.117
2024-10-01,KR,55-64,0.041
2024-10-01,KR,65+,0.012
2024-10-01,KZ,18-24,0.584
2024-10-01,KZ,25-34,0.268
2024-10-01,KZ,35-44,0.078
2024-10-01,KZ,45-54,0.028
2024-10-01,KZ,55-64,0.013
2024-10-01,KZ,65+,0.028
2024-10-01,LB,18-24,0.474
2024-10-01,LB,25-34,0.422
2024-10-01,LB,35-44,0.055
2024-10-01,LB,45-54,0.027
2024-10-01,LB,55-64,0.000
2024-10-01,LB,65+,0.022
2024-10-01,LK,18-24,0.376
2024-10-01,LK,25-34,0.445
2024-10-01,LK,35-44,0.120
2024-10-01,LK,45-54,0.047
2024-10-01,LK,55-64,0.010
2024-10-01,LK,65+,0.002
2024-10-01,LT,18-24,0.281
2024-10-01,LT,25-34,0.459
2024-10-01,LT,35-44,0.167
2024-10-01,LT,45-54,0.040
2024-10-01,LT,55-64,0.051
2024-10-01,LT,65+,0.003
2024-10-01,LV,18-24,0.344
2024-10-01,LV,25-34,0.322
2024-10-01,LV,35-44,0.229
2024-10-01,LV,45-54,0.083
2024-10-01,LV,55-64,0.000
2024-10-01,LV,65+,0.022
2024-10-01,LY,18-24,0.375
2024-10-01,LY,25-34,0.444
2024-10-01,LY,35-44,0.089
2024-10-01,LY,45-54,0.081
2024-10-01,LY,55-64,0.011
2024-10-01,LY,65+,0.000
2024-10-01,MA,18-24,0.384
2024-10-01,MA,25-34,0.379
2024-10-01,MA,35-44,0.134
2024-10-01,MA,45-54,0.046
2024-10-01,MA,55-64,0.023
2024-10-01,MA,65+,0.034
2024-10-01,MD,18-24,0.508
2024-10-01,MD,25-34,0.271
2024-10-01,MD,35-44,0.136
2024-10-01,MD,45-54,0.038
2024-10-01,MD,55-64,0.010
2024-10-01,MD,65+,0.037
2024-10-01,MM,18-24,0.422
2024-10-01,MM,25-34,0.464
2024-10-01,MM,35-44,0.027
2024-10-01,MM,45-54,0.041
2024-10-01,MM,55-64,0.006
2024-10-01,MM,65+,0.041
2024-10-01,MX,18-24,0.474
2024-10-01,MX,25-34,0.346
2024-10-01,MX,35-44,0.104
2024-10-01,MX,45-54,0.042
2024-10-01,MX,55-64,0.017
2024-10-01,MX,65+,0.017
2024-10-01,MY,18-24,0.414
2024-10-01,MY,25-34,0.334
2024-10-01,MY,35-44,0.165
2024-10-01,MY,45-54,0.059
2024-10-01,MY,55-64,0.012
2024-10-01,MY,65+,0.015
2024-10-01,MZ,18-24,0.405
2024-10-01,MZ,25-34,0.435
2024-10-01,MZ,35-44,0.125
2024-10-01,MZ,45-54,0.000
2024-10-01,MZ,55-64,0.036
2024-10-01,MZ,65+,0.000
2024-10-01,NG,18-24,0.307
2024-10-01,NG,25-34,0.481
2024-10-01,NG,35-44,0.138
2024-10-01,NG,45-54,0.042
2024-10-01,NG,55-64,0.011
2024-10-01,NG,65+,0.021
2024-10-01,NI,18-24,0.539
2024-10-01,NI,25-34,0.289
2024-10-01,NI,35-44,0.063
2024-10-01,NI,45-54,0.071
2024-10-01,NI,55-64,0.006
2024-10-01,NI,65+,0.032
2024-10-01,NL,18-24,0.263
2024-10-01,NL,25-34,0.412
2024-10-01,NL,35-44,0.199
2024-10-01,NL,45-54,0.082
2024-10-01,NL,55-64,0.037
2024-10-01,NL,65+,0.008
2024-10-01,NO,18-24,0.259
2024-10-01,NO,25-34,0.356
2024-10-01,NO,35-44,0.207
2024-10-01,NO,45-54,0.095
2024-10-01,NO,55-64,0.054
2024-10-01,NO,65+,0.030
2024-10-01,NP,18-24,0.440
2024-10-01,NP,25-34,0.372
2024-10-01,NP,35-44,0.086
2024-10-01,NP,45-54,0.025
2024-10-01,NP,55-64,0.022
2024-10-01,NP,65+,0.055
2024-10-01,NZ,18-24,0.277
2024-10-01,NZ,25-34,0.324
2024-10-01,NZ,35-44,0.216
2024-10-01,NZ,45-54,0.134
2024-10-01,NZ,55-64,0.039
2024-10-01,NZ,65+,0.011
2024-10-01,OM,18-24,0.288
2024-10-01,OM,25-34,0.395
2024-10-01,OM,35-44,0.197
2024-10-01,OM,45-54,0.064
2024-10-01,OM,55-64,0.028
2024-10-01,OM,65+,0.028
2024-10-01,PA,18-24,0.420
2024-10-01,PA,25-34,0.345
2024-10-01,PA,35-44,0.133
2024-10-01,PA,45-54,0.077
2024-10-01,PA,55-64,0.024
2024-10-01,PA,65+,0.000
2024-10-01,PE,18-24,0.476
2024-10-01,PE,25-34,0.340
2024-10-01,PE,35-44,0.098
2024-10-01,PE,45-54,0.060
2024-10-01,PE,55-64,0.015
2024-10-01,PE,65+,0.012
2024-10-01,PH,18-24,0.498
2024-10-01,PH,25-34,0.353
2024-10-01,PH,35-44,0.086
2024-10-01,PH,45-54,0.034
2024-10-01,PH,55-64,0.015
2024-10-01,PH,65+,0.014
2024-10-01,PK,18-24,0.407
2024-10-01,PK,25-34,0.433
2024-10-01,PK,35-44,0.105
2024-10-01,PK,45-54,0.031
2024-10-01,PK,55-64,0.012
2024-10-01,PK,65+,0.013
2024-10-01,PL,18-24,0.264
2024-10-01,PL,25-34,0.437
2024-10-01,PL,35-44,0.196
2024-10-01,PL,45-54,0.077
2024-10-01,PL,55-64,0.015
2024-10-01,PL,65+,0.012
2024-10-01,PR,18-24,0.276
2024-10-01,PR,25-34,0.336
2024-10-01,PR,35-44,0.179
2024-10-01,PR,45-54,0.107
2024-10-01,PR,55-64,0.059
2024-10-01,PR,65+,0.042
2024-10-01,PS,18-24,0.428
2024-10-01,PS,25-34,0.255
2024-10-01,PS,35-44,0.104
2024-10-01,PS,45-54,0.136
2024-10-01,PS,55-64,0.000
2024-10-01,PS,65+,0.077
2024-10-01,PT,18-24,0.277
2024-10-01,PT,25-34,0.378
2024-10-01,PT,35-44,0.197
2024-10-01,PT,45-54,0.107
2024-10-01,PT,55-64,0.040
2024-10-01,PT,65+,0.000
2024-10-01,PY,18-24,0.434
2024-10-01,PY,25-34,0.343
2024-10-01,PY,35-44,0.113
2024-10-01,PY,45-54,0.021
2024-10-01,PY,55-64,0.068
2024-10-01,PY,65+,0.020
2024-10-01,QA,18-24,0.207
2024-10-01,QA,25-34,0.460
2024-10-01,QA,35-44,0.258
2024-10-01,QA,45-54,0.059
2024-10-01,QA,55-64,0.000
2024-10-01,QA,65+,0.016
2024-10-01,RO,18-24,0.281
2024-10-01,RO,25-34,0.406
2024-10-01,RO,35-44,0.169
2024-10-01,RO,45-54,0.089
2024-10-01,RO,55-64,0.040
2024-10-01,RO,65+,0.015
2024-10-01,RS,18-24,0.225
2024-10-01,RS,25-34,0.431
2024-10-01,RS,35-44,0.192
2024-10-01,RS,45-54,0.103
2024-10-01,RS,55-64,0.036
2024-10-01,RS,65+,0.014
2024-10-01,SA,18-24,0.391
2024-10-01,SA,25-34,0.397
2024-10-01,SA,35-44,0.144
2024-10-01,SA,45-54,0.051
2024-10-01,SA,55-64,0.006
2024-10-01,SA,65+,0.012
2024-10-01,SC,18-24,0.147
2024-10-01,SC,25-34,0.460
2024-10-01,SC,35-44,0.250
2024-10-01,SC,45-54,0.054
2024-10-01,SC,55-64,0.089
2024-10-01,SC,65+,0.000
2024-10-01,SE,18-24,0.243
2024-10-01,SE,25-34,0.386
2024-10-01,SE,35-44,0.199
2024-10-01,SE,45-54,0.114
2024-10-01,SE,55-64,0.044
2024-10-01,SE,65+,0.013
2024-10-01,SG,18-24,0.251
2024-10-01,SG,25-34,0.480
2024-10-01,SG,35-44,0.178
2024-10-01,SG,45-54,0.068
2024-10-01,SG,55-64,0.022
2024-10-01,SG,65+,0.001
2024-10-01,SK,18-24,0.261
2024-10-01,SK,25-34,0.382
2024-10-01,SK,35-44,0.199
2024-10-01,SK,45-54,0.110
2024-10-01,SK,55-64,0.016
2024-10-01,SK,65+,0.031
2024-10-01,SO,18-24,0.450
2024-10-01,SO,25-34,0.346
2024-10-01,SO,35-44,0.103
2024-10-01,SO,45-54,0.000
2024-10-01,SO,55-64,0.006
2024-10-01,SO,65+,0.094
2024-10-01,SV,18-24,0.469
2024-10-01,SV,25-34,0.434
2024-10-01,SV,35-44,0.071
2024-10-01,SV,45-54,0.000
2024-10-01,SV,55-64,0.026
2024-10-01,SV,65+,0.000
2024-10-01,TH,18-24,0.479
2024-10-01,TH,25-34,0.288
2024-10-01,TH,35-44,0.132
2024-10-01,TH,45-54,0.065
2024-10-01,TH,55-64,0.016
2024-10-01,TH,65+,0.020
2024-10-01,TN,18-24,0.387
2024-10-01,TN,25-34,0.431
2024-10-01,TN,35-44,0.119
2024-10-01,TN,45-54,0.048
2024-10-01,TN,55-64,0.009
2024-10-01,TN,65+,0.006
2024-10-01,TR,18-24,0.295
2024-10-01,TR,25-34,0.438
2024-10-01,TR,35-44,0.170
2024-10-01,TR,45-54,0.070
2024-10-01,TR,55-64,0.017
2024-10-01,TR,65+,0.010
2024-10-01,TW,18-24,0.236
2024-10-01,TW,25-34,0.438
2024-10-01,TW,35-44,0.179
2024-10-01,TW,45-54,0.104
2024-10-01,TW,55-64,0.032
2024-10-01,TW,65+,0.011
2024-10-01,TZ,18-24,0.310
2024-10-01,TZ,25-34,0.483
2024-10-01,TZ,35-44,0.182
2024-10-01,TZ,45-54,0.000
2024-10-01,TZ,55-64,0.000
2024-10-01,TZ,65+,0.024
2024-10-01,UA,18-24,0.401
2024-10-01,UA,25-34,0.390
2024-10-01,UA,35-44,0.132
2024-10-01,UA,45-54,0.046
2024-10-01,UA,55-64,0.017
2024-10-01,UA,65+,0.014
2024-10-01,US,18-24,0.330
2024-10-01,US,25-34,0.348
2024-10-01,US,35-44,0.184
2024-10-01,US,45-54,0.087
2024-10-01,US,55-64,0.037
2024-10-01,US,65+,0.015
2024-10-01,UY,18-24,0.283
2024-10-01,UY,25-34,0.377
2024-10-01,UY,35-44,0.221
2024-10-01,UY,45-54,0.107
2024-10-01,UY,55-64,0.011
2024-10-01,UY,65+,0.000
2024-10-01,UZ,18-24,0.566
2024-10-01,UZ,25-34,0.251
2024-10-01,UZ,35-44,0.098
2024-10-01,UZ,45-54,0.050
2024-10-01,UZ,55-64,0.017
2024-10-01,UZ,65+,0.019
2024-10-01,VN,18-24,0.539
2024-10-01,VN,25-34,0.330
2024-10-01,VN,35-44,0.089
2024-10-01,VN,45-54,0.031
2024-10-01,VN,55-64,0.005
2024-10-01,VN,65+,0.006
2024-10-01,YE,18-24,0.365
2024-10-01,YE,25-34,0.353
2024-10-01,YE,35-44,0.158
2024-10-01,YE,45-54,0.058
2024-10-01,YE,55-64,0.049
2024-10-01,YE,65+,0.017
2024-10-01,ZA,18-24,0.398
2024-10-01,ZA,25-34,0.343
2024-10-01,ZA,35-44,0.158
2024-10-01,ZA,45-54,0.076
2024-10-01,ZA,55-64,0.024
2024-10-01,ZA,65+,0.001
2024-11-01,AE,18-24,0.216
2024-11-01,AE,25-34,0.463
2024-11-01,AE,35-44,0.212
2024-11-01,AE,45-54,0.079
2024-11-01,AE,55-64,0.019
2024-11-01,AE,65+,0.012
2024-11-01,AF,18-24,0.471
2024-11-01,AF,25-34,0.344
2024-11-01,AF,35-44,0.096
2024-11-01,AF,45-54,0.028
2024-11-01,AF,55-64,0.000
2024-11-01,AF,65+,0.060
2024-11-01,AM,18-24,0.444
2024-11-01,AM,25-34,0.339
2024-11-01,AM,35-44,0.078
2024-11-01,AM,45-54,0.065
2024-11-01,AM,55-64,0.022
2024-11-01,AM,65+,0.051
2024-11-01,AO,18-24,0.427
2024-11-01,AO,25-34,0.390
2024-11-01,AO,35-44,0.128
2024-11-01,AO,45-54,0.009
2024-11-01,AO,55-64,0.017
2024-11-01,AO,65+,0.029
2024-11-01,AR,18-24,0.363
2024-11-01,AR,25-34,0.351
2024-11-01,AR,35-44,0.149
2024-11-01,AR,45-54,0.102
2024-11-01,AR,55-64,0.023
2024-11-01,AR,65+,0.013
2024-11-01,AT,18-24,0.251
2024-11-01,AT,25-34,0.396
2024-11-01,AT,35-44,0.221
2024-11-01,AT,45-54,0.094
2024-11-01,AT,55-64,0.029
2024-11-01,AT,65+,0.008
2024-11-01,AU,18-24,0.251
2024-11-01,AU,25-34,0.398
2024-11-01,AU,35-44,0.207
2024-11-01,AU,45-54,0.097
2024-11-01,AU,55-64,0.035
2024-11-01,AU,65+,0.013
2024-11-01,AZ,18-24,0.490
2024-11-01,AZ,25-34,0.288
2024-11-01,AZ,35-44,0.134
2024-11-01,AZ,45-54,0.032
2024-11-01,AZ,55-64,0.018
2024-11-01,AZ,65+,0.038
2024-11-01,BD,18-24,0.520
2024-11-01,BD,25-34,0.364
2024-11-01,BD,35-44,0.066
2024-11-01,BD,45-54,0.021
2024-11-01,BD,55-64,0.014
2024-11-01,BD,65+,0.015
2024-11-01,BE,18-24,0.366
2024-11-01,BE,25-34,0.335
2024-11-01,BE,35-44,0.148
2024-11-01,BE,45-54,0.100
2024-11-01,BE,55-64,0.036
2024-11-01,BE,65+,0.016
2024-11-01,BG,18-24,0.311
2024-11-01,BG,25-34,0.410
2024-11-01,BG,35-44,0.198
2024-11-01,BG,45-54,0.080
2024-11-01,BG,55-64,0.000
2024-11-01,BG,65+,0.000
2024-11-01,BH,18-24,0.405
2024-11-01,BH,25-34,0.321
2024-11-01,BH,35-44,0.185
2024-11-01,BH,45-54,0.074
2024-11-01,BH,55-64,0.016
2024-11-01,BH,65+,0.000
2024-11-01,BO,18-24,0.475
2024-11-01,BO,25-34,0.331
2024-11-01,BO,35-44,0.100
2024-11-01,BO,45-54,0.041
2024-11-01,BO,55-64,0.020
2024-11-01,BO,65+,0.033
2024-11-01,BR,18-24,0.324
2024-11-01,BR,25-34,0.368
2024-11-01,BR,35-44,0.186
2024-11-01,BR,45-54,0.079
2024-11-01,BR,55-64,0.029
2024-11-01,BR,65+,0.014
2024-11-01,CA,18-24,0.327
2024-11-01,CA,25-34,0.371
2024-11-01,CA,35-44,0.170
2024-11-01,CA,45-54,0.083
2024-11-01,CA,55-64,0.030
2024-11-01,CA,65+,0.018
2024-11-01,CH,18-24,0.260
2024-11-01,CH,25-34,0.391
2024-11-01,CH,35-44,0.207
2024-11-01,CH,45-54,0.097
2024-11-01,CH,55-64,0.032
2024-11-01,CH,65+,0.013
2024-11-01,CI,18-24,0.420
2024-11-01,CI,25-34,0.410
2024-11-01,CI,35-44,0.084
2024-11-01,CI,45-54,0.046
2024-11-01,CI,55-64,0.039
2024-11-01,CI,65+,0.000
2024-11-01,CL,18-24,0.322
2024-11-01,CL,25-34,0.364
2024-11-01,CL,35-44,0.178
2024-11-01,CL,45-54,0.087
2024-11-01,CL,55-64,0.032
2024-11-01,CL,65+,0.017
2024-11-01,CO,18-24,0.364
2024-11-01,CO,25-34,0.396
2024-11-01,CO,35-44,0.140
2024-11-01,CO,45-54,0.066
2024-11-01,CO,55-64,0.019
2024-11-01,CO,65+,0.015
2024-11-01,CR,18-24,0.306
2024-11-01,CR,25-34,0.346
2024-11-01,CR,35-44,0.200
2024-11-01,CR,45-54,0.071
2024-11-01,CR,55-64,0.039
2024-11-01,CR,65+,0.038
2024-11-01,CY,18-24,0.324
2024-11-01,CY,25-34,0.388
2024-11-01,CY,35-44,0.130
2024-11-01,CY,45-54,0.063
2024-11-01,CY,55-64,0.094
2024-11-01,CY,65+,0.000
2024-11-01,CZ,18-24,0.303
2024-11-01,CZ,25-34,0.414
2024-11-01,CZ,35-44,0.172
2024-11-01,CZ,45-54,0.060
2024-11-01,CZ,55-64,0.029
2024-11-01,CZ,65+,0.022
2024-11-01,DE,18-24,0.280
2024-11-01,DE,25-34,0.402
2024-11-01,DE,35-44,0.192
2024-11-01,DE,45-54,0.080
2024-11-01,DE,55-64,0.031
2024-11-01,DE,65+,0.014
2024-11-01,DK,18-24,0.330
2024-11-01,DK,25-34,0.368
2024-11-01,DK,35-44,0.173
2024-11-01,DK,45-54,0.091
2024-11-01,DK,55-64,0.023
2024-11-01,DK,65+,0.015
2024-11-01,DO,18-24,0.449
2024-11-01,DO,25-34,0.365
2024-11-01,DO,35-44,0.123
2024-11-01,DO,45-54,0.049
2024-11-01,DO,55-64,0.005
2024-11-01,DO,65+,0.010
2024-11-01,DZ,18-24,0.497
2024-11-01,DZ,25-34,0.315
2024-11-01,DZ,35-44,0.098
2024-11-01,DZ,45-54,0.054
2024-11-01,DZ,55-64,0.017
2024-11-01,DZ,65+,0.018
2024-11-01,EC,18-24,0.449
2024-11-01,EC,25-34,0.335
2024-11-01,EC,35-44,0.116
2024-11-01,EC,45-54,0.074
2024-11-01,EC,55-64,0.010
2024-11-01,EC,65+,0.016
2024-11-01,EE,18-24,0.273
2024-11-01,EE,25-34,0.356
2024-11-01,EE,35-44,0.241
2024-11-01,EE,45-54,0.046
2024-11-01,EE,55-64,0.038
2024-11-01,EE,65+,0.046
2024-11-01,EG,18-24,0.568
2024-11-01,EG,25-34,0.281
2024-11-01,EG,35-44,0.081
2024-11-01,EG,45-54,0.036
2024-11-01,EG,55-64,0.010
2024-11-01,EG,65+,0.024
2024-11-01,ES,18-24,0.337
2024-11-01,ES,25-34,0.355
2024-11-01,ES,35-44,0.153
2024-11-01,ES,45-54,0.103
2024-11-01,ES,55-64,0.034
2024-11-01,ES,65+,0.017
2024-11-01,ET,18-24,0.271
2024-11-01,ET,25-34,0.501
2024-11-01,ET,35-44,0.185
2024-11-01,ET,45-54,0.020
2024-11-01,ET,55-64,0.009
2024-11-01,ET,65+,0.015
2024-11-01,FI,18-24,0.287
2024-11-01,FI,25-34,0.383
2024-11-01,FI,35-44,0.185
2024-11-01,FI,45-54,0.084
2024-11-01,FI,55-64,0.033
2024-11-01,FI,65+,0.027
2024-11-01,FR,18-24,0.337
2024-11-01,FR,25-34,0.391
2024-11-01,FR,35-44,0.144
2024-11-01,FR,45-54,0.087
2024-11-01,FR,55-64,0.025
2024-11-01,FR,65+,0.016
2024-11-01,GB,18-24,0.281
2024-11-01,GB,25-34,0.382
2024-11-01,GB,35-44,0.192
2024-11-01,GB,45-54,0.094
2024-11-01,GB,55-64,0.039
2024-11-01,GB,65+,0.012
2024-11-01,GE,18-24,0.369
2024-11-01,GE,25-34,0.366
2024-11-01,GE,35-44,0.152
2024-11-01,GE,45-54,0.062
2024-11-01,GE,55-64,0.016
2024-11-01,GE,65+,0.036
2024-11-01,GH,18-24,0.345
2024-11-01,GH,25-34,0.445
2024-11-01,GH,35-44,0.132
2024-11-01,GH,45-54,0.060
2024-11-01,GH,55-64,0.018
2024-11-01,GH,65+,0.000
2024-11-01,GR,18-24,0.261
2024-11-01,GR,25-34,0.372
2024-11-01,GR,35-44,0.173
2024-11-01,GR,45-54,0.102
2024-11-01,GR,55-64,0.050
2024-11-01,GR,65+,0.041
2024-11-01,GT,18-24,0.379
2024-11-01,GT,25-34,0.393
2024-11-01,GT,35-44,0.142
2024-11-01,GT,45-54,0.086
2024-11-01,GT,55-64,0.000
2024-11-01,GT,65+,0.000
2024-11-01,HN,18-24,0.422
2024-11-01,HN,25-34,0.338
2024-11-01,HN,35-44,0.095
2024-11-01,HN,45-54,0.102
2024-11-01,HN,55-64,0.000
2024-11-01,HN,65+,0.043
2024-11-01,HR,18-24,0.268
2024-11-01,HR,25-34,0.410
2024-11-01,HR,35-44,0.230
2024-11-01,HR,45-54,0.058
2024-11-01,HR,55-64,0.015
2024-11-01,HR,65+,0.019
2024-11-01,HU,18-24,0.318
2024-11-01,HU,25-34,0.366
2024-11-01,HU,35-44,0.165
2024-11-01,HU,45-54,0.077
2024-11-01,HU,55-64,0.037
2024-11-01,HU,65+,0.038
2024-11-01,ID,18-24,0.566
2024-11-01,ID,25-34,0.307
2024-11-01,ID,35-44,0.074
2024-11-01,ID,45-54,0.027
2024-11-01,ID,55-64,0.011
2024-11-01,ID,65+,0.015
2024-11-01,IE,18-24,0.388
2024-11-01,IE,25-34,0.363
2024-11-01,IE,35-44,0.164
2024-11-01,IE,45-54,0.068
2024-11-01,IE,55-64,0.013
2024-11-01,IE,65+,0.004
2024-11-01,IL,18-24,0.219
2024-11-01,IL,25-34,0.453
2024-11-01,IL,35-44,0.179
2024-11-01,IL,45-54,0.105
2024-11-01,IL,55-64,0.038
2024-11-01,IL,65+,0.006
2024-11-01,IN,18-24,0.489
2024-11-01,IN,25-34,0.354
2024-11-01,IN,35-44,0.101
2024-11-01,IN,45-54,0.036
2024-11-01,IN,55-64,0.009
2024-11-01,IN,65+,0.011
2024-11-01,IQ,18-24,0.489
2024-11-01,IQ,25-34,0.300
2024-11-01,IQ,35-44,0.119
2024-11-01,IQ,45-54,0.028
2024-11-01,IQ,55-64,0.023
2024-11-01,IQ,65+,0.041
2024-11-01,IT,18-24,0.314
2024-11-01,IT,25-34,0.374
2024-11-01,IT,35-44,0.144
2024-11-01,IT,45-54,0.105
2024-11-01,IT,55-64,0.045
2024-11-01,IT,65+,0.019
2024-11-01,JO,18-24,0.463
2024-11-01,JO,25-34,0.338
2024-11-01,JO,35-44,0.111
2024-11-01,JO,45-54,0.065
2024-11-01,JO,55-64,0.021
2024-11-01,JO,65+,0.003
2024-11-01,JP,18-24,0.295
2024-11-01,JP,25-34,0.382
2024-11-01,JP,35-44,0.173
2024-11-01,JP,45-54,0.095
2024-11-01,JP,55-64,0.041
2024-11-01,JP,65+,0.015
2024-11-01,KE,18-24,0.438
2024-11-01,KE,25-34,0.395
2024-11-01,KE,35-44,0.112
2024-11-01,KE,45-54,0.042
2024-11-01,KE,55-64,0.001
2024-11-01,KE,65+,0.011
2024-11-01,KG,18-24,0.608
2024-11-01,KG,25-34,0.254
2024-11-01,KG,35-44,0.109
2024-11-01,KG,45-54,0.009
2024-11-01,KG,55-64,0.000
2024-11-01,KG,65+,0.019
2024-11-01,KH,18-24,0.280
2024-11-01,KH,25-34,0.432
2024-11-01,KH,35-44,0.237
2024-11-01,KH,45-54,0.038
2024-11-01,KH,55-64,0.013
2024-11-01,KH,65+,0.000
2024-11-01,KR,18-24,0.263
2024-11-01,KR,25-34,0.386
2024-11-01,KR,35-44,0.189
2024-11-01,KR,45-54,0.103
2024-11-01,KR,55-64,0.040
2024-11-01,KR,65+,0.019
2024-11-01,KW,18-24,0.323
2024-11-01,KW,25-34,0.444
2024-11-01,KW,35-44,0.183
2024-11-01,KW,45-54,0.049
2024-11-01,KW,55-64,0.000
2024-11-01,KW,65+,0.000
2024-11-01,KZ,18-24,0.559
2024-11-01,KZ,25-34,0.278
2024-11-01,KZ,35-44,0.098
2024-11-01,KZ,45-54,0.031
2024-11-01,KZ,55-64,0.015
2024-11-01,KZ,65+,0.020
2024-11-01,LB,18-24,0.464
2024-11-01,LB,25-34,0.330
2024-11-01,LB,35-44,0.098
2024-11-01,LB,45-54,0.051
2024-11-01,LB,55-64,0.021
2024-11-01,LB,65+,0.036
2024-11-01,LK,18-24,0.419
2024-11-01,LK,25-34,0.405
2024-11-01,LK,35-44,0.094
2024-11-01,LK,45-54,0.048
2024-11-01,LK,55-64,0.011
2024-11-01,LK,65+,0.023
2024-11-01,LT,18-24,0.271
2024-11-01,LT,25-34,0.418
2024-11-01,LT,35-44,0.167
2024-11-01,LT,45-54,0.073
2024-11-01,LT,55-64,0.049
2024-11-01,LT,65+,0.023
2024-11-01,LV,18-24,0.331
2024-11-01,LV,25-34,0.381
2024-11-01,LV,35-44,0.161
2024-11-01,LV,45-54,0.080
2024-11-01,LV,55-64,0.031
2024-11-01,LV,65+,0.016
2024-11-01,LY,18-24,0.531
2024-11-01,LY,25-34,0.298
2024-11-01,LY,35-44,0.077
2024-11-01,LY,45-54,0.067
2024-11-01,LY,55-64,0.000
2024-11-01,LY,65+,0.027
2024-11-01,MA,18-24,0.437
2024-11-01,MA,25-34,0.356
2024-11-01,MA,35-44,0.106
2024-11-01,MA,45-54,0.049
2024-11-01,MA,55-64,0.017
2024-11-01,MA,65+,0.035
2024-11-01,MD,18-24,0.426
2024-11-01,MD,25-34,0.340
2024-11-01,MD,35-44,0.138
2024-11-01,MD,45-54,0.071
2024-11-01,MD,55-64,0.009
2024-11-01,MD,65+,0.016
2024-11-01,MM,18-24,0.516
2024-11-01,MM,25-34,0.401
2024-11-01,MM,35-44,0.058
2024-11-01,MM,45-54,0.013
2024-11-01,MM,55-64,0.000
2024-11-01,MM,65+,0.012
2024-11-01,MN,18-24,0.556
2024-11-01,MN,25-34,0.263
2024-11-01,MN,35-44,0.096
2024-11-01,MN,45-54,0.033
2024-11-01,MN,55-64,0.008
2024-11-01,MN,65+,0.043
2024-11-01,MX,18-24,0.506
2024-11-01,MX,25-34,0.319
2024-11-01,MX,35-44,0.102
2024-11-01,MX,45-54,0.047
2024-11-01,MX,55-64,0.015
2024-11-01,MX,65+,0.011
2024-11-01,MY,18-24,0.430
2024-11-01,MY,25-34,0.329
2024-11-01,MY,35-44,0.158
2024-11-01,MY,45-54,0.048
2024-11-01,MY,55-64,0.019
2024-11-01,MY,65+,0.016
2024-11-01,NG,18-24,0.337
2024-11-01,NG,25-34,0.425
2024-11-01,NG,35-44,0.142
2024-11-01,NG,45-54,0.059
2024-11-01,NG,55-64,0.017
2024-11-01,NG,65+,0.022
2024-11-01,NI,18-24,0.430
2024-11-01,NI,25-34,0.237
2024-11-01,NI,35-44,0.139
2024-11-01,NI,45-54,0.037
2024-11-01,NI,55-64,0.065
2024-11-01,NI,65+,0.091
2024-11-01,NL,18-24,0.297
2024-11-01,NL,25-34,0.403
2024-11-01,NL,35-44,0.172
2024-11-01,NL,45-54,0.082
2024-11-01,NL,55-64,0.031
2024-11-01,NL,65+,0.014
2024-11-01,NO,18-24,0.289
2024-11-01,NO,25-34,0.354
2024-11-01,NO,35-44,0.173
2024-11-01,NO,45-54,0.100
2024-11-01,NO,55-64,0.057
2024-11-01,NO,65+,0.026
2024-11-01,NP,18-24,0.370
2024-11-01,NP,25-34,0.414
2024-11-01,NP,35-44,0.107
2024-11-01,NP,45-54,0.021
2024-11-01,NP,55-64,0.024
2024-11-01,NP,65+,0.064
2024-11-01,NZ,18-24,0.199
2024-11-01,NZ,25-34,0.351
2024-11-01,NZ,35-44,0.220
2024-11-01,NZ,45-54,0.125
2024-11-01,NZ,55-64,0.086
2024-11-01,NZ,65+,0.019
2024-11-01,OM,18-24,0.391
2024-11-01,OM,25-34,0.364
2024-11-01,OM,35-44,0.188
2024-11-01,OM,45-54,0.043
2024-11-01,OM,55-64,0.001
2024-11-01,OM,65+,0.012
2024-11-01,PA,18-24,0.350
2024-11-01,PA,25-34,0.365
2024-11-01,PA,35-44,0.169
2024-11-01,PA,45-54,0.061
2024-11-01,PA,55-64,0.048
2024-11-01,PA,65+,0.008
2024-11-01,PE,18-24,0.487
2024-11-01,PE,25-34,0.334
2024-11-01,PE,35-44,0.108
2024-11-01,PE,45-54,0.042
2024-11-01,PE,55-64,0.019
2024-11-01,PE,65+,0.011
2024-11-01,PH,18-24,0.481
2024-11-01,PH,25-34,0.355
2024-11-01,PH,35-44,0.098
2024-11-01,PH,45-54,0.037
2024-11-01,PH,55-64,0.011
2024-11-01,PH,65+,0.018
2024-11-01,PK,18-24,0.444
2024-11-01,PK,25-34,0.410
2024-11-01,PK,35-44,0.090
2024-11-01,PK,45-54,0.033
2024-11-01,PK,55-64,0.010
2024-11-01,PK,65+,0.013
2024-11-01,PL,18-24,0.293
2024-11-01,PL,25-34,0.428
2024-11-01,PL,35-44,0.168
2024-11-01,PL,45-54,0.088
2024-11-01,PL,55-64,0.020
2024-11-01,PL,65+,0.004
2024-11-01,PR,18-24,0.301
2024-11-01,PR,25-34,0.404
2024-11-01,PR,35-44,0.115
2024-11-01,PR,45-54,0.138
2024-11-01,PR,55-64,0.024
2024-11-01,PR,65+,0.018
2024-11-01,PS,18-24,0.497
2024-11-01,PS,25-34,0.355
2024-11-01,PS,35-44,0.109
2024-11-01,PS,45-54,0.000
2024-11-01,PS,55-64,0.026
2024-11-01,PS,65+,0.013
2024-11-01,PT,18-24,0.294
2024-11-01,PT,25-34,0.376
2024-11-01,PT,35-44,0.184
2024-11-01,PT,45-54,0.082
2024-11-01,PT,55-64,0.034
2024-11-01,PT,65+,0.029
2024-11-01,PY,18-24,0.376
2024-11-01,PY,25-34,0.401
2024-11-01,PY,35-44,0.161
2024-11-01,PY,45-54,0.041
2024-11-01,PY,55-64,0.010
2024-11-01,PY,65+,0.011
2024-11-01,QA,18-24,0.250
2024-11-01,QA,25-34,0.391
2024-11-01,QA,35-44,0.279
2024-11-01,QA,45-54,0.071
2024-11-01,QA,55-64,0.008
2024-11-01,QA,65+,0.000
2024-11-01,RO,18-24,0.324
2024-11-01,RO,25-34,0.375
2024-11-01,RO,35-44,0.170
2024-11-01,RO,45-54,0.074
2024-11-01,RO,55-64,0.019
2024-11-01,RO,65+,0.037
2024-11-01,RS,18-24,0.279
2024-11-01,RS,25-34,0.392
2024-11-01,RS,35-44,0.176
2024-11-01,RS,45-54,0.056
2024-11-01,RS,55-64,0.062
2024-11-01,RS,65+,0.036
2024-11-01,SA,18-24,0.428
2024-11-01,SA,25-34,0.387
2024-11-01,SA,35-44,0.120
2024-11-01,SA,45-54,0.041
2024-11-01,SA,55-64,0.012
2024-11-01,SA,65+,0.012
2024-11-01,SD,18-24,0.512
2024-11-01,SD,25-34,0.361
2024-11-01,SD,35-44,0.050
2024-11-01,SD,45-54,0.002
2024-11-01,SD,55-64,0.041
2024-11-01,SD,65+,0.034
2024-11-01,SE,18-24,0.288
2024-11-01,SE,25-34,0.358
2024-11-01,SE,35-44,0.194
2024-11-01,SE,45-54,0.102
2024-11-01,SE,55-64,0.038
2024-11-01,SE,65+,0.020
2024-11-01,SG,18-24,0.247
2024-11-01,SG,25-34,0.484
2024-11-01,SG,35-44,0.177
2024-11-01,SG,45-54,0.073
2024-11-01,SG,55-64,0.011
2024-11-01,SG,65+,0.008
2024-11-01,SI,18-24,0.245
2024-11-01,SI,25-34,0.361
2024-11-01,SI,35-44,0.149
2024-11-01,SI,45-54,0.103
2024-11-01,SI,55-64,0.084
2024-11-01,SI,65+,0.057
2024-11-01,SK,18-24,0.348
2024-11-01,SK,25-34,0.389
2024-11-01,SK,35-44,0.170
2024-11-01,SK,45-54,0.084
2024-11-01,SK,55-64,0.009
2024-11-01,SK,65+,0.000
2024-11-01,SN,18-24,0.441
2024-11-01,SN,25-34,0.262
2024-11-01,SN,35-44,0.116
2024-11-01,SN,45-54,0.000
2024-11-01,SN,55-64,0.064
2024-11-01,SN,65+,0.116
2024-11-01,SO,18-24,0.556
2024-11-01,SO,25-34,0.281
2024-11-01,SO,35-44,0.111
2024-11-01,SO,45-54,0.028
2024-11-01,SO,55-64,0.000
2024-11-01,SO,65+,0.025
2024-11-01,SV,18-24,0.449
2024-11-01,SV,25-34,0.360
2024-11-01,SV,35-44,0.138
2024-11-01,SV,45-54,0.033
2024-11-01,SV,55-64,0.015
2024-11-01,SV,65+,0.006
2024-11-01,TH,18-24,0.454
2024-11-01,TH,25-34,0.339
2024-11-01,TH,35-44,0.130
2024-11-01,TH,45-54,0.045
2024-11-01,TH,55-64,0.016
2024-11-01,TH,65+,0.016
2024-11-01,TN,18-24,0.454
2024-11-01,TN,25-34,0.331
2024-11-01,TN,35-44,0.129
2024-11-01,TN,45-54,0.061
2024-11-01,TN,55-64,0.012
2024-11-01,TN,65+,0.012
2024-11-01,TR,18-24,0.353
2024-11-01,TR,25-34,0.396
2024-11-01,TR,35-44,0.162
2024-11-01,TR,45-54,0.056
2024-11-01,TR,55-64,0.015
2024-11-01,TR,65+,0.018
2024-11-01,TW,18-24,0.271
2024-11-01,TW,25-34,0.407
2024-11-01,TW,35-44,0.205
2024-11-01,TW,45-54,0.083
2024-11-01,TW,55-64,0.027
2024-11-01,TW,65+,0.007
2024-11-01,TZ,18-24,0.469
2024-11-01,TZ,25-34,0.377
2024-11-01,TZ,35-44,0.085
2024-11-01,TZ,45-54,0.069
2024-11-01,TZ,55-64,0.000
2024-11-01,TZ,65+,0.001
2024-11-01,UA,18-24,0.409
2024-11-01,UA,25-34,0.380
2024-11-01,UA,35-44,0.130
2024-11-01,UA,45-54,0.039
2024-11-01,UA,55-64,0.026
2024-11-01,UA,65+,0.016
2024-11-01,UG,18-24,0.376
2024-11-01,UG,25-34,0.416
2024-11-01,UG,35-44,0.162
2024-11-01,UG,45-54,0.010
2024-11-01,UG,55-64,0.000
2024-11-01,UG,65+,0.036
2024-11-01,US,18-24,0.333
2024-11-01,US,25-34,0.359
2024-11-01,US,35-44,0.174
2024-11-01,US,45-54,0.084
2024-11-01,US,55-64,0.034
2024-11-01,US,65+,0.015
2024-11-01,UY,18-24,0.346
2024-11-01,UY,25-34,0.405
2024-11-01,UY,35-44,0.186
2024-11-01,UY,45-54,0.038
2024-11-01,UY,55-64,0.001
2024-11-01,UY,65+,0.024
2024-11-01,UZ,18-24,0.604
2024-11-01,UZ,25-34,0.224
2024-11-01,UZ,35-44,0.108
2024-11-01,UZ,45-54,0.032
2024-11-01,UZ,55-64,0.012
2024-11-01,UZ,65+,0.020
2024-11-01,VN,18-24,0.520
2024-11-01,VN,25-34,0.346
2024-11-01,VN,35-44,0.094
2024-11-01,VN,45-54,0.025
2024-11-01,VN,55-64,0.006
2024-11-01,VN,65+,0.008
2024-11-01,YE,18-24,0.542
2024-11-01,YE,25-34,0.313
2024-11-01,YE,35-44,0.071
2024-11-01,YE,45-54,0.043
2024-11-01,YE,55-64,0.009
2024-11-01,YE,65+,0.022
2024-11-01,ZA,18-24,0.344
2024-11-01,ZA,25-34,0.361
2024-11-01,ZA,35-44,0.179
2024-11-01,ZA,45-54,0.071
2024-11-01,ZA,55-64,0.028
2024-11-01,ZA,65+,0.017
2024-12-01,AE,18-24,0.216
2024-12-01,AE,25-34,0.451
2024-12-01,AE,35-44,0.243
2024-12-01,AE,45-54,0.072
2024-12-01,AE,55-64,0.013
2024-12-01,AE,65+,0.006
2024-12-01,AF,18-24,0.413
2024-12-01,AF,25-34,0.407
2024-12-01,AF,35-44,0.050
2024-12-01,AF,45-54,0.024
2024-12-01,AF,55-64,0.017
2024-12-01,AF,65+,0.089
2024-12-01,AL,18-24,0.300
2024-12-01,AL,25-34,0.355
2024-12-01,AL,35-44,0.174
2024-12-01,AL,45-54,0.055
2024-12-01,AL,55-64,0.054
2024-12-01,AL,65+,0.063
2024-12-01,AM,18-24,0.414
2024-12-01,AM,25-34,0.289
2024-12-01,AM,35-44,0.154
2024-12-01,AM,45-54,0.087
2024-12-01,AM,55-64,0.021
2024-12-01,AM,65+,0.035
2024-12-01,AO,18-24,0.515
2024-12-01,AO,25-34,0.290
2024-12-01,AO,35-44,0.177
2024-12-01,AO,45-54,0.017
2024-12-01,AO,55-64,0.000
2024-12-01,AO,65+,0.000
2024-12-01,AR,18-24,0.305
2024-12-01,AR,25-34,0.361
2024-12-01,AR,35-44,0.183
2024-12-01,AR,45-54,0.083
2024-12-01,AR,55-64,0.043
2024-12-01,AR,65+,0.025
2024-12-01,AT,18-24,0.300
2024-12-01,AT,25-34,0.373
2024-12-01,AT,35-44,0.198
2024-12-01,AT,45-54,0.091
2024-12-01,AT,55-64,0.030
2024-12-01,AT,65+,0.008
2024-12-01,AU,18-24,0.179
2024-12-01,AU,25-34,0.402
2024-12-01,AU,35-44,0.247
2024-12-01,AU,45-54,0.113
2024-12-01,AU,55-64,0.036
2024-12-01,AU,65+,0.023
2024-12-01,AZ,18-24,0.524
2024-12-01,AZ,25-34,0.272
2024-12-01,AZ,35-44,0.114
2024-12-01,AZ,45-54,0.045
2024-12-01,AZ,55-64,0.016
2024-12-01,AZ,65+,0.028
2024-12-01,BA,18-24,0.459
2024-12-01,BA,25-34,0.333
2024-12-01,BA,35-44,0.143
2024-12-01,BA,45-54,0.046
2024-12-01,BA,55-64,0.000
2024-12-01,BA,65+,0.019
2024-12-01,BD,18-24,0.536
2024-12-01,BD,25-34,0.341
2024-12-01,BD,35-44,0.071
2024-12-01,BD,45-54,0.030
2024-12-01,BD,55-64,0.007
2024-12-01,BD,65+,0.015
2024-12-01,BE,18-24,0.368
2024-12-01,BE,25-34,0.343
2024-12-01,BE,35-44,0.161
2024-12-01,BE,45-54,0.077
2024-12-01,BE,55-64,0.038
2024-12-01,BE,65+,0.012
2024-12-01,BG,18-24,0.352
2024-12-01,BG,25-34,0.384
2024-12-01,BG,35-44,0.152
2024-12-01,BG,45-54,0.071
2024-12-01,BG,55-64,0.020
2024-12-01,BG,65+,0.021
2024-12-01,BH,18-24,0.439
2024-12-01,BH,25-34,0.295
2024-12-01,BH,35-44,0.142
2024-12-01,BH,45-54,0.109
2024-12-01,BH,55-64,0.014
2024-12-01,BH,65+,0.000
2024-12-01,BO,18-24,0.446
2024-12-01,BO,25-34,0.412
2024-12-01,BO,35-44,0.100
2024-12-01,BO,45-54,0.039
2024-12-01,BO,55-64,0.003
2024-12-01,BO,65+,0.000
2024-12-01,BR,18-24,0.289
2024-12-01,BR,25-34,0.391
2024-12-01,BR,35-44,0.188
2024-12-01,BR,45-54,0.087
2024-12-01,BR,55-64,0.029
2024-12-01,BR,65+,0.016
2024-12-01,CA,18-24,0.290
2024-12-01,CA,25-34,0.380
2024-12-01,CA,35-44,0.194
2024-12-01,CA,45-54,0.089
2024-12-01,CA,55-64,0.031
2024-12-01,CA,65+,0.015
2024-12-01,CD,18-24,0.405
2024-12-01,CD,25-34,0.328
2024-12-01,CD,35-44,0.166
2024-12-01,CD,45-54,0.011
2024-12-01,CD,55-64,0.028
2024-12-01,CD,65+,0.062
2024-12-01,CH,18-24,0.307
2024-12-01,CH,25-34,0.382
2024-12-01,CH,35-44,0.160
2024-12-01,CH,45-54,0.107
2024-12-01,CH,55-64,0.035
2024-12-01,CH,65+,0.009
2024-12-01,CI,18-24,0.431
2024-12-01,CI,25-34,0.316
2024-12-01,CI,35-44,0.136
2024-12-01,CI,45-54,0.098
2024-12-01,CI,55-64,0.019
2024-12-01,CI,65+,0.000
2024-12-01,CL,18-24,0.295
2024-12-01,CL,25-34,0.387
2024-12-01,CL,35-44,0.202
2024-12-01,CL,45-54,0.070
2024-12-01,CL,55-64,0.033
2024-12-01,CL,65+,0.013
2024-12-01,CO,18-24,0.299
2024-12-01,CO,25-34,0.395
2024-12-01,CO,35-44,0.178
2024-12-01,CO,45-54,0.072
2024-12-01,CO,55-64,0.035
2024-12-01,CO,65+,0.022
2024-12-01,CR,18-24,0.258
2024-12-01,CR,25-34,0.344
2024-12-01,CR,35-44,0.219
2024-12-01,CR,45-54,0.068
2024-12-01,CR,55-64,0.023
2024-12-01,CR,65+,0.087
2024-12-01,CY,18-24,0.263
2024-12-01,CY,25-34,0.353
2024-12-01,CY,35-44,0.211
2024-12-01,CY,45-54,0.111
2024-12-01,CY,55-64,0.040
2024-12-01,CY,65+,0.021
2024-12-01,CZ,18-24,0.332
2024-12-01,CZ,25-34,0.375
2024-12-01,CZ,35-44,0.166
2024-12-01,CZ,45-54,0.090
2024-12-01,CZ,55-64,0.023
2024-12-01,CZ,65+,0.015
2024-12-01,DE,18-24,0.282
2024-12-01,DE,25-34,0.406
2024-12-01,DE,35-44,0.186
2024-12-01,DE,45-54,0.075
2024-12-01,DE,55-64,0.034
2024-12-01,DE,65+,0.016
2024-12-01,DK,18-24,0.314
2024-12-01,DK,25-34,0.383
2024-12-01,DK,35-44,0.178
2024-12-01,DK,45-54,0.072
2024-12-01,DK,55-64,0.045
2024-12-01,DK,65+,0.009
2024-12-01,DO,18-24,0.370
2024-12-01,DO,25-34,0.387
2024-12-01,DO,35-44,0.102
2024-12-01,DO,45-54,0.075
2024-12-01,DO,55-64,0.028
2024-12-01,DO,65+,0.039
2024-12-01,DZ,18-24,0.473
2024-12-01,DZ,25-34,0.321
2024-12-01,DZ,35-44,0.111
2024-12-01,DZ,45-54,0.047
2024-12-01,DZ,55-64,0.028
2024-12-01,DZ,65+,0.021
2024-12-01,EC,18-24,0.438
2024-12-01,EC,25-34,0.366
2024-12-01,EC,35-44,0.119
2024-12-01,EC,45-54,0.051
2024-12-01,EC,55-64,0.011
2024-12-01,EC,65+,0.016
2024-12-01,EE,18-24,0.311
2024-12-01,EE,25-34,0.374
2024-12-01,EE,35-44,0.215
2024-12-01,EE,45-54,0.100
2024-12-01,EE,55-64,0.000
2024-12-01,EE,65+,0.000
2024-12-01,EG,18-24,0.574
2024-12-01,EG,25-34,0.277
2024-12-01,EG,35-44,0.082
2024-12-01,EG,45-54,0.025
2024-12-01,EG,55-64,0.015
2024-12-01,EG,65+,0.027
2024-12-01,ES,18-24,0.328
2024-12-01,ES,25-34,0.368
2024-12-01,ES,35-44,0.149
2024-12-01,ES,45-54,0.102
2024-12-01,ES,55-64,0.038
2024-12-01,ES,65+,0.016
2024-12-01,ET,18-24,0.374
2024-12-01,ET,25-34,0.442
2024-12-01,ET,35-44,0.084
2024-12-01,ET,45-54,0.061
2024-12-01,ET,55-64,0.028
2024-12-01,ET,65+,0.012
2024-12-01,FI,18-24,0.313
2024-12-01,FI,25-34,0.364
2024-12-01,FI,35-44,0.208
2024-12-01,FI,45-54,0.091
2024-12-01,FI,55-64,0.017
2024-12-01,FI,65+,0.008
2024-12-01,FR,18-24,0.330
2024-12-01,FR,25-34,0.385
2024-12-01,FR,35-44,0.162
2024-12-01,FR,45-54,0.075
2024-12-01,FR,55-64,0.029
2024-12-01,FR,65+,0.019
2024-12-01,GB,18-24,0.287
2024-12-01,GB,25-34,0.375
2024-12-01,GB,35-44,0.191
2024-12-01,GB,45-54,0.095
2024-12-01,GB,55-64,0.037
2024-12-01,GB,65+,0.016
2024-12-01,GE,18-24,0.353
2024-12-01,GE,25-34,0.420
2024-12-01,GE,35-44,0.122
2024-12-01,GE,45-54,0.049
2024-12-01,GE,55-64,0.024
2024-12-01,GE,65+,0.032
2024-12-01,GH,18-24,0.334
2024-12-01,GH,25-34,0.365
2024-12-01,GH,35-44,0.236
2024-12-01,GH,45-54,0.015
2024-12-01,GH,55-64,0.031
2024-12-01,GH,65+,0.019
2024-12-01,GR,18-24,0.270
2024-12-01,GR,25-34,0.408
2024-12-01,GR,35-44,0.159
2024-12-01,GR,45-54,0.109
2024-12-01,GR,55-64,0.037
2024-12-01,GR,65+,0.017
2024-12-01,GT,18-24,0.405
2024-12-01,GT,25-34,0.332
2024-12-01,GT,35-44,0.159
2024-12-01,GT,45-54,0.093
2024-12-01,GT,55-64,0.003
2024-12-01,GT,65+,0.008
2024-12-01,HN,18-24,0.363
2024-12-01,HN,25-34,0.399
2024-12-01,HN,35-44,0.140
2024-12-01,HN,45-54,0.001
2024-12-01,HN,55-64,0.019
2024-12-01,HN,65+,0.078
2024-12-01,HR,18-24,0.212
2024-12-01,HR,25-34,0.416
2024-12-01,HR,35-44,0.200
2024-12-01,HR,45-54,0.095
2024-12-01,HR,55-64,0.046
2024-12-01,HR,65+,0.030
2024-12-01,HU,18-24,0.305
2024-12-01,HU,25-34,0.373
2024-12-01,HU,35-44,0.155
2024-12-01,HU,45-54,0.108
2024-12-01,HU,55-64,0.015
2024-12-01,HU,65+,0.043
2024-12-01,ID,18-24,0.579
2024-12-01,ID,25-34,0.297
2024-12-01,ID,35-44,0.068
2024-12-01,ID,45-54,0.025
2024-12-01,ID,55-64,0.010
2024-12-01,ID,65+,0.022
2024-12-01,IE,18-24,0.304
2024-12-01,IE,25-34,0.394
2024-12-01,IE,35-44,0.168
2024-12-01,IE,45-54,0.129
2024-12-01,IE,55-64,0.005
2024-12-01,IE,65+,0.000
2024-12-01,IL,18-24,0.281
2024-12-01,IL,25-34,0.390
2024-12-01,IL,35-44,0.170
2024-12-01,IL,45-54,0.092
2024-12-01,IL,55-64,0.039
2024-12-01,IL,65+,0.028
2024-12-01,IN,18-24,0.485
2024-12-01,IN,25-34,0.358
2024-12-01,IN,35-44,0.099
2024-12-01,IN,45-54,0.037
2024-12-01,IN,55-64,0.010
2024-12-01,IN,65+,0.011
2024-12-01,IQ,18-24,0.525
2024-12-01,IQ,25-34,0.289
2024-12-01,IQ,35-44,0.101
2024-12-01,IQ,45-54,0.044
2024-12-01,IQ,55-64,0.024
2024-12-01,IQ,65+,0.017
2024-12-01,IT,18-24,0.353
2024-12-01,IT,25-34,0.353
2024-12-01,IT,35-44,0.126
2024-12-01,IT,45-54,0.096
2024-12-01,IT,55-64,0.051
2024-12-01,IT,65+,0.022
2024-12-01,JO,18-24,0.561
2024-12-01,JO,25-34,0.307
2024-12-01,JO,35-44,0.099
2024-12-01,JO,45-54,0.001
2024-12-01,JO,55-64,0.014
2024-12-01,JO,65+,0.018
2024-12-01,JP,18-24,0.298
2024-12-01,JP,25-34,0.374
2024-12-01,JP,35-44,0.179
2024-12-01,JP,45-54,0.102
2024-12-01,JP,55-64,0.033
2024-12-01,JP,65+,0.014
2024-12-01,KE,18-24,0.449
2024-12-01,KE,25-34,0.362
2024-12-01,KE,35-44,0.118
2024-12-01,KE,45-54,0.038
2024-12-01,KE,55-64,0.021
2024-12-01,KE,65+,0.011
2024-12-01,KG,18-24,0.594
2024-12-01,KG,25-34,0.239
2024-12-01,KG,35-44,0.086
2024-12-01,KG,45-54,0.030
2024-12-01,KG,55-64,0.026
2024-12-01,KG,65+,0.024
2024-12-01,KH,18-24,0.268
2024-12-01,KH,25-34,0.474
2024-12-01,KH,35-44,0.214
2024-12-01,KH,45-54,0.016
2024-12-01,KH,55-64,0.016
2024-12-01,KH,65+,0.012
2024-12-01,KR,18-24,0.263
2024-12-01,KR,25-34,0.393
2024-12-01,KR,35-44,0.185
2024-12-01,KR,45-54,0.107
2024-12-01,KR,55-64,0.034
2024-12-01,KR,65+,0.019
2024-12-01,KW,18-24,0.253
2024-12-01,KW,25-34,0.431
2024-12-01,KW,35-44,0.203
2024-12-01,KW,45-54,0.082
2024-12-01,KW,55-64,0.000
2024-12-01,KW,65+,0.031
2024-12-01,KZ,18-24,0.533
2024-12-01,KZ,25-34,0.294
2024-12-01,KZ,35-44,0.079
2024-12-01,KZ,45-54,0.035
2024-12-01,KZ,55-64,0.025
2024-12-01,KZ,65+,0.033
2024-12-01,LB,18-24,0.459
2024-12-01,LB,25-34,0.387
2024-12-01,LB,35-44,0.085
2024-12-01,LB,45-54,0.050
2024-12-01,LB,55-64,0.014
2024-12-01,LB,65+,0.005
2024-12-01,LK,18-24,0.414
2024-12-01,LK,25-34,0.393
2024-12-01,LK,35-44,0.117
2024-12-01,LK,45-54,0.050
2024-12-01,LK,55-64,0.027
2024-12-01,LK,65+,0.000
2024-12-01,LT,18-24,0.342
2024-12-01,LT,25-34,0.384
2024-12-01,LT,35-44,0.194
2024-12-01,LT,45-54,0.056
2024-12-01,LT,55-64,0.000
2024-12-01,LT,65+,0.024
2024-12-01,LV,18-24,0.336
2024-12-01,LV,25-34,0.326
2024-12-01,LV,35-44,0.155
2024-12-01,LV,45-54,0.089
2024-12-01,LV,55-64,0.039
2024-12-01,LV,65+,0.056
2024-12-01,LY,18-24,0.566
2024-12-01,LY,25-34,0.253
2024-12-01,LY,35-44,0.064
2024-12-01,LY,45-54,0.048
2024-12-01,LY,55-64,0.021
2024-12-01,LY,65+,0.048
2024-12-01,MA,18-24,0.432
2024-12-01,MA,25-34,0.339
2024-12-01,MA,35-44,0.124
2024-12-01,MA,45-54,0.040
2024-12-01,MA,55-64,0.025
2024-12-01,MA,65+,0.039
2024-12-01,MD,18-24,0.405
2024-12-01,MD,25-34,0.342
2024-12-01,MD,35-44,0.141
2024-12-01,MD,45-54,0.032
2024-12-01,MD,55-64,0.039
2024-12-01,MD,65+,0.041
2024-12-01,MM,18-24,0.463
2024-12-01,MM,25-34,0.368
2024-12-01,MM,35-44,0.093
2024-12-01,MM,45-54,0.075
2024-12-01,MM,55-64,0.000
2024-12-01,MM,65+,0.000
2024-12-01,MN,18-24,0.594
2024-12-01,MN,25-34,0.247
2024-12-01,MN,35-44,0.079
2024-12-01,MN,45-54,0.045
2024-12-01,MN,55-64,0.000
2024-12-01,MN,65+,0.035
2024-12-01,MX,18-24,0.422
2024-12-01,MX,25-34,0.376
2024-12-01,MX,35-44,0.122
2024-12-01,MX,45-54,0.047
2024-12-01,MX,55-64,0.018
2024-12-01,MX,65+,0.015
2024-12-01,MY,18-24,0.438
2024-12-01,MY,25-34,0.336
2024-12-01,MY,35-44,0.140
2024-12-01,MY,45-54,0.056
2024-12-01,MY,55-64,0.021
2024-12-01,MY,65+,0.010
2024-12-01,NG,18-24,0.365
2024-12-01,NG,25-34,0.447
2024-12-01,NG,35-44,0.118
2024-12-01,NG,45-54,0.046
2024-12-01,NG,55-64,0.018
2024-12-01,NG,65+,0.005
2024-12-01,NL,18-24,0.311
2024-12-01,NL,25-34,0.378
2024-12-01,NL,35-44,0.181
2024-12-01,NL,45-54,0.073
2024-12-01,NL,55-64,0.038
2024-12-01,NL,65+,0.020
2024-12-01,NO,18-24,0.313
2024-12-01,NO,25-34,0.318
2024-12-01,NO,35-44,0.173
2024-12-01,NO,45-54,0.121
2024-12-01,NO,55-64,0.048
2024-12-01,NO,65+,0.027
2024-12-01,NP,18-24,0.476
2024-12-01,NP,25-34,0.365
2024-12-01,NP,35-44,0.085
2024-12-01,NP,45-54,0.020
2024-12-01,NP,55-64,0.003
2024-12-01,NP,65+,0.051
2024-12-01,NZ,18-24,0.216
2024-12-01,NZ,25-34,0.356
2024-12-01,NZ,35-44,0.303
2024-12-01,NZ,45-54,0.087
2024-12-01,NZ,55-64,0.038
2024-12-01,NZ,65+,0.000
2024-12-01,OM,18-24,0.351
2024-12-01,OM,25-34,0.342
2024-12-01,OM,35-44,0.156
2024-12-01,OM,45-54,0.089
2024-12-01,OM,55-64,0.007
2024-12-01,OM,65+,0.055
2024-12-01,PA,18-24,0.229
2024-12-01,PA,25-34,0.405
2024-12-01,PA,35-44,0.200
2024-12-01,PA,45-54,0.101
2024-12-01,PA,55-64,0.065
2024-12-01,PA,65+,0.000
2024-12-01,PE,18-24,0.437
2024-12-01,PE,25-34,0.387
2024-12-01,PE,35-44,0.109
2024-12-01,PE,45-54,0.047
2024-12-01,PE,55-64,0.006
2024-12-01,PE,65+,0.014
2024-12-01,PH,18-24,0.480
2024-12-01,PH,25-34,0.364
2024-12-01,PH,35-44,0.099
2024-12-01,PH,45-54,0.032
2024-12-01,PH,55-64,0.011
2024-12-01,PH,65+,0.014
2024-12-01,PK,18-24,0.449
2024-12-01,PK,25-34,0.407
2024-12-01,PK,35-44,0.095
2024-12-01,PK,45-54,0.027
2024-12-01,PK,55-64,0.008
2024-12-01,PK,65+,0.014
2024-12-01,PL,18-24,0.321
2024-12-01,PL,25-34,0.411
2024-12-01,PL,35-44,0.173
2024-12-01,PL,45-54,0.075
2024-12-01,PL,55-64,0.011
2024-12-01,PL,65+,0.009
2024-12-01,PR,18-24,0.334
2024-12-01,PR,25-34,0.400
2024-12-01,PR,35-44,0.142
2024-12-01,PR,45-54,0.069
2024-12-01,PR,55-64,0.000
2024-12-01,PR,65+,0.054
2024-12-01,PS,18-24,0.548
2024-12-01,PS,25-34,0.322
2024-12-01,PS,35-44,0.043
2024-12-01,PS,45-54,0.053
2024-12-01,PS,55-64,0.010
2024-12-01,PS,65+,0.024
2024-12-01,PT,18-24,0.290
2024-12-01,PT,25-34,0.421
2024-12-01,PT,35-44,0.135
2024-12-01,PT,45-54,0.096
2024-12-01,PT,55-64,0.023
2024-12-01,PT,65+,0.035
2024-12-01,PY,18-24,0.439
2024-12-01,PY,25-34,0.386
2024-12-01,PY,35-44,0.148
2024-12-01,PY,45-54,0.028
2024-12-01,PY,55-64,0.000
2024-12-01,PY,65+,0.000
2024-12-01,QA,18-24,0.214
2024-12-01,QA,25-34,0.480
2024-12-01,QA,35-44,0.248
2024-12-01,QA,45-54,0.051
2024-12-01,QA,55-64,0.000
2024-12-01,QA,65+,0.007
2024-12-01,RO,18-24,0.345
2024-12-01,RO,25-34,0.378
2024-12-01,RO,35-44,0.173
2024-12-01,RO,45-54,0.075
2024-12-01,RO,55-64,0.018
2024-12-01,RO,65+,0.012
2024-12-01,RS,18-24,0.253
2024-12-01,RS,25-34,0.425
2024-12-01,RS,35-44,0.220
2024-12-01,RS,45-54,0.086
2024-12-01,RS,55-64,0.006
2024-12-01,RS,65+,0.010
2024-12-01,SA,18-24,0.432
2024-12-01,SA,25-34,0.376
2024-12-01,SA,35-44,0.124
2024-12-01,SA,45-54,0.039
2024-12-01,SA,55-64,0.015
2024-12-01,SA,65+,0.014
2024-12-01,SC,18-24,0.107
2024-12-01,SC,25-34,0.567
2024-12-01,SC,35-44,0.227
2024-12-01,SC,45-54,0.050
2024-12-01,SC,55-64,0.039
2024-12-01,SC,65+,0.011
2024-12-01,SD,18-24,0.421
2024-12-01,SD,25-34,0.344
2024-12-01,SD,35-44,0.086
2024-12-01,SD,45-54,0.081
2024-12-01,SD,55-64,0.026
2024-12-01,SD,65+,0.042
2024-12-01,SE,18-24,0.266
2024-12-01,SE,25-34,0.372
2024-12-01,SE,35-44,0.221
2024-12-01,SE,45-54,0.086
2024-12-01,SE,55-64,0.034
2024-12-01,SE,65+,0.021
2024-12-01,SG,18-24,0.242
2024-12-01,SG,25-34,0.486
2024-12-01,SG,35-44,0.184
2024-12-01,SG,45-54,0.063
2024-12-01,SG,55-64,0.013
2024-12-01,SG,65+,0.011
2024-12-01,SI,18-24,0.306
2024-12-01,SI,25-34,0.441
2024-12-01,SI,35-44,0.176
2024-12-01,SI,45-54,0.026
2024-12-01,SI,55-64,0.052
2024-12-01,SI,65+,0.000
2024-12-01,SK,18-24,0.319
2024-12-01,SK,25-34,0.381
2024-12-01,SK,35-44,0.186
2024-12-01,SK,45-54,0.106
2024-12-01,SK,55-64,0.002
2024-12-01,SK,65+,0.006
2024-12-01,SN,18-24,0.488
2024-12-01,SN,25-34,0.334
2024-12-01,SN,35-44,0.092
2024-12-01,SN,45-54,0.031
2024-12-01,SN,55-64,0.050
2024-12-01,SN,65+,0.004
2024-12-01,SO,18-24,0.513
2024-12-01,SO,25-34,0.282
2024-12-01,SO,35-44,0.108
2024-12-01,SO,45-54,0.016
2024-12-01,SO,55-64,0.007
2024-12-01,SO,65+,0.074
2024-12-01,SV,18-24,0.402
2024-12-01,SV,25-34,0.265
2024-12-01,SV,35-44,0.143
2024-12-01,SV,45-54,0.095
2024-12-01,SV,55-64,0.072
2024-12-01,SV,65+,0.023
2024-12-01,TH,18-24,0.473
2024-12-01,TH,25-34,0.301
2024-12-01,TH,35-44,0.140
2024-12-01,TH,45-54,0.045
2024-12-01,TH,55-64,0.021
2024-12-01,TH,65+,0.020
2024-12-01,TJ,18-24,0.665
2024-12-01,TJ,25-34,0.167
2024-12-01,TJ,35-44,0.104
2024-12-01,TJ,45-54,0.050
2024-12-01,TJ,55-64,0.015
2024-12-01,TJ,65+,0.000
2024-12-01,TN,18-24,0.478
2024-12-01,TN,25-34,0.329
2024-12-01,TN,35-44,0.108
2024-12-01,TN,45-54,0.054
2024-12-01,TN,55-64,0.000
2024-12-01,TN,65+,0.031
2024-12-01,TR,18-24,0.401
2024-12-01,TR,25-34,0.374
2024-12-01,TR,35-44,0.144
2024-12-01,TR,45-54,0.055
2024-12-01,TR,55-64,0.012
2024-12-01,TR,65+,0.014
2024-12-01,TW,18-24,0.314
2024-12-01,TW,25-34,0.400
2024-12-01,TW,35-44,0.172
2024-12-01,TW,45-54,0.073
2024-12-01,TW,55-64,0.023
2024-12-01,TW,65+,0.018
2024-12-01,TZ,18-24,0.459
2024-12-01,TZ,25-34,0.337
2024-12-01,TZ,35-44,0.146
2024-12-01,TZ,45-54,0.030
2024-12-01,TZ,55-64,0.028
2024-12-01,TZ,65+,0.000
2024-12-01,UA,18-24,0.380
2024-12-01,UA,25-34,0.385
2024-12-01,UA,35-44,0.139
2024-12-01,UA,45-54,0.056
2024-12-01,UA,55-64,0.018
2024-12-01,UA,65+,0.023
2024-12-01,UG,18-24,0.414
2024-12-01,UG,25-34,0.292
2024-12-01,UG,35-44,0.204
2024-12-01,UG,45-54,0.049
2024-12-01,UG,55-64,0.022
2024-12-01,UG,65+,0.020
2024-12-01,US,18-24,0.313
2024-12-01,US,25-34,0.365
2024-12-01,US,35-44,0.181
2024-12-01,US,45-54,0.087
2024-12-01,US,55-64,0.038
2024-12-01,US,65+,0.016
2024-12-01,UY,18-24,0.290
2024-12-01,UY,25-34,0.486
2024-12-01,UY,35-44,0.109
2024-12-01,UY,45-54,0.090
2024-12-01,UY,55-64,0.000
2024-12-01,UY,65+,0.025
2024-12-01,UZ,18-24,0.577
2024-12-01,UZ,25-34,0.219
2024-12-01,UZ,35-44,0.121
2024-12-01,UZ,45-54,0.041
2024-12-01,UZ,55-64,0.010
2024-12-01,UZ,65+,0.032
2024-12-01,VN,18-24,0.511
2024-12-01,VN,25-34,0.349
2024-12-01,VN,35-44,0.099
2024-12-01,VN,45-54,0.026
2024-12-01,VN,55-64,0.007
2024-12-01,VN,65+,0.008
2024-12-01,YE,18-24,0.561
2024-12-01,YE,25-34,0.355
2024-12-01,YE,35-44,0.027
2024-12-01,YE,45-54,0.020
2024-12-01,YE,55-64,0.033
2024-12-01,YE,65+,0.005
2024-12-01,ZA,18-24,0.236
2024-12-01,ZA,25-34,0.366
2024-12-01,ZA,35-44,0.249
2024-12-01,ZA,45-54,0.088
2024-12-01,ZA,55-64,0.048
2024-12-01,ZA,65+,0.012
2025-01-01,AE,18-24,0.217
2025-01-01,AE,25-34,0.438
2025-01-01,AE,35-44,0.243
2025-01-01,AE,45-54,0.073
2025-01-01,AE,55-64,0.019
2025-01-01,AE,65+,0.010
2025-01-01,AF,18-24,0.417
2025-01-01,AF,25-34,0.410
2025-01-01,AF,35-44,0.091
2025-01-01,AF,45-54,0.028
2025-01-01,AF,55-64,0.024
2025-01-01,AF,65+,0.029
2025-01-01,AL,18-24,0.394
2025-01-01,AL,25-34,0.355
2025-01-01,AL,35-44,0.152
2025-01-01,AL,45-54,0.046
2025-01-01,AL,55-64,0.039
2025-01-01,AL,65+,0.014
2025-01-01,AM,18-24,0.412
2025-01-01,AM,25-34,0.331
2025-01-01,AM,35-44,0.165
2025-01-01,AM,45-54,0.030
2025-01-01,AM,55-64,0.030
2025-01-01,AM,65+,0.032
2025-01-01,AO,18-24,0.392
2025-01-01,AO,25-34,0.437
2025-01-01,AO,35-44,0.105
2025-01-01,AO,45-54,0.000
2025-01-01,AO,55-64,0.025
2025-01-01,AO,65+,0.041
2025-01-01,AR,18-24,0.270
2025-01-01,AR,25-34,0.409
2025-01-01,AR,35-44,0.181
2025-01-01,AR,45-54,0.084
2025-01-01,AR,55-64,0.045
2025-01-01,AR,65+,0.011
2025-01-01,AT,18-24,0.290
2025-01-01,AT,25-34,0.417
2025-01-01,AT,35-44,0.179
2025-01-01,AT,45-54,0.086
2025-01-01,AT,55-64,0.022
2025-01-01,AT,65+,0.005
2025-01-01,AU,18-24,0.182
2025-01-01,AU,25-34,0.423
2025-01-01,AU,35-44,0.212
2025-01-01,AU,45-54,0.121
2025-01-01,AU,55-64,0.046
2025-01-01,AU,65+,0.016
2025-01-01,AZ,18-24,0.489
2025-01-01,AZ,25-34,0.277
2025-01-01,AZ,35-44,0.128
2025-01-01,AZ,45-54,0.060
2025-01-01,AZ,55-64,0.021
2025-01-01,AZ,65+,0.025
2025-01-01,BD,18-24,0.528
2025-01-01,BD,25-34,0.336
2025-01-01,BD,35-44,0.072
2025-01-01,BD,45-54,0.026
2025-01-01,BD,55-64,0.017
2025-01-01,BD,65+,0.022
2025-01-01,BE,18-24,0.346
2025-01-01,BE,25-34,0.336
2025-01-01,BE,35-44,0.151
2025-01-01,BE,45-54,0.110
2025-01-01,BE,55-64,0.044
2025-01-01,BE,65+,0.013
2025-01-01,BG,18-24,0.294
2025-01-01,BG,25-34,0.403
2025-01-01,BG,35-44,0.185
2025-01-01,BG,45-54,0.081
2025-01-01,BG,55-64,0.013
2025-01-01,BG,65+,0.024
2025-01-01,BH,18-24,0.283
2025-01-01,BH,25-34,0.454
2025-01-01,BH,35-44,0.144
2025-01-01,BH,45-54,0.081
2025-01-01,BH,55-64,0.039
2025-01-01,BH,65+,0.000
2025-01-01,BO,18-24,0.405
2025-01-01,BO,25-34,0.372
2025-01-01,BO,35-44,0.163
2025-01-01,BO,45-54,0.025
2025-01-01,BO,55-64,0.014
2025-01-01,BO,65+,0.021
2025-01-01,BR,18-24,0.265
2025-01-01,BR,25-34,0.405
2025-01-01,BR,35-44,0.203
2025-01-01,BR,45-54,0.083
2025-01-01,BR,55-64,0.027
2025-01-01,BR,65+,0.017
2025-01-01,CA,18-24,0.262
2025-01-01,CA,25-34,0.377
2025-01-01,CA,35-44,0.212
2025-01-01,CA,45-54,0.096
2025-01-01,CA,55-64,0.039
2025-01-01,CA,65+,0.014
2025-01-01,CD,18-24,0.383
2025-01-01,CD,25-34,0.325
2025-01-01,CD,35-44,0.149
2025-01-01,CD,45-54,0.053
2025-01-01,CD,55-64,0.000
2025-01-01,CD,65+,0.090
2025-01-01,CH,18-24,0.282
2025-01-01,CH,25-34,0.361
2025-01-01,CH,35-44,0.200
2025-01-01,CH,45-54,0.097
2025-01-01,CH,55-64,0.047
2025-01-01,CH,65+,0.013
2025-01-01,CI,18-24,0.490
2025-01-01,CI,25-34,0.282
2025-01-01,CI,35-44,0.122
2025-01-01,CI,45-54,0.057
2025-01-01,CI,55-64,0.001
2025-01-01,CI,65+,0.048
2025-01-01,CL,18-24,0.197
2025-01-01,CL,25-34,0.449
2025-01-01,CL,35-44,0.199
2025-01-01,CL,45-54,0.097
2025-01-01,CL,55-64,0.032
2025-01-01,CL,65+,0.027
2025-01-01,CM,18-24,0.448
2025-01-01,CM,25-34,0.402
2025-01-01,CM,35-44,0.145
2025-01-01,CM,45-54,0.000
2025-01-01,CM,55-64,0.005
2025-01-01,CM,65+,0.000
2025-01-01,CO,18-24,0.243
2025-01-01,CO,25-34,0.453
2025-01-01,CO,35-44,0.177
2025-01-01,CO,45-54,0.085
2025-01-01,CO,55-64,0.020
2025-01-01,CO,65+,0.022
2025-01-01,CR,18-24,0.326
2025-01-01,CR,25-34,0.346
2025-01-01,CR,35-44,0.130
2025-01-01,CR,45-54,0.147
2025-01-01,CR,55-64,0.039
2025-01-01,CR,65+,0.013
2025-01-01,CY,18-24,0.240
2025-01-01,CY,25-34,0.381
2025-01-01,CY,35-44,0.238
2025-01-01,CY,45-54,0.105
2025-01-01,CY,55-64,0.011
2025-01-01,CY,65+,0.025
2025-01-01,CZ,18-24,0.320
2025-01-01,CZ,25-34,0.415
2025-01-01,CZ,35-44,0.149
2025-01-01,CZ,45-54,0.083
2025-01-01,CZ,55-64,0.022
2025-01-01,CZ,65+,0.012
2025-01-01,DE,18-24,0.287
2025-01-01,DE,25-34,0.402
2025-01-01,DE,35-44,0.191
2025-01-01,DE,45-54,0.070
2025-01-01,DE,55-64,0.034
2025-01-01,DE,65+,0.016
2025-01-01,DK,18-24,0.287
2025-01-01,DK,25-34,0.412
2025-01-01,DK,35-44,0.150
2025-01-01,DK,45-54,0.097
2025-01-01,DK,55-64,0.028
2025-01-01,DK,65+,0.027
2025-01-01,DO,18-24,0.411
2025-01-01,DO,25-34,0.385
2025-01-01,DO,35-44,0.166
2025-01-01,DO,45-54,0.030
2025-01-01,DO,55-64,0.000
2025-01-01,DO,65+,0.007
2025-01-01,DZ,18-24,0.511
2025-01-01,DZ,25-34,0.284
2025-01-01,DZ,35-44,0.103
2025-01-01,DZ,45-54,0.048
2025-01-01,DZ,55-64,0.024
2025-01-01,DZ,65+,0.030
2025-01-01,EC,18-24,0.427
2025-01-01,EC,25-34,0.346
2025-01-01,EC,35-44,0.121
2025-01-01,EC,45-54,0.056
2025-01-01,EC,55-64,0.027
2025-01-01,EC,65+,0.022
2025-01-01,EE,18-24,0.351
2025-01-01,EE,25-34,0.357
2025-01-01,EE,35-44,0.170
2025-01-01,EE,45-54,0.055
2025-01-01,EE,55-64,0.067
2025-01-01,EE,65+,0.000
2025-01-01,EG,18-24,0.516
2025-01-01,EG,25-34,0.314
2025-01-01,EG,35-44,0.100
2025-01-01,EG,45-54,0.033
2025-01-01,EG,55-64,0.012
2025-01-01,EG,65+,0.025
2025-01-01,ES,18-24,0.307
2025-01-01,ES,25-34,0.348
2025-01-01,ES,35-44,0.165
2025-01-01,ES,45-54,0.119
2025-01-01,ES,55-64,0.041
2025-01-01,ES,65+,0.021
2025-01-01,ET,18-24,0.349
2025-01-01,ET,25-34,0.444
2025-01-01,ET,35-44,0.136
2025-01-01,ET,45-54,0.066
2025-01-01,ET,55-64,0.000
2025-01-01,ET,65+,0.004
2025-01-01,FI,18-24,0.263
2025-01-01,FI,25-34,0.395
2025-01-01,FI,35-44,0.209
2025-01-01,FI,45-54,0.098
2025-01-01,FI,55-64,0.025
2025-01-01,FI,65+,0.010
2025-01-01,FR,18-24,0.340
2025-01-01,FR,25-34,0.382
2025-01-01,FR,35-44,0.150
2025-01-01,FR,45-54,0.087
2025-01-01,FR,55-64,0.026
2025-01-01,FR,65+,0.016
2025-01-01,GB,18-24,0.273
2025-01-01,GB,25-34,0.372
2025-01-01,GB,35-44,0.206
2025-01-01,GB,45-54,0.103
2025-01-01,GB,55-64,0.037
2025-01-01,GB,65+,0.010
2025-01-01,GE,18-24,0.393
2025-01-01,GE,25-34,0.318
2025-01-01,GE,35-44,0.155
2025-01-01,GE,45-54,0.049
2025-01-01,GE,55-64,0.035
2025-01-01,GE,65+,0.050
2025-01-01,GH,18-24,0.300
2025-01-01,GH,25-34,0.382
2025-01-01,GH,35-44,0.168
2025-01-01,GH,45-54,0.077
2025-01-01,GH,55-64,0.026
2025-01-01,GH,65+,0.048
2025-01-01,GR,18-24,0.275
2025-01-01,GR,25-34,0.394
2025-01-01,GR,35-44,0.156
2025-01-01,GR,45-54,0.093
2025-01-01,GR,55-64,0.052
2025-01-01,GR,65+,0.029
2025-01-01,GT,18-24,0.384
2025-01-01,GT,25-34,0.374
2025-01-01,GT,35-44,0.135
2025-01-01,GT,45-54,0.073
2025-01-01,GT,55-64,0.013
2025-01-01,GT,65+,0.022
2025-01-01,HN,18-24,0.411
2025-01-01,HN,25-34,0.396
2025-01-01,HN,35-44,0.126
2025-01-01,HN,45-54,0.042
2025-01-01,HN,55-64,0.000
2025-01-01,HN,65+,0.025
2025-01-01,HR,18-24,0.292
2025-01-01,HR,25-34,0.428
2025-01-01,HR,35-44,0.156
2025-01-01,HR,45-54,0.084
2025-01-01,HR,55-64,0.039
2025-01-01,HR,65+,0.000
2025-01-01,HU,18-24,0.248
2025-01-01,HU,25-34,0.422
2025-01-01,HU,35-44,0.151
2025-01-01,HU,45-54,0.104
2025-01-01,HU,55-64,0.042
2025-01-01,HU,65+,0.033
2025-01-01,ID,18-24,0.513
2025-01-01,ID,25-34,0.346
2025-01-01,ID,35-44,0.082
2025-01-01,ID,45-54,0.031
2025-01-01,ID,55-64,0.012
2025-01-01,ID,65+,0.017
2025-01-01,IE,18-24,0.294
2025-01-01,IE,25-34,0.392
2025-01-01,IE,35-44,0.219
2025-01-01,IE,45-54,0.087
2025-01-01,IE,55-64,0.008
2025-01-01,IE,65+,0.000
2025-01-01,IL,18-24,0.279
2025-01-01,IL,25-34,0.382
2025-01-01,IL,35-44,0.175
2025-01-01,IL,45-54,0.097
2025-01-01,IL,55-64,0.042
2025-01-01,IL,65+,0.025
2025-01-01,IN,18-24,0.472
2025-01-01,IN,25-34,0.357
2025-01-01,IN,35-44,0.112
2025-01-01,IN,45-54,0.036
2025-01-01,IN,55-64,0.012
2025-01-01,IN,65+,0.012
2025-01-01,IQ,18-24,0.485
2025-01-01,IQ,25-34,0.335
2025-01-01,IQ,35-44,0.111
2025-01-01,IQ,45-54,0.032
2025-01-01,IQ,55-64,0.011
2025-01-01,IQ,65+,0.026
2025-01-01,IT,18-24,0.368
2025-01-01,IT,25-34,0.343
2025-01-01,IT,35-44,0.128
2025-01-01,IT,45-54,0.099
2025-01-01,IT,55-64,0.046
2025-01-01,IT,65+,0.017
2025-01-01,JO,18-24,0.459
2025-01-01,JO,25-34,0.353
2025-01-01,JO,35-44,0.101
2025-01-01,JO,45-54,0.056
2025-01-01,JO,55-64,0.017
2025-01-01,JO,65+,0.015
2025-01-01,JP,18-24,0.309
2025-01-01,JP,25-34,0.361
2025-01-01,JP,35-44,0.182
2025-01-01,JP,45-54,0.102
2025-01-01,JP,55-64,0.034
2025-01-01,JP,65+,0.013
2025-01-01,KE,18-24,0.419
2025-01-01,KE,25-34,0.391
2025-01-01,KE,35-44,0.111
2025-01-01,KE,45-54,0.040
2025-01-01,KE,55-64,0.021
2025-01-01,KE,65+,0.019
2025-01-01,KG,18-24,0.529
2025-01-01,KG,25-34,0.287
2025-01-01,KG,35-44,0.114
2025-01-01,KG,45-54,0.043
2025-01-01,KG,55-64,0.011
2025-01-01,KG,65+,0.016
2025-01-01,KH,18-24,0.319
2025-01-01,KH,25-34,0.446
2025-01-01,KH,35-44,0.183
2025-01-01,KH,45-54,0.032
2025-01-01,KH,55-64,0.000
2025-01-01,KH,65+,0.021
2025-01-01,KR,18-24,0.159
2025-01-01,KR,25-34,0.417
2025-01-01,KR,35-44,0.230
2025-01-01,KR,45-54,0.123
2025-01-01,KR,55-64,0.052
2025-01-01,KR,65+,0.019
2025-01-01,KW,18-24,0.253
2025-01-01,KW,25-34,0.354
2025-01-01,KW,35-44,0.266
2025-01-01,KW,45-54,0.057
2025-01-01,KW,55-64,0.013
2025-01-01,KW,65+,0.056
2025-01-01,KZ,18-24,0.486
2025-01-01,KZ,25-34,0.307
2025-01-01,KZ,35-44,0.114
2025-01-01,KZ,45-54,0.043
2025-01-01,KZ,55-64,0.012
2025-01-01,KZ,65+,0.038
2025-01-01,LB,18-24,0.375
2025-01-01,LB,25-34,0.353
2025-01-01,LB,35-44,0.134
2025-01-01,LB,45-54,0.054
2025-01-01,LB,55-64,0.052
2025-01-01,LB,65+,0.032
2025-01-01,LK,18-24,0.334
2025-01-01,LK,25-34,0.450
2025-01-01,LK,35-44,0.140
2025-01-01,LK,45-54,0.054
2025-01-01,LK,55-64,0.015
2025-01-01,LK,65+,0.008
2025-01-01,LT,18-24,0.252
2025-01-01,LT,25-34,0.409
2025-01-01,LT,35-44,0.233
2025-01-01,LT,45-54,0.081
2025-01-01,LT,55-64,0.015
2025-01-01,LT,65+,0.009
2025-01-01,LV,18-24,0.272
2025-01-01,LV,25-34,0.427
2025-01-01,LV,35-44,0.229
2025-01-01,LV,45-54,0.051
2025-01-01,LV,55-64,0.020
2025-01-01,LV,65+,0.000
2025-01-01,LY,18-24,0.568
2025-01-01,LY,25-34,0.276
2025-01-01,LY,35-44,0.070
2025-01-01,LY,45-54,0.037
2025-01-01,LY,55-64,0.023
2025-01-01,LY,65+,0.026
2025-01-01,MA,18-24,0.419
2025-01-01,MA,25-34,0.368
2025-01-01,MA,35-44,0.115
2025-01-01,MA,45-54,0.046
2025-01-01,MA,55-64,0.020
2025-01-01,MA,65+,0.032
2025-01-01,MD,18-24,0.398
2025-01-01,MD,25-34,0.374
2025-01-01,MD,35-44,0.137
2025-01-01,MD,45-54,0.058
2025-01-01,MD,55-64,0.000
2025-01-01,MD,65+,0.033
2025-01-01,MG,18-24,0.385
2025-01-01,MG,25-34,0.383
2025-01-01,MG,35-44,0.112
2025-01-01,MG,45-54,0.077
2025-01-01,MG,55-64,0.008
2025-01-01,MG,65+,0.035
2025-01-01,MM,18-24,0.400
2025-01-01,MM,25-34,0.413
2025-01-01,MM,35-44,0.108
2025-01-01,MM,45-54,0.032
2025-01-01,MM,55-64,0.000
2025-01-01,MM,65+,0.047
2025-01-01,MN,18-24,0.446
2025-01-01,MN,25-34,0.369
2025-01-01,MN,35-44,0.111
2025-01-01,MN,45-54,0.061
2025-01-01,MN,55-64,0.013
2025-01-01,MN,65+,0.000
2025-01-01,MX,18-24,0.409
2025-01-01,MX,25-34,0.377
2025-01-01,MX,35-44,0.128
2025-01-01,MX,45-54,0.051
2025-01-01,MX,55-64,0.019
2025-01-01,MX,65+,0.016
2025-01-01,MY,18-24,0.438
2025-01-01,MY,25-34,0.330
2025-01-01,MY,35-44,0.142
2025-01-01,MY,45-54,0.061
2025-01-01,MY,55-64,0.020
2025-01-01,MY,65+,0.008
2025-01-01,NG,18-24,0.380
2025-01-01,NG,25-34,0.414
2025-01-01,NG,35-44,0.118
2025-01-01,NG,45-54,0.051
2025-01-01,NG,55-64,0.016
2025-01-01,NG,65+,0.021
2025-01-01,NL,18-24,0.290
2025-01-01,NL,25-34,0.406
2025-01-01,NL,35-44,0.176
2025-01-01,NL,45-54,0.075
2025-01-01,NL,55-64,0.038
2025-01-01,NL,65+,0.015
2025-01-01,NO,18-24,0.238
2025-01-01,NO,25-34,0.360
2025-01-01,NO,35-44,0.211
2025-01-01,NO,45-54,0.130
2025-01-01,NO,55-64,0.032
2025-01-01,NO,65+,0.028
2025-01-01,NP,18-24,0.446
2025-01-01,NP,25-34,0.343
2025-01-01,NP,35-44,0.096
2025-01-01,NP,45-54,0.030
2025-01-01,NP,55-64,0.017
2025-01-01,NP,65+,0.068
2025-01-01,NZ,18-24,0.160
2025-01-01,NZ,25-34,0.377
2025-01-01,NZ,35-44,0.307
2025-01-01,NZ,45-54,0.110
2025-01-01,NZ,55-64,0.039
2025-01-01,NZ,65+,0.007
2025-01-01,OM,18-24,0.341
2025-01-01,OM,25-34,0.321
2025-01-01,OM,35-44,0.198
2025-01-01,OM,45-54,0.088
2025-01-01,OM,55-64,0.035
2025-01-01,OM,65+,0.017
2025-01-01,PA,18-24,0.351
2025-01-01,PA,25-34,0.311
2025-01-01,PA,35-44,0.128
2025-01-01,PA,45-54,0.085
2025-01-01,PA,55-64,0.110
2025-01-01,PA,65+,0.015
2025-01-01,PE,18-24,0.350
2025-01-01,PE,25-34,0.433
2025-01-01,PE,35-44,0.119
2025-01-01,PE,45-54,0.050
2025-01-01,PE,55-64,0.029
2025-01-01,PE,65+,0.020
2025-01-01,PH,18-24,0.443
2025-01-01,PH,25-34,0.388
2025-01-01,PH,35-44,0.096
2025-01-01,PH,45-54,0.037
2025-01-01,PH,55-64,0.016
2025-01-01,PH,65+,0.020
2025-01-01,PK,18-24,0.436
2025-01-01,PK,25-34,0.414
2025-01-01,PK,35-44,0.088
2025-01-01,PK,45-54,0.033
2025-01-01,PK,55-64,0.013
2025-01-01,PK,65+,0.016
2025-01-01,PL,18-24,0.329
2025-01-01,PL,25-34,0.405
2025-01-01,PL,35-44,0.166
2025-01-01,PL,45-54,0.073
2025-01-01,PL,55-64,0.012
2025-01-01,PL,65+,0.015
2025-01-01,PR,18-24,0.320
2025-01-01,PR,25-34,0.225
2025-01-01,PR,35-44,0.230
2025-01-01,PR,45-54,0.136
2025-01-01,PR,55-64,0.073
2025-01-01,PR,65+,0.016
2025-01-01,PS,18-24,0.498
2025-01-01,PS,25-34,0.351
2025-01-01,PS,35-44,0.081
2025-01-01,PS,45-54,0.037
2025-01-01,PS,55-64,0.016
2025-01-01,PS,65+,0.016
2025-01-01,PT,18-24,0.294
2025-01-01,PT,25-34,0.386
2025-01-01,PT,35-44,0.167
2025-01-01,PT,45-54,0.122
2025-01-01,PT,55-64,0.029
2025-01-01,PT,65+,0.003
2025-01-01,QA,18-24,0.319
2025-01-01,QA,25-34,0.338
2025-01-01,QA,35-44,0.227
2025-01-01,QA,45-54,0.082
2025-01-01,QA,55-64,0.030
2025-01-01,QA,65+,0.004
2025-01-01,RO,18-24,0.349
2025-01-01,RO,25-34,0.383
2025-01-01,RO,35-44,0.162
2025-01-01,RO,45-54,0.066
2025-01-01,RO,55-64,0.022
2025-01-01,RO,65+,0.019
2025-01-01,RS,18-24,0.279
2025-01-01,RS,25-34,0.371
2025-01-01,RS,35-44,0.154
2025-01-01,RS,45-54,0.108
2025-01-01,RS,55-64,0.037
2025-01-01,RS,65+,0.051
2025-01-01,RW,18-24,0.435
2025-01-01,RW,25-34,0.280
2025-01-01,RW,35-44,0.173
2025-01-01,RW,45-54,0.075
2025-01-01,RW,55-64,0.001
2025-01-01,RW,65+,0.035
2025-01-01,SA,18-24,0.366
2025-01-01,SA,25-34,0.402
2025-01-01,SA,35-44,0.145
2025-01-01,SA,45-54,0.051
2025-01-01,SA,55-64,0.017
2025-01-01,SA,65+,0.019
2025-01-01,SC,18-24,0.088
2025-01-01,SC,25-34,0.596
2025-01-01,SC,35-44,0.165
2025-01-01,SC,45-54,0.096
2025-01-01,SC,55-64,0.018
2025-01-01,SC,65+,0.037
2025-01-01,SE,18-24,0.265
2025-01-01,SE,25-34,0.377
2025-01-01,SE,35-44,0.197
2025-01-01,SE,45-54,0.091
2025-01-01,SE,55-64,0.060
2025-01-01,SE,65+,0.011
2025-01-01,SG,18-24,0.254
2025-01-01,SG,25-34,0.476
2025-01-01,SG,35-44,0.183
2025-01-01,SG,45-54,0.061
2025-01-01,SG,55-64,0.011
2025-01-01,SG,65+,0.016
2025-01-01,SI,18-24,0.326
2025-01-01,SI,25-34,0.384
2025-01-01,SI,35-44,0.148
2025-01-01,SI,45-54,0.142
2025-01-01,SI,55-64,0.000
2025-01-01,SI,65+,0.000
2025-01-01,SK,18-24,0.308
2025-01-01,SK,25-34,0.352
2025-01-01,SK,35-44,0.209
2025-01-01,SK,45-54,0.077
2025-01-01,SK,55-64,0.037
2025-01-01,SK,65+,0.018
2025-01-01,SN,18-24,0.525
2025-01-01,SN,25-34,0.324
2025-01-01,SN,35-44,0.089
2025-01-01,SN,45-54,0.024
2025-01-01,SN,55-64,0.038
2025-01-01,SN,65+,0.000
2025-01-01,SO,18-24,0.500
2025-01-01,SO,25-34,0.333
2025-01-01,SO,35-44,0.082
2025-01-01,SO,45-54,0.000
2025-01-01,SO,55-64,0.020
2025-01-01,SO,65+,0.066
2025-01-01,SV,18-24,0.401
2025-01-01,SV,25-34,0.358
2025-01-01,SV,35-44,0.104
2025-01-01,SV,45-54,0.085
2025-01-01,SV,55-64,0.000
2025-01-01,SV,65+,0.052
2025-01-01,TH,18-24,0.485
2025-01-01,TH,25-34,0.297
2025-01-01,TH,35-44,0.119
2025-01-01,TH,45-54,0.046
2025-01-01,TH,55-64,0.019
2025-01-01,TH,65+,0.035
2025-01-01,TJ,18-24,0.518
2025-01-01,TJ,25-34,0.304
2025-01-01,TJ,35-44,0.062
2025-01-01,TJ,45-54,0.075
2025-01-01,TJ,55-64,0.019
2025-01-01,TJ,65+,0.022
2025-01-01,TN,18-24,0.434
2025-01-01,TN,25-34,0.352
2025-01-01,TN,35-44,0.105
2025-01-01,TN,45-54,0.060
2025-01-01,TN,55-64,0.017
2025-01-01,TN,65+,0.031
2025-01-01,TR,18-24,0.377
2025-01-01,TR,25-34,0.382
2025-01-01,TR,35-44,0.146
2025-01-01,TR,45-54,0.065
2025-01-01,TR,55-64,0.011
2025-01-01,TR,65+,0.019
2025-01-01,TW,18-24,0.271
2025-01-01,TW,25-34,0.413
2025-01-01,TW,35-44,0.203
2025-01-01,TW,45-54,0.074
2025-01-01,TW,55-64,0.027
2025-01-01,TW,65+,0.012
2025-01-01,TZ,18-24,0.529
2025-01-01,TZ,25-34,0.345
2025-01-01,TZ,35-44,0.071
2025-01-01,TZ,45-54,0.032
2025-01-01,TZ,55-64,0.023
2025-01-01,TZ,65+,0.000
2025-01-01,UA,18-24,0.324
2025-01-01,UA,25-34,0.405
2025-01-01,UA,35-44,0.155
2025-01-01,UA,45-54,0.065
2025-01-01,UA,55-64,0.021
2025-01-01,UA,65+,0.030
2025-01-01,US,18-24,0.282
2025-01-01,US,25-34,0.368
2025-01-01,US,35-44,0.196
2025-01-01,US,45-54,0.096
2025-01-01,US,55-64,0.040
2025-01-01,US,65+,0.018
2025-01-01,UY,18-24,0.291
2025-01-01,UY,25-34,0.443
2025-01-01,UY,35-44,0.155
2025-01-01,UY,45-54,0.103
2025-01-01,UY,55-64,0.003
2025-01-01,UY,65+,0.005
2025-01-01,UZ,18-24,0.540
2025-01-01,UZ,25-34,0.240
2025-01-01,UZ,35-44,0.124
2025-01-01,UZ,45-54,0.051
2025-01-01,UZ,55-64,0.015
2025-01-01,UZ,65+,0.030
2025-01-01,VN,18-24,0.471
2025-01-01,VN,25-34,0.376
2025-01-01,VN,35-44,0.107
2025-01-01,VN,45-54,0.026
2025-01-01,VN,55-64,0.009
2025-01-01,VN,65+,0.012
2025-01-01,YE,18-24,0.476
2025-01-01,YE,25-34,0.355
2025-01-01,YE,35-44,0.117
2025-01-01,YE,45-54,0.016
2025-01-01,YE,55-64,0.004
2025-01-01,YE,65+,0.031
2025-01-01,ZA,18-24,0.227
2025-01-01,ZA,25-34,0.411
2025-01-01,ZA,35-44,0.214
2025-01-01,ZA,45-54,0.105
2025-01-01,ZA,55-64,0.020
2025-01-01,ZA,65+,0.022
2025-02-01,AE,18-24,0.215
2025-02-01,AE,25-34,0.475
2025-02-01,AE,35-44,0.222
2025-02-01,AE,45-54,0.064
2025-02-01,AE,55-64,0.013
2025-02-01,AE,65+,0.010
2025-02-01,AF,18-24,0.407
2025-02-01,AF,25-34,0.345
2025-02-01,AF,35-44,0.104
2025-02-01,AF,45-54,0.054
2025-02-01,AF,55-64,0.015
2025-02-01,AF,65+,0.075
2025-02-01,AL,18-24,0.393
2025-02-01,AL,25-34,0.281
2025-02-01,AL,35-44,0.154
2025-02-01,AL,45-54,0.047
2025-02-01,AL,55-64,0.062
2025-02-01,AL,65+,0.063
2025-02-01,AM,18-24,0.377
2025-02-01,AM,25-34,0.343
2025-02-01,AM,35-44,0.159
2025-02-01,AM,45-54,0.050
2025-02-01,AM,55-64,0.040
2025-02-01,AM,65+,0.030
2025-02-01,AO,18-24,0.476
2025-02-01,AO,25-34,0.285
2025-02-01,AO,35-44,0.091
2025-02-01,AO,45-54,0.069
2025-02-01,AO,55-64,0.019
2025-02-01,AO,65+,0.060
2025-02-01,AR,18-24,0.307
2025-02-01,AR,25-34,0.370
2025-02-01,AR,35-44,0.208
2025-02-01,AR,45-54,0.087
2025-02-01,AR,55-64,0.017
2025-02-01,AR,65+,0.012
2025-02-01,AT,18-24,0.244
2025-02-01,AT,25-34,0.408
2025-02-01,AT,35-44,0.193
2025-02-01,AT,45-54,0.096
2025-02-01,AT,55-64,0.052
2025-02-01,AT,65+,0.009
2025-02-01,AU,18-24,0.209
2025-02-01,AU,25-34,0.399
2025-02-01,AU,35-44,0.215
2025-02-01,AU,45-54,0.116
2025-02-01,AU,55-64,0.039
2025-02-01,AU,65+,0.020
2025-02-01,AZ,18-24,0.447
2025-02-01,AZ,25-34,0.325
2025-02-01,AZ,35-44,0.138
2025-02-01,AZ,45-54,0.062
2025-02-01,AZ,55-64,0.020
2025-02-01,AZ,65+,0.008
2025-02-01,BA,18-24,0.324
2025-02-01,BA,25-34,0.339
2025-02-01,BA,35-44,0.175
2025-02-01,BA,45-54,0.091
2025-02-01,BA,55-64,0.047
2025-02-01,BA,65+,0.025
2025-02-01,BD,18-24,0.552
2025-02-01,BD,25-34,0.313
2025-02-01,BD,35-44,0.076
2025-02-01,BD,45-54,0.028
2025-02-01,BD,55-64,0.010
2025-02-01,BD,65+,0.022
2025-02-01,BE,18-24,0.312
2025-02-01,BE,25-34,0.355
2025-02-01,BE,35-44,0.183
2025-02-01,BE,45-54,0.105
2025-02-01,BE,55-64,0.037
2025-02-01,BE,65+,0.008
2025-02-01,BG,18-24,0.281
2025-02-01,BG,25-34,0.350
2025-02-01,BG,35-44,0.213
2025-02-01,BG,45-54,0.095
2025-02-01,BG,55-64,0.026
2025-02-01,BG,65+,0.035
2025-02-01,BH,18-24,0.272
2025-02-01,BH,25-34,0.329
2025-02-01,BH,35-44,0.204
2025-02-01,BH,45-54,0.153
2025-02-01,BH,55-64,0.029
2025-02-01,BH,65+,0.013
2025-02-01,BO,18-24,0.489
2025-02-01,BO,25-34,0.391
2025-02-01,BO,35-44,0.084
2025-02-01,BO,45-54,0.006
2025-02-01,BO,55-64,0.009
2025-02-01,BO,65+,0.022
2025-02-01,BR,18-24,0.276
2025-02-01,BR,25-34,0.401
2025-02-01,BR,35-44,0.201
2025-02-01,BR,45-54,0.082
2025-02-01,BR,55-64,0.025
2025-02-01,BR,65+,0.015
2025-02-01,CA,18-24,0.307
2025-02-01,CA,25-34,0.358
2025-02-01,CA,35-44,0.197
2025-02-01,CA,45-54,0.087
2025-02-01,CA,55-64,0.033
2025-02-01,CA,65+,0.019
2025-02-01,CD,18-24,0.493
2025-02-01,CD,25-34,0.367
2025-02-01,CD,35-44,0.105
2025-02-01,CD,45-54,0.035
2025-02-01,CD,55-64,0.000
2025-02-01,CD,65+,0.000
2025-02-01,CH,18-24,0.243
2025-02-01,CH,25-34,0.386
2025-02-01,CH,35-44,0.199
2025-02-01,CH,45-54,0.123
2025-02-01,CH,55-64,0.038
2025-02-01,CH,65+,0.011
2025-02-01,CI,18-24,0.437
2025-02-01,CI,25-34,0.305
2025-02-01,CI,35-44,0.130
2025-02-01,CI,45-54,0.075
2025-02-01,CI,55-64,0.021
2025-02-01,CI,65+,0.032
2025-02-01,CL,18-24,0.192
2025-02-01,CL,25-34,0.418
2025-02-01,CL,35-44,0.228
2025-02-01,CL,45-54,0.098
2025-02-01,CL,55-64,0.027
2025-02-01,CL,65+,0.037
2025-02-01,CM,18-24,0.390
2025-02-01,CM,25-34,0.414
2025-02-01,CM,35-44,0.153
2025-02-01,CM,45-54,0.024
2025-02-01,CM,55-64,0.000
2025-02-01,CM,65+,0.018
2025-02-01,CO,18-24,0.333
2025-02-01,CO,25-34,0.381
2025-02-01,CO,35-44,0.158
2025-02-01,CO,45-54,0.082
2025-02-01,CO,55-64,0.019
2025-02-01,CO,65+,0.027
2025-02-01,CR,18-24,0.292
2025-02-01,CR,25-34,0.375
2025-02-01,CR,35-44,0.192
2025-02-01,CR,45-54,0.053
2025-02-01,CR,55-64,0.065
2025-02-01,CR,65+,0.022
2025-02-01,CY,18-24,0.207
2025-02-01,CY,25-34,0.516
2025-02-01,CY,35-44,0.104
2025-02-01,CY,45-54,0.104
2025-02-01,CY,55-64,0.004
2025-02-01,CY,65+,0.065
2025-02-01,CZ,18-24,0.280
2025-02-01,CZ,25-34,0.396
2025-02-01,CZ,35-44,0.196
2025-02-01,CZ,45-54,0.095
2025-02-01,CZ,55-64,0.024
2025-02-01,CZ,65+,0.009
2025-02-01,DE,18-24,0.281
2025-02-01,DE,25-34,0.405
2025-02-01,DE,35-44,0.184
2025-02-01,DE,45-54,0.079
2025-02-01,DE,55-64,0.032
2025-02-01,DE,65+,0.019
2025-02-01,DK,18-24,0.219
2025-02-01,DK,25-34,0.424
2025-02-01,DK,35-44,0.184
2025-02-01,DK,45-54,0.093
2025-02-01,DK,55-64,0.059
2025-02-01,DK,65+,0.021
2025-02-01,DO,18-24,0.373
2025-02-01,DO,25-34,0.371
2025-02-01,DO,35-44,0.155
2025-02-01,DO,45-54,0.053
2025-02-01,DO,55-64,0.026
2025-02-01,DO,65+,0.022
2025-02-01,DZ,18-24,0.457
2025-02-01,DZ,25-34,0.294
2025-02-01,DZ,35-44,0.114
2025-02-01,DZ,45-54,0.055
2025-02-01,DZ,55-64,0.028
2025-02-01,DZ,65+,0.051
2025-02-01,EC,18-24,0.392
2025-02-01,EC,25-34,0.395
2025-02-01,EC,35-44,0.109
2025-02-01,EC,45-54,0.058
2025-02-01,EC,55-64,0.032
2025-02-01,EC,65+,0.013
2025-02-01,EE,18-24,0.245
2025-02-01,EE,25-34,0.389
2025-02-01,EE,35-44,0.206
2025-02-01,EE,45-54,0.136
2025-02-01,EE,55-64,0.024
2025-02-01,EE,65+,0.000
2025-02-01,EG,18-24,0.477
2025-02-01,EG,25-34,0.329
2025-02-01,EG,35-44,0.117
2025-02-01,EG,45-54,0.037
2025-02-01,EG,55-64,0.015
2025-02-01,EG,65+,0.024
2025-02-01,ES,18-24,0.304
2025-02-01,ES,25-34,0.356
2025-02-01,ES,35-44,0.177
2025-02-01,ES,45-54,0.104
2025-02-01,ES,55-64,0.039
2025-02-01,ES,65+,0.021
2025-02-01,ET,18-24,0.319
2025-02-01,ET,25-34,0.454
2025-02-01,ET,35-44,0.145
2025-02-01,ET,45-54,0.035
2025-02-01,ET,55-64,0.018
2025-02-01,ET,65+,0.029
2025-02-01,FI,18-24,0.289
2025-02-01,FI,25-34,0.372
2025-02-01,FI,35-44,0.226
2025-02-01,FI,45-54,0.069
2025-02-01,FI,55-64,0.020
2025-02-01,FI,65+,0.024
2025-02-01,FR,18-24,0.325
2025-02-01,FR,25-34,0.380
2025-02-01,FR,35-44,0.164
2025-02-01,FR,45-54,0.082
2025-02-01,FR,55-64,0.034
2025-02-01,FR,65+,0.015
2025-02-01,GB,18-24,0.272
2025-02-01,GB,25-34,0.375
2025-02-01,GB,35-44,0.204
2025-02-01,GB,45-54,0.096
2025-02-01,GB,55-64,0.038
2025-02-01,GB,65+,0.016
2025-02-01,GE,18-24,0.378
2025-02-01,GE,25-34,0.363
2025-02-01,GE,35-44,0.161
2025-02-01,GE,45-54,0.057
2025-02-01,GE,55-64,0.021
2025-02-01,GE,65+,0.020
2025-02-01,GH,18-24,0.419
2025-02-01,GH,25-34,0.413
2025-02-01,GH,35-44,0.124
2025-02-01,GH,45-54,0.040
2025-02-01,GH,55-64,0.003
2025-02-01,GH,65+,0.001
2025-02-01,GR,18-24,0.312
2025-02-01,GR,25-34,0.369
2025-02-01,GR,35-44,0.163
2025-02-01,GR,45-54,0.100
2025-02-01,GR,55-64,0.046
2025-02-01,GR,65+,0.010
2025-02-01,GT,18-24,0.372
2025-02-01,GT,25-34,0.451
2025-02-01,GT,35-44,0.101
2025-02-01,GT,45-54,0.040
2025-02-01,GT,55-64,0.028
2025-02-01,GT,65+,0.008
2025-02-01,HN,18-24,0.364
2025-02-01,HN,25-34,0.417
2025-02-01,HN,35-44,0.104
2025-02-01,HN,45-54,0.082
2025-02-01,HN,55-64,0.030
2025-02-01,HN,65+,0.003
2025-02-01,HR,18-24,0.217
2025-02-01,HR,25-34,0.446
2025-02-01,HR,35-44,0.183
2025-02-01,HR,45-54,0.079
2025-02-01,HR,55-64,0.025
2025-02-01,HR,65+,0.051
2025-02-01,HU,18-24,0.253
2025-02-01,HU,25-34,0.414
2025-02-01,HU,35-44,0.183
2025-02-01,HU,45-54,0.101
2025-02-01,HU,55-64,0.042
2025-02-01,HU,65+,0.008
2025-02-01,ID,18-24,0.517
2025-02-01,ID,25-34,0.333
2025-02-01,ID,35-44,0.086
2025-02-01,ID,45-54,0.036
2025-02-01,ID,55-64,0.012
2025-02-01,ID,65+,0.016
2025-02-01,IE,18-24,0.259
2025-02-01,IE,25-34,0.374
2025-02-01,IE,35-44,0.199
2025-02-01,IE,45-54,0.111
2025-02-01,IE,55-64,0.039
2025-02-01,IE,65+,0.017
2025-02-01,IL,18-24,0.273
2025-02-01,IL,25-34,0.389
2025-02-01,IL,35-44,0.171
2025-02-01,IL,45-54,0.105
2025-02-01,IL,55-64,0.033
2025-02-01,IL,65+,0.029
2025-02-01,IN,18-24,0.479
2025-02-01,IN,25-34,0.349
2025-02-01,IN,35-44,0.110
2025-02-01,IN,45-54,0.037
2025-02-01,IN,55-64,0.011
2025-02-01,IN,65+,0.014
2025-02-01,IQ,18-24,0.496
2025-02-01,IQ,25-34,0.315
2025-02-01,IQ,35-44,0.103
2025-02-01,IQ,45-54,0.044
2025-02-01,IQ,55-64,0.021
2025-02-01,IQ,65+,0.021
2025-02-01,IT,18-24,0.303
2025-02-01,IT,25-34,0.364
2025-02-01,IT,35-44,0.155
2025-02-01,IT,45-54,0.107
2025-02-01,IT,55-64,0.049
2025-02-01,IT,65+,0.021
2025-02-01,JO,18-24,0.388
2025-02-01,JO,25-34,0.399
2025-02-01,JO,35-44,0.136
2025-02-01,JO,45-54,0.023
2025-02-01,JO,55-64,0.037
2025-02-01,JO,65+,0.016
2025-02-01,JP,18-24,0.241
2025-02-01,JP,25-34,0.389
2025-02-01,JP,35-44,0.205
2025-02-01,JP,45-54,0.107
2025-02-01,JP,55-64,0.044
2025-02-01,JP,65+,0.015
2025-02-01,KE,18-24,0.426
2025-02-01,KE,25-34,0.394
2025-02-01,KE,35-44,0.122
2025-02-01,KE,45-54,0.032
2025-02-01,KE,55-64,0.005
2025-02-01,KE,65+,0.021
2025-02-01,KG,18-24,0.548
2025-02-01,KG,25-34,0.266
2025-02-01,KG,35-44,0.113
2025-02-01,KG,45-54,0.031
2025-02-01,KG,55-64,0.030
2025-02-01,KG,65+,0.012
2025-02-01,KH,18-24,0.404
2025-02-01,KH,25-34,0.430
2025-02-01,KH,35-44,0.106
2025-02-01,KH,45-54,0.033
2025-02-01,KH,55-64,0.019
2025-02-01,KH,65+,0.007
2025-02-01,KR,18-24,0.156
2025-02-01,KR,25-34,0.425
2025-02-01,KR,35-44,0.241
2025-02-01,KR,45-54,0.114
2025-02-01,KR,55-64,0.046
2025-02-01,KR,65+,0.020
2025-02-01,KW,18-24,0.256
2025-02-01,KW,25-34,0.367
2025-02-01,KW,35-44,0.238
2025-02-01,KW,45-54,0.091
2025-02-01,KW,55-64,0.047
2025-02-01,KW,65+,0.000
2025-02-01,KZ,18-24,0.489
2025-02-01,KZ,25-34,0.305
2025-02-01,KZ,35-44,0.118
2025-02-01,KZ,45-54,0.038
2025-02-01,KZ,55-64,0.016
2025-02-01,KZ,65+,0.035
2025-02-01,LB,18-24,0.362
2025-02-01,LB,25-34,0.366
2025-02-01,LB,35-44,0.152
2025-02-01,LB,45-54,0.087
2025-02-01,LB,55-64,0.025
2025-02-01,LB,65+,0.009
2025-02-01,LK,18-24,0.418
2025-02-01,LK,25-34,0.410
2025-02-01,LK,35-44,0.119
2025-02-01,LK,45-54,0.044
2025-02-01,LK,55-64,0.010
2025-02-01,LK,65+,0.000
2025-02-01,LT,18-24,0.203
2025-02-01,LT,25-34,0.456
2025-02-01,LT,35-44,0.170
2025-02-01,LT,45-54,0.103
2025-02-01,LT,55-64,0.036
2025-02-01,LT,65+,0.032
2025-02-01,LV,18-24,0.316
2025-02-01,LV,25-34,0.431
2025-02-01,LV,35-44,0.144
2025-02-01,LV,45-54,0.044
2025-02-01,LV,55-64,0.039
2025-02-01,LV,65+,0.026
2025-02-01,LY,18-24,0.566
2025-02-01,LY,25-34,0.236
2025-02-01,LY,35-44,0.097
2025-02-01,LY,45-54,0.048
2025-02-01,LY,55-64,0.026
2025-02-01,LY,65+,0.027
2025-02-01,MA,18-24,0.378
2025-02-01,MA,25-34,0.372
2025-02-01,MA,35-44,0.135
2025-02-01,MA,45-54,0.045
2025-02-01,MA,55-64,0.024
2025-02-01,MA,65+,0.046
2025-02-01,MD,18-24,0.428
2025-02-01,MD,25-34,0.355
2025-02-01,MD,35-44,0.173
2025-02-01,MD,45-54,0.000
2025-02-01,MD,55-64,0.032
2025-02-01,MD,65+,0.012
2025-02-01,MG,18-24,0.512
2025-02-01,MG,25-34,0.311
2025-02-01,MG,35-44,0.084
2025-02-01,MG,45-54,0.071
2025-02-01,MG,55-64,0.023
2025-02-01,MG,65+,0.000
2025-02-01,MM,18-24,0.561
2025-02-01,MM,25-34,0.324
2025-02-01,MM,35-44,0.044
2025-02-01,MM,45-54,0.043
2025-02-01,MM,55-64,0.010
2025-02-01,MM,65+,0.018
2025-02-01,MN,18-24,0.490
2025-02-01,MN,25-34,0.317
2025-02-01,MN,35-44,0.122
2025-02-01,MN,45-54,0.041
2025-02-01,MN,55-64,0.023
2025-02-01,MN,65+,0.007
2025-02-01,MX,18-24,0.462
2025-02-01,MX,25-34,0.344
2025-02-01,MX,35-44,0.113
2025-02-01,MX,45-54,0.045
2025-02-01,MX,55-64,0.020
2025-02-01,MX,65+,0.015
2025-02-01,MY,18-24,0.414
2025-02-01,MY,25-34,0.338
2025-02-01,MY,35-44,0.162
2025-02-01,MY,45-54,0.054
2025-02-01,MY,55-64,0.017
2025-02-01,MY,65+,0.015
2025-02-01,NG,18-24,0.409
2025-02-01,NG,25-34,0.393
2025-02-01,NG,35-44,0.115
2025-02-01,NG,45-54,0.040
2025-02-01,NG,55-64,0.027
2025-02-01,NG,65+,0.014
2025-02-01,NI,18-24,0.423
2025-02-01,NI,25-34,0.405
2025-02-01,NI,35-44,0.128
2025-02-01,NI,45-54,0.015
2025-02-01,NI,55-64,0.028
2025-02-01,NI,65+,0.000
2025-02-01,NL,18-24,0.274
2025-02-01,NL,25-34,0.397
2025-02-01,NL,35-44,0.184
2025-02-01,NL,45-54,0.077
2025-02-01,NL,55-64,0.045
2025-02-01,NL,65+,0.023
2025-02-01,NO,18-24,0.274
2025-02-01,NO,25-34,0.341
2025-02-01,NO,35-44,0.219
2025-02-01,NO,45-54,0.107
2025-02-01,NO,55-64,0.027
2025-02-01,NO,65+,0.033
2025-02-01,NP,18-24,0.439
2025-02-01,NP,25-34,0.366
2025-02-01,NP,35-44,0.100
2025-02-01,NP,45-54,0.031
2025-02-01,NP,55-64,0.025
2025-02-01,NP,65+,0.039
2025-02-01,NZ,18-24,0.183
2025-02-01,NZ,25-34,0.410
2025-02-01,NZ,35-44,0.228
2025-02-01,NZ,45-54,0.109
2025-02-01,NZ,55-64,0.033
2025-02-01,NZ,65+,0.037
2025-02-01,OM,18-24,0.339
2025-02-01,OM,25-34,0.359
2025-02-01,OM,35-44,0.191
2025-02-01,OM,45-54,0.092
2025-02-01,OM,55-64,0.019
2025-02-01,OM,65+,0.000
2025-02-01,PA,18-24,0.303
2025-02-01,PA,25-34,0.429
2025-02-01,PA,35-44,0.170
2025-02-01,PA,45-54,0.028
2025-02-01,PA,55-64,0.040
2025-02-01,PA,65+,0.031
2025-02-01,PE,18-24,0.373
2025-02-01,PE,25-34,0.376
2025-02-01,PE,35-44,0.139
2025-02-01,PE,45-54,0.074
2025-02-01,PE,55-64,0.021
2025-02-01,PE,65+,0.018
2025-02-01,PH,18-24,0.491
2025-02-01,PH,25-34,0.347
2025-02-01,PH,35-44,0.091
2025-02-01,PH,45-54,0.036
2025-02-01,PH,55-64,0.016
2025-02-01,PH,65+,0.019
2025-02-01,PK,18-24,0.424
2025-02-01,PK,25-34,0.395
2025-02-01,PK,35-44,0.116
2025-02-01,PK,45-54,0.043
2025-02-01,PK,55-64,0.008
2025-02-01,PK,65+,0.014
2025-02-01,PL,18-24,0.288
2025-02-01,PL,25-34,0.433
2025-02-01,PL,35-44,0.176
2025-02-01,PL,45-54,0.069
2025-02-01,PL,55-64,0.018
2025-02-01,PL,65+,0.017
2025-02-01,PR,18-24,0.305
2025-02-01,PR,25-34,0.302
2025-02-01,PR,35-44,0.219
2025-02-01,PR,45-54,0.066
2025-02-01,PR,55-64,0.052
2025-02-01,PR,65+,0.056
2025-02-01,PS,18-24,0.483
2025-02-01,PS,25-34,0.252
2025-02-01,PS,35-44,0.109
2025-02-01,PS,45-54,0.059
2025-02-01,PS,55-64,0.041
2025-02-01,PS,65+,0.056
2025-02-01,PT,18-24,0.278
2025-02-01,PT,25-34,0.352
2025-02-01,PT,35-44,0.200
2025-02-01,PT,45-54,0.116
2025-02-01,PT,55-64,0.035
2025-02-01,PT,65+,0.019
2025-02-01,PY,18-24,0.354
2025-02-01,PY,25-34,0.376
2025-02-01,PY,35-44,0.062
2025-02-01,PY,45-54,0.144
2025-02-01,PY,55-64,0.000
2025-02-01,PY,65+,0.065
2025-02-01,QA,18-24,0.228
2025-02-01,QA,25-34,0.392
2025-02-01,QA,35-44,0.251
2025-02-01,QA,45-54,0.043
2025-02-01,QA,55-64,0.053
2025-02-01,QA,65+,0.034
2025-02-01,RO,18-24,0.300
2025-02-01,RO,25-34,0.388
2025-02-01,RO,35-44,0.182
2025-02-01,RO,45-54,0.079
2025-02-01,RO,55-64,0.033
2025-02-01,RO,65+,0.018
2025-02-01,RS,18-24,0.217
2025-02-01,RS,25-34,0.426
2025-02-01,RS,35-44,0.197
2025-02-01,RS,45-54,0.109
2025-02-01,RS,55-64,0.030
2025-02-01,RS,65+,0.022
2025-02-01,SA,18-24,0.413
2025-02-01,SA,25-34,0.393
2025-02-01,SA,35-44,0.120
2025-02-01,SA,45-54,0.043
2025-02-01,SA,55-64,0.011
2025-02-01,SA,65+,0.019
2025-02-01,SD,18-24,0.520
2025-02-01,SD,25-34,0.273
2025-02-01,SD,35-44,0.163
2025-02-01,SD,45-54,0.000
2025-02-01,SD,55-64,0.037
2025-02-01,SD,65+,0.007
2025-02-01,SE,18-24,0.279
2025-02-01,SE,25-34,0.358
2025-02-01,SE,35-44,0.192
2025-02-01,SE,45-54,0.118
2025-02-01,SE,55-64,0.035
2025-02-01,SE,65+,0.018
2025-02-01,SG,18-24,0.262
2025-02-01,SG,25-34,0.462
2025-02-01,SG,35-44,0.199
2025-02-01,SG,45-54,0.056
2025-02-01,SG,55-64,0.017
2025-02-01,SG,65+,0.004
2025-02-01,SI,18-24,0.312
2025-02-01,SI,25-34,0.258
2025-02-01,SI,35-44,0.200
2025-02-01,SI,45-54,0.220
2025-02-01,SI,55-64,0.010
2025-02-01,SI,65+,0.000
2025-02-01,SK,18-24,0.249
2025-02-01,SK,25-34,0.422
2025-02-01,SK,35-44,0.192
2025-02-01,SK,45-54,0.046
2025-02-01,SK,55-64,0.042
2025-02-01,SK,65+,0.049
2025-02-01,SN,18-24,0.604
2025-02-01,SN,25-34,0.298
2025-02-01,SN,35-44,0.032
2025-02-01,SN,45-54,0.026
2025-02-01,SN,55-64,0.000
2025-02-01,SN,65+,0.040
2025-02-01,SO,18-24,0.494
2025-02-01,SO,25-34,0.308
2025-02-01,SO,35-44,0.051
2025-02-01,SO,45-54,0.034
2025-02-01,SO,55-64,0.041
2025-02-01,SO,65+,0.072
2025-02-01,SV,18-24,0.471
2025-02-01,SV,25-34,0.434
2025-02-01,SV,35-44,0.056
2025-02-01,SV,45-54,0.009
2025-02-01,SV,55-64,0.021
2025-02-01,SV,65+,0.008
2025-02-01,TH,18-24,0.497
2025-02-01,TH,25-34,0.300
2025-02-01,TH,35-44,0.110
2025-02-01,TH,45-54,0.047
2025-02-01,TH,55-64,0.020
2025-02-01,TH,65+,0.027
2025-02-01,TJ,18-24,0.573
2025-02-01,TJ,25-34,0.313
2025-02-01,TJ,35-44,0.045
2025-02-01,TJ,45-54,0.058
2025-02-01,TJ,55-64,0.000
2025-02-01,TJ,65+,0.011
2025-02-01,TN,18-24,0.421
2025-02-01,TN,25-34,0.334
2025-02-01,TN,35-44,0.114
2025-02-01,TN,45-54,0.061
2025-02-01,TN,55-64,0.025
2025-02-01,TN,65+,0.045
2025-02-01,TR,18-24,0.329
2025-02-01,TR,25-34,0.410
2025-02-01,TR,35-44,0.162
2025-02-01,TR,45-54,0.064
2025-02-01,TR,55-64,0.013
2025-02-01,TR,65+,0.021
2025-02-01,TW,18-24,0.206
2025-02-01,TW,25-34,0.426
2025-02-01,TW,35-44,0.222
2025-02-01,TW,45-54,0.095
2025-02-01,TW,55-64,0.036
2025-02-01,TW,65+,0.015
2025-02-01,TZ,18-24,0.386
2025-02-01,TZ,25-34,0.359
2025-02-01,TZ,35-44,0.145
2025-02-01,TZ,45-54,0.060
2025-02-01,TZ,55-64,0.025
2025-02-01,TZ,65+,0.025
2025-02-01,UA,18-24,0.320
2025-02-01,UA,25-34,0.419
2025-02-01,UA,35-44,0.151
2025-02-01,UA,45-54,0.063
2025-02-01,UA,55-64,0.016
2025-02-01,UA,65+,0.031
2025-02-01,US,18-24,0.324
2025-02-01,US,25-34,0.360
2025-02-01,US,35-44,0.176
2025-02-01,US,45-54,0.085
2025-02-01,US,55-64,0.037
2025-02-01,US,65+,0.017
2025-02-01,UY,18-24,0.312
2025-02-01,UY,25-34,0.407
2025-02-01,UY,35-44,0.180
2025-02-01,UY,45-54,0.078
2025-02-01,UY,55-64,0.023
2025-02-01,UY,65+,0.000
2025-02-01,UZ,18-24,0.510
2025-02-01,UZ,25-34,0.252
2025-02-01,UZ,35-44,0.145
2025-02-01,UZ,45-54,0.044
2025-02-01,UZ,55-64,0.014
2025-02-01,UZ,65+,0.034
2025-02-01,VN,18-24,0.441
2025-02-01,VN,25-34,0.391
2025-02-01,VN,35-44,0.112
2025-02-01,VN,45-54,0.033
2025-02-01,VN,55-64,0.011
2025-02-01,VN,65+,0.010
2025-02-01,YE,18-24,0.418
2025-02-01,YE,25-34,0.332
2025-02-01,YE,35-44,0.116
2025-02-01,YE,45-54,0.063
2025-02-01,YE,55-64,0.011
2025-02-01,YE,65+,0.060
2025-02-01,ZA,18-24,0.312
2025-02-01,ZA,25-34,0.362
2025-02-01,ZA,35-44,0.214
2025-02-01,ZA,45-54,0.073
2025-02-01,ZA,55-64,0.037
2025-02-01,ZA,65+,0.003
2025-03-01,AE,18-24,0.221
2025-03-01,AE,25-34,0.460
2025-03-01,AE,35-44,0.215
2025-03-01,AE,45-54,0.063
2025-03-01,AE,55-64,0.024
2025-03-01,AE,65+,0.018
2025-03-01,AF,18-24,0.305
2025-03-01,AF,25-34,0.480
2025-03-01,AF,35-44,0.094
2025-03-01,AF,45-54,0.025
2025-03-01,AF,55-64,0.024
2025-03-01,AF,65+,0.073
2025-03-01,AL,18-24,0.319
2025-03-01,AL,25-34,0.467
2025-03-01,AL,35-44,0.135
2025-03-01,AL,45-54,0.032
2025-03-01,AL,55-64,0.016
2025-03-01,AL,65+,0.031
2025-03-01,AM,18-24,0.406
2025-03-01,AM,25-34,0.336
2025-03-01,AM,35-44,0.149
2025-03-01,AM,45-54,0.053
2025-03-01,AM,55-64,0.011
2025-03-01,AM,65+,0.045
2025-03-01,AO,18-24,0.428
2025-03-01,AO,25-34,0.345
2025-03-01,AO,35-44,0.175
2025-03-01,AO,45-54,0.000
2025-03-01,AO,55-64,0.038
2025-03-01,AO,65+,0.013
2025-03-01,AR,18-24,0.281
2025-03-01,AR,25-34,0.396
2025-03-01,AR,35-44,0.176
2025-03-01,AR,45-54,0.086
2025-03-01,AR,55-64,0.031
2025-03-01,AR,65+,0.029
2025-03-01,AT,18-24,0.284
2025-03-01,AT,25-34,0.380
2025-03-01,AT,35-44,0.193
2025-03-01,AT,45-54,0.097
2025-03-01,AT,55-64,0.033
2025-03-01,AT,65+,0.014
2025-03-01,AU,18-24,0.258
2025-03-01,AU,25-34,0.391
2025-03-01,AU,35-44,0.193
2025-03-01,AU,45-54,0.100
2025-03-01,AU,55-64,0.042
2025-03-01,AU,65+,0.016
2025-03-01,AZ,18-24,0.440
2025-03-01,AZ,25-34,0.331
2025-03-01,AZ,35-44,0.117
2025-03-01,AZ,45-54,0.052
2025-03-01,AZ,55-64,0.033
2025-03-01,AZ,65+,0.026
2025-03-01,BA,18-24,0.368
2025-03-01,BA,25-34,0.406
2025-03-01,BA,35-44,0.170
2025-03-01,BA,45-54,0.010
2025-03-01,BA,55-64,0.029
2025-03-01,BA,65+,0.017
2025-03-01,BD,18-24,0.534
2025-03-01,BD,25-34,0.340
2025-03-01,BD,35-44,0.056
2025-03-01,BD,45-54,0.029
2025-03-01,BD,55-64,0.015
2025-03-01,BD,65+,0.026
2025-03-01,BE,18-24,0.307
2025-03-01,BE,25-34,0.371
2025-03-01,BE,35-44,0.155
2025-03-01,BE,45-54,0.101
2025-03-01,BE,55-64,0.049
2025-03-01,BE,65+,0.016
2025-03-01,BG,18-24,0.302
2025-03-01,BG,25-34,0.371
2025-03-01,BG,35-44,0.178
2025-03-01,BG,45-54,0.096
2025-03-01,BG,55-64,0.024
2025-03-01,BG,65+,0.028
2025-03-01,BH,18-24,0.436
2025-03-01,BH,25-34,0.376
2025-03-01,BH,35-44,0.112
2025-03-01,BH,45-54,0.016
2025-03-01,BH,55-64,0.012
2025-03-01,BH,65+,0.048
2025-03-01,BO,18-24,0.512
2025-03-01,BO,25-34,0.292
2025-03-01,BO,35-44,0.115
2025-03-01,BO,45-54,0.038
2025-03-01,BO,55-64,0.026
2025-03-01,BO,65+,0.017
2025-03-01,BR,18-24,0.290
2025-03-01,BR,25-34,0.386
2025-03-01,BR,35-44,0.195
2025-03-01,BR,45-54,0.083
2025-03-01,BR,55-64,0.027
2025-03-01,BR,65+,0.019
2025-03-01,CA,18-24,0.316
2025-03-01,CA,25-34,0.368
2025-03-01,CA,35-44,0.185
2025-03-01,CA,45-54,0.086
2025-03-01,CA,55-64,0.031
2025-03-01,CA,65+,0.014
2025-03-01,CD,18-24,0.461
2025-03-01,CD,25-34,0.332
2025-03-01,CD,35-44,0.077
2025-03-01,CD,45-54,0.092
2025-03-01,CD,55-64,0.032
2025-03-01,CD,65+,0.006
2025-03-01,CH,18-24,0.235
2025-03-01,CH,25-34,0.359
2025-03-01,CH,35-44,0.217
2025-03-01,CH,45-54,0.131
2025-03-01,CH,55-64,0.043
2025-03-01,CH,65+,0.015
2025-03-01,CI,18-24,0.367
2025-03-01,CI,25-34,0.345
2025-03-01,CI,35-44,0.126
2025-03-01,CI,45-54,0.078
2025-03-01,CI,55-64,0.068
2025-03-01,CI,65+,0.015
2025-03-01,CL,18-24,0.260
2025-03-01,CL,25-34,0.371
2025-03-01,CL,35-44,0.243
2025-03-01,CL,45-54,0.099
2025-03-01,CL,55-64,0.019
2025-03-01,CL,65+,0.007
2025-03-01,CM,18-24,0.485
2025-03-01,CM,25-34,0.299
2025-03-01,CM,35-44,0.123
2025-03-01,CM,45-54,0.050
2025-03-01,CM,55-64,0.028
2025-03-01,CM,65+,0.015
2025-03-01,CO,18-24,0.355
2025-03-01,CO,25-34,0.395
2025-03-01,CO,35-44,0.154
2025-03-01,CO,45-54,0.053
2025-03-01,CO,55-64,0.024
2025-03-01,CO,65+,0.019
2025-03-01,CR,18-24,0.338
2025-03-01,CR,25-34,0.337
2025-03-01,CR,35-44,0.195
2025-03-01,CR,45-54,0.058
2025-03-01,CR,55-64,0.043
2025-03-01,CR,65+,0.029
2025-03-01,CY,18-24,0.261
2025-03-01,CY,25-34,0.314
2025-03-01,CY,35-44,0.235
2025-03-01,CY,45-54,0.134
2025-03-01,CY,55-64,0.002
2025-03-01,CY,65+,0.054
2025-03-01,CZ,18-24,0.329
2025-03-01,CZ,25-34,0.380
2025-03-01,CZ,35-44,0.165
2025-03-01,CZ,45-54,0.084
2025-03-01,CZ,55-64,0.030
2025-03-01,CZ,65+,0.012
2025-03-01,DE,18-24,0.282
2025-03-01,DE,25-34,0.401
2025-03-01,DE,35-44,0.188
2025-03-01,DE,45-54,0.080
2025-03-01,DE,55-64,0.031
2025-03-01,DE,65+,0.018
2025-03-01,DK,18-24,0.306
2025-03-01,DK,25-34,0.339
2025-03-01,DK,35-44,0.171
2025-03-01,DK,45-54,0.104
2025-03-01,DK,55-64,0.068
2025-03-01,DK,65+,0.012
2025-03-01,DO,18-24,0.370
2025-03-01,DO,25-34,0.418
2025-03-01,DO,35-44,0.131
2025-03-01,DO,45-54,0.051
2025-03-01,DO,55-64,0.029
2025-03-01,DO,65+,0.000
2025-03-01,DZ,18-24,0.488
2025-03-01,DZ,25-34,0.320
2025-03-01,DZ,35-44,0.091
2025-03-01,DZ,45-54,0.039
2025-03-01,DZ,55-64,0.022
2025-03-01,DZ,65+,0.040
2025-03-01,EC,18-24,0.334
2025-03-01,EC,25-34,0.403
2025-03-01,EC,35-44,0.174
2025-03-01,EC,45-54,0.052
2025-03-01,EC,55-64,0.024
2025-03-01,EC,65+,0.014
2025-03-01,EE,18-24,0.258
2025-03-01,EE,25-34,0.344
2025-03-01,EE,35-44,0.180
2025-03-01,EE,45-54,0.185
2025-03-01,EE,55-64,0.025
2025-03-01,EE,65+,0.007
2025-03-01,EG,18-24,0.527
2025-03-01,EG,25-34,0.318
2025-03-01,EG,35-44,0.085
2025-03-01,EG,45-54,0.030
2025-03-01,EG,55-64,0.015
2025-03-01,EG,65+,0.025
2025-03-01,ES,18-24,0.314
2025-03-01,ES,25-34,0.360
2025-03-01,ES,35-44,0.167
2025-03-01,ES,45-54,0.102
2025-03-01,ES,55-64,0.036
2025-03-01,ES,65+,0.022
2025-03-01,ET,18-24,0.390
2025-03-01,ET,25-34,0.416
2025-03-01,ET,35-44,0.121
2025-03-01,ET,45-54,0.044
2025-03-01,ET,55-64,0.008
2025-03-01,ET,65+,0.021
2025-03-01,FI,18-24,0.302
2025-03-01,FI,25-34,0.385
2025-03-01,FI,35-44,0.173
2025-03-01,FI,45-54,0.080
2025-03-01,FI,55-64,0.030
2025-03-01,FI,65+,0.030
2025-03-01,FR,18-24,0.344
2025-03-01,FR,25-34,0.368
2025-03-01,FR,35-44,0.160
2025-03-01,FR,45-54,0.082
2025-03-01,FR,55-64,0.030
2025-03-01,FR,65+,0.015
2025-03-01,GB,18-24,0.287
2025-03-01,GB,25-34,0.370
2025-03-01,GB,35-44,0.195
2025-03-01,GB,45-54,0.103
2025-03-01,GB,55-64,0.033
2025-03-01,GB,65+,0.012
2025-03-01,GE,18-24,0.346
2025-03-01,GE,25-34,0.387
2025-03-01,GE,35-44,0.153
2025-03-01,GE,45-54,0.044
2025-03-01,GE,55-64,0.016
2025-03-01,GE,65+,0.054
2025-03-01,GH,18-24,0.398
2025-03-01,GH,25-34,0.403
2025-03-01,GH,35-44,0.138
2025-03-01,GH,45-54,0.048
2025-03-01,GH,55-64,0.000
2025-03-01,GH,65+,0.013
2025-03-01,GR,18-24,0.255
2025-03-01,GR,25-34,0.382
2025-03-01,GR,35-44,0.181
2025-03-01,GR,45-54,0.129
2025-03-01,GR,55-64,0.037
2025-03-01,GR,65+,0.016
2025-03-01,GT,18-24,0.499
2025-03-01,GT,25-34,0.377
2025-03-01,GT,35-44,0.073
2025-03-01,GT,45-54,0.042
2025-03-01,GT,55-64,0.004
2025-03-01,GT,65+,0.005
2025-03-01,HN,18-24,0.411
2025-03-01,HN,25-34,0.350
2025-03-01,HN,35-44,0.139
2025-03-01,HN,45-54,0.055
2025-03-01,HN,55-64,0.001
2025-03-01,HN,65+,0.044
2025-03-01,HR,18-24,0.256
2025-03-01,HR,25-34,0.431
2025-03-01,HR,35-44,0.172
2025-03-01,HR,45-54,0.069
2025-03-01,HR,55-64,0.057
2025-03-01,HR,65+,0.015
2025-03-01,HU,18-24,0.273
2025-03-01,HU,25-34,0.392
2025-03-01,HU,35-44,0.157
2025-03-01,HU,45-54,0.104
2025-03-01,HU,55-64,0.041
2025-03-01,HU,65+,0.032
2025-03-01,ID,18-24,0.538
2025-03-01,ID,25-34,0.326
2025-03-01,ID,35-44,0.076
2025-03-01,ID,45-54,0.030
2025-03-01,ID,55-64,0.010
2025-03-01,ID,65+,0.021
2025-03-01,IE,18-24,0.306
2025-03-01,IE,25-34,0.402
2025-03-01,IE,35-44,0.152
2025-03-01,IE,45-54,0.111
2025-03-01,IE,55-64,0.012
2025-03-01,IE,65+,0.016
2025-03-01,IL,18-24,0.278
2025-03-01,IL,25-34,0.371
2025-03-01,IL,35-44,0.175
2025-03-01,IL,45-54,0.098
2025-03-01,IL,55-64,0.048
2025-03-01,IL,65+,0.029
2025-03-01,IN,18-24,0.496
2025-03-01,IN,25-34,0.341
2025-03-01,IN,35-44,0.102
2025-03-01,IN,45-54,0.036
2025-03-01,IN,55-64,0.010
2025-03-01,IN,65+,0.015
2025-03-01,IQ,18-24,0.509
2025-03-01,IQ,25-34,0.350
2025-03-01,IQ,35-44,0.077
2025-03-01,IQ,45-54,0.022
2025-03-01,IQ,55-64,0.010
2025-03-01,IQ,65+,0.033
2025-03-01,IT,18-24,0.308
2025-03-01,IT,25-34,0.363
2025-03-01,IT,35-44,0.154
2025-03-01,IT,45-54,0.096
2025-03-01,IT,55-64,0.056
2025-03-01,IT,65+,0.022
2025-03-01,JO,18-24,0.474
2025-03-01,JO,25-34,0.335
2025-03-01,JO,35-44,0.113
2025-03-01,JO,45-54,0.039
2025-03-01,JO,55-64,0.026
2025-03-01,JO,65+,0.013
2025-03-01,JP,18-24,0.240
2025-03-01,JP,25-34,0.391
2025-03-01,JP,35-44,0.197
2025-03-01,JP,45-54,0.112
2025-03-01,JP,55-64,0.047
2025-03-01,JP,65+,0.012
2025-03-01,KE,18-24,0.493
2025-03-01,KE,25-34,0.328
2025-03-01,KE,35-44,0.101
2025-03-01,KE,45-54,0.033
2025-03-01,KE,55-64,0.022
2025-03-01,KE,65+,0.023
2025-03-01,KG,18-24,0.515
2025-03-01,KG,25-34,0.278
2025-03-01,KG,35-44,0.108
2025-03-01,KG,45-54,0.062
2025-03-01,KG,55-64,0.018
2025-03-01,KG,65+,0.019
2025-03-01,KH,18-24,0.332
2025-03-01,KH,25-34,0.451
2025-03-01,KH,35-44,0.163
2025-03-01,KH,45-54,0.032
2025-03-01,KH,55-64,0.012
2025-03-01,KH,65+,0.011
2025-03-01,KR,18-24,0.218
2025-03-01,KR,25-34,0.389
2025-03-01,KR,35-44,0.228
2025-03-01,KR,45-54,0.115
2025-03-01,KR,55-64,0.036
2025-03-01,KR,65+,0.014
2025-03-01,KW,18-24,0.297
2025-03-01,KW,25-34,0.466
2025-03-01,KW,35-44,0.171
2025-03-01,KW,45-54,0.018
2025-03-01,KW,55-64,0.013
2025-03-01,KW,65+,0.035
2025-03-01,KZ,18-24,0.495
2025-03-01,KZ,25-34,0.293
2025-03-01,KZ,35-44,0.111
2025-03-01,KZ,45-54,0.040
2025-03-01,KZ,55-64,0.020
2025-03-01,KZ,65+,0.040
2025-03-01,LB,18-24,0.408
2025-03-01,LB,25-34,0.347
2025-03-01,LB,35-44,0.145
2025-03-01,LB,45-54,0.073
2025-03-01,LB,55-64,0.017
2025-03-01,LB,65+,0.010
2025-03-01,LK,18-24,0.442
2025-03-01,LK,25-34,0.342
2025-03-01,LK,35-44,0.104
2025-03-01,LK,45-54,0.065
2025-03-01,LK,55-64,0.021
2025-03-01,LK,65+,0.025
2025-03-01,LT,18-24,0.292
2025-03-01,LT,25-34,0.445
2025-03-01,LT,35-44,0.161
2025-03-01,LT,45-54,0.055
2025-03-01,LT,55-64,0.015
2025-03-01,LT,65+,0.032
2025-03-01,LV,18-24,0.262
2025-03-01,LV,25-34,0.329
2025-03-01,LV,35-44,0.223
2025-03-01,LV,45-54,0.108
2025-03-01,LV,55-64,0.044
2025-03-01,LV,65+,0.035
2025-03-01,LY,18-24,0.432
2025-03-01,LY,25-34,0.348
2025-03-01,LY,35-44,0.110
2025-03-01,LY,45-54,0.035
2025-03-01,LY,55-64,0.038
2025-03-01,LY,65+,0.037
2025-03-01,MA,18-24,0.431
2025-03-01,MA,25-34,0.331
2025-03-01,MA,35-44,0.123
2025-03-01,MA,45-54,0.055
2025-03-01,MA,55-64,0.019
2025-03-01,MA,65+,0.041
2025-03-01,MD,18-24,0.382
2025-03-01,MD,25-34,0.348
2025-03-01,MD,35-44,0.157
2025-03-01,MD,45-54,0.057
2025-03-01,MD,55-64,0.024
2025-03-01,MD,65+,0.032
2025-03-01,MG,18-24,0.482
2025-03-01,MG,25-34,0.414
2025-03-01,MG,35-44,0.048
2025-03-01,MG,45-54,0.029
2025-03-01,MG,55-64,0.027
2025-03-01,MG,65+,0.000
2025-03-01,MM,18-24,0.565
2025-03-01,MM,25-34,0.314
2025-03-01,MM,35-44,0.102
2025-03-01,MM,45-54,0.000
2025-03-01,MM,55-64,0.002
2025-03-01,MM,65+,0.017
2025-03-01,MN,18-24,0.472
2025-03-01,MN,25-34,0.295
2025-03-01,MN,35-44,0.153
2025-03-01,MN,45-54,0.077
2025-03-01,MN,55-64,0.003
2025-03-01,MN,65+,0.000
2025-03-01,MX,18-24,0.480
2025-03-01,MX,25-34,0.340
2025-03-01,MX,35-44,0.103
2025-03-01,MX,45-54,0.045
2025-03-01,MX,55-64,0.018
2025-03-01,MX,65+,0.014
2025-03-01,MY,18-24,0.385
2025-03-01,MY,25-34,0.349
2025-03-01,MY,35-44,0.161
2025-03-01,MY,45-54,0.073
2025-03-01,MY,55-64,0.017
2025-03-01,MY,65+,0.015
2025-03-01,NG,18-24,0.411
2025-03-01,NG,25-34,0.382
2025-03-01,NG,35-44,0.110
2025-03-01,NG,45-54,0.057
2025-03-01,NG,55-64,0.021
2025-03-01,NG,65+,0.020
2025-03-01,NI,18-24,0.426
2025-03-01,NI,25-34,0.308
2025-03-01,NI,35-44,0.122
2025-03-01,NI,45-54,0.062
2025-03-01,NI,55-64,0.014
2025-03-01,NI,65+,0.067
2025-03-01,NL,18-24,0.324
2025-03-01,NL,25-34,0.369
2025-03-01,NL,35-44,0.176
2025-03-01,NL,45-54,0.074
2025-03-01,NL,55-64,0.037
2025-03-01,NL,65+,0.020
2025-03-01,NO,18-24,0.290
2025-03-01,NO,25-34,0.331
2025-03-01,NO,35-44,0.211
2025-03-01,NO,45-54,0.113
2025-03-01,NO,55-64,0.043
2025-03-01,NO,65+,0.013
2025-03-01,NP,18-24,0.492
2025-03-01,NP,25-34,0.327
2025-03-01,NP,35-44,0.095
2025-03-01,NP,45-54,0.027
2025-03-01,NP,55-64,0.014
2025-03-01,NP,65+,0.045
2025-03-01,NZ,18-24,0.321
2025-03-01,NZ,25-34,0.349
2025-03-01,NZ,35-44,0.223
2025-03-01,NZ,45-54,0.078
2025-03-01,NZ,55-64,0.029
2025-03-01,NZ,65+,0.000
2025-03-01,OM,18-24,0.375
2025-03-01,OM,25-34,0.379
2025-03-01,OM,35-44,0.111
2025-03-01,OM,45-54,0.075
2025-03-01,OM,55-64,0.037
2025-03-01,OM,65+,0.024
2025-03-01,PA,18-24,0.250
2025-03-01,PA,25-34,0.378
2025-03-01,PA,35-44,0.209
2025-03-01,PA,45-54,0.079
2025-03-01,PA,55-64,0.024
2025-03-01,PA,65+,0.060
2025-03-01,PE,18-24,0.377
2025-03-01,PE,25-34,0.383
2025-03-01,PE,35-44,0.133
2025-03-01,PE,45-54,0.068
2025-03-01,PE,55-64,0.026
2025-03-01,PE,65+,0.014
2025-03-01,PH,18-24,0.477
2025-03-01,PH,25-34,0.368
2025-03-01,PH,35-44,0.088
2025-03-01,PH,45-54,0.033
2025-03-01,PH,55-64,0.013
2025-03-01,PH,65+,0.020
2025-03-01,PK,18-24,0.454
2025-03-01,PK,25-34,0.371
2025-03-01,PK,35-44,0.110
2025-03-01,PK,45-54,0.033
2025-03-01,PK,55-64,0.011
2025-03-01,PK,65+,0.020
2025-03-01,PL,18-24,0.316
2025-03-01,PL,25-34,0.398
2025-03-01,PL,35-44,0.171
2025-03-01,PL,45-54,0.074
2025-03-01,PL,55-64,0.021
2025-03-01,PL,65+,0.020
2025-03-01,PR,18-24,0.335
2025-03-01,PR,25-34,0.277
2025-03-01,PR,35-44,0.177
2025-03-01,PR,45-54,0.147
2025-03-01,PR,55-64,0.056
2025-03-01,PR,65+,0.007
2025-03-01,PS,18-24,0.471
2025-03-01,PS,25-34,0.413
2025-03-01,PS,35-44,0.114
2025-03-01,PS,45-54,0.000
2025-03-01,PS,55-64,0.002
2025-03-01,PS,65+,0.000
2025-03-01,PT,18-24,0.290
2025-03-01,PT,25-34,0.367
2025-03-01,PT,35-44,0.195
2025-03-01,PT,45-54,0.102
2025-03-01,PT,55-64,0.027
2025-03-01,PT,65+,0.018
2025-03-01,PY,18-24,0.386
2025-03-01,PY,25-34,0.339
2025-03-01,PY,35-44,0.119
2025-03-01,PY,45-54,0.114
2025-03-01,PY,55-64,0.000
2025-03-01,PY,65+,0.042
2025-03-01,QA,18-24,0.234
2025-03-01,QA,25-34,0.415
2025-03-01,QA,35-44,0.220
2025-03-01,QA,45-54,0.088
2025-03-01,QA,55-64,0.029
2025-03-01,QA,65+,0.015
2025-03-01,RO,18-24,0.296
2025-03-01,RO,25-34,0.409
2025-03-01,RO,35-44,0.167
2025-03-01,RO,45-54,0.077
2025-03-01,RO,55-64,0.024
2025-03-01,RO,65+,0.027
2025-03-01,RS,18-24,0.345
2025-03-01,RS,25-34,0.382
2025-03-01,RS,35-44,0.148
2025-03-01,RS,45-54,0.074
2025-03-01,RS,55-64,0.022
2025-03-01,RS,65+,0.029
2025-03-01,SA,18-24,0.397
2025-03-01,SA,25-34,0.414
2025-03-01,SA,35-44,0.119
2025-03-01,SA,45-54,0.047
2025-03-01,SA,55-64,0.009
2025-03-01,SA,65+,0.014
2025-03-01,SE,18-24,0.278
2025-03-01,SE,25-34,0.392
2025-03-01,SE,35-44,0.189
2025-03-01,SE,45-54,0.096
2025-03-01,SE,55-64,0.033
2025-03-01,SE,65+,0.013
2025-03-01,SG,18-24,0.283
2025-03-01,SG,25-34,0.464
2025-03-01,SG,35-44,0.174
2025-03-01,SG,45-54,0.055
2025-03-01,SG,55-64,0.017
2025-03-01,SG,65+,0.007
2025-03-01,SI,18-24,0.248
2025-03-01,SI,25-34,0.375
2025-03-01,SI,35-44,0.239
2025-03-01,SI,45-54,0.121
2025-03-01,SI,55-64,0.017
2025-03-01,SI,65+,0.000
2025-03-01,SK,18-24,0.341
2025-03-01,SK,25-34,0.375
2025-03-01,SK,35-44,0.147
2025-03-01,SK,45-54,0.091
2025-03-01,SK,55-64,0.031
2025-03-01,SK,65+,0.016
2025-03-01,SN,18-24,0.490
2025-03-01,SN,25-34,0.325
2025-03-01,SN,35-44,0.031
2025-03-01,SN,45-54,0.068
2025-03-01,SN,55-64,0.054
2025-03-01,SN,65+,0.033
2025-03-01,SO,18-24,0.508
2025-03-01,SO,25-34,0.292
2025-03-01,SO,35-44,0.113
2025-03-01,SO,45-54,0.022
2025-03-01,SO,55-64,0.029
2025-03-01,SO,65+,0.036
2025-03-01,SV,18-24,0.456
2025-03-01,SV,25-34,0.415
2025-03-01,SV,35-44,0.078
2025-03-01,SV,45-54,0.043
2025-03-01,SV,55-64,0.000
2025-03-01,SV,65+,0.008
2025-03-01,TH,18-24,0.459
2025-03-01,TH,25-34,0.323
2025-03-01,TH,35-44,0.123
2025-03-01,TH,45-54,0.052
2025-03-01,TH,55-64,0.024
2025-03-01,TH,65+,0.019
2025-03-01,TN,18-24,0.378
2025-03-01,TN,25-34,0.323
2025-03-01,TN,35-44,0.155
2025-03-01,TN,45-54,0.053
2025-03-01,TN,55-64,0.023
2025-03-01,TN,65+,0.068
2025-03-01,TR,18-24,0.378
2025-03-01,TR,25-34,0.389
2025-03-01,TR,35-44,0.145
2025-03-01,TR,45-54,0.056
2025-03-01,TR,55-64,0.015
2025-03-01,TR,65+,0.017
2025-03-01,TW,18-24,0.269
2025-03-01,TW,25-34,0.415
2025-03-01,TW,35-44,0.206
2025-03-01,TW,45-54,0.081
2025-03-01,TW,55-64,0.018
2025-03-01,TW,65+,0.011
2025-03-01,TZ,18-24,0.375
2025-03-01,TZ,25-34,0.422
2025-03-01,TZ,35-44,0.111
2025-03-01,TZ,45-54,0.050
2025-03-01,TZ,55-64,0.041
2025-03-01,TZ,65+,0.000
2025-03-01,UA,18-24,0.324
2025-03-01,UA,25-34,0.406
2025-03-01,UA,35-44,0.152
2025-03-01,UA,45-54,0.073
2025-03-01,UA,55-64,0.023
2025-03-01,UA,65+,0.022
2025-03-01,UG,18-24,0.341
2025-03-01,UG,25-34,0.428
2025-03-01,UG,35-44,0.170
2025-03-01,UG,45-54,0.000
2025-03-01,UG,55-64,0.060
2025-03-01,UG,65+,0.000
2025-03-01,US,18-24,0.316
2025-03-01,US,25-34,0.359
2025-03-01,US,35-44,0.179
2025-03-01,US,45-54,0.089
2025-03-01,US,55-64,0.037
2025-03-01,US,65+,0.019
2025-03-01,UY,18-24,0.294
2025-03-01,UY,25-34,0.403
2025-03-01,UY,35-44,0.194
2025-03-01,UY,45-54,0.092
2025-03-01,UY,55-64,0.000
2025-03-01,UY,65+,0.016
2025-03-01,UZ,18-24,0.502
2025-03-01,UZ,25-34,0.252
2025-03-01,UZ,35-44,0.146
2025-03-01,UZ,45-54,0.055
2025-03-01,UZ,55-64,0.015
2025-03-01,UZ,65+,0.029
2025-03-01,VN,18-24,0.469
2025-03-01,VN,25-34,0.366
2025-03-01,VN,35-44,0.113
2025-03-01,VN,45-54,0.030
2025-03-01,VN,55-64,0.010
2025-03-01,VN,65+,0.011
2025-03-01,YE,18-24,0.409
2025-03-01,YE,25-34,0.378
2025-03-01,YE,35-44,0.084
2025-03-01,YE,45-54,0.064
2025-03-01,YE,55-64,0.052
2025-03-01,YE,65+,0.014
2025-03-01,ZA,18-24,0.425
2025-03-01,ZA,25-34,0.324
2025-03-01,ZA,35-44,0.146
2025-03-01,ZA,45-54,0.063
2025-03-01,ZA,55-64,0.032
2025-03-01,ZA,65+,0.010
2025-04-01,AE,18-24,0.222
2025-04-01,AE,25-34,0.441
2025-04-01,AE,35-44,0.247
2025-04-01,AE,45-54,0.066
2025-04-01,AE,55-64,0.016
2025-04-01,AE,65+,0.008
2025-04-01,AF,18-24,0.450
2025-04-01,AF,25-34,0.300
2025-04-01,AF,35-44,0.099
2025-04-01,AF,45-54,0.040
2025-04-01,AF,55-64,0.024
2025-04-01,AF,65+,0.086
2025-04-01,AL,18-24,0.283
2025-04-01,AL,25-34,0.355
2025-04-01,AL,35-44,0.168
2025-04-01,AL,45-54,0.076
2025-04-01,AL,55-64,0.038
2025-04-01,AL,65+,0.080
2025-04-01,AM,18-24,0.376
2025-04-01,AM,25-34,0.340
2025-04-01,AM,35-44,0.200
2025-04-01,AM,45-54,0.045
2025-04-01,AM,55-64,0.029
2025-04-01,AM,65+,0.010
2025-04-01,AO,18-24,0.513
2025-04-01,AO,25-34,0.301
2025-04-01,AO,35-44,0.116
2025-04-01,AO,45-54,0.045
2025-04-01,AO,55-64,0.025
2025-04-01,AO,65+,0.000
2025-04-01,AR,18-24,0.314
2025-04-01,AR,25-34,0.388
2025-04-01,AR,35-44,0.167
2025-04-01,AR,45-54,0.081
2025-04-01,AR,55-64,0.031
2025-04-01,AR,65+,0.018
2025-04-01,AT,18-24,0.261
2025-04-01,AT,25-34,0.391
2025-04-01,AT,35-44,0.213
2025-04-01,AT,45-54,0.084
2025-04-01,AT,55-64,0.041
2025-04-01,AT,65+,0.010
2025-04-01,AU,18-24,0.253
2025-04-01,AU,25-34,0.416
2025-04-01,AU,35-44,0.187
2025-04-01,AU,45-54,0.101
2025-04-01,AU,55-64,0.026
2025-04-01,AU,65+,0.016
2025-04-01,AZ,18-24,0.435
2025-04-01,AZ,25-34,0.335
2025-04-01,AZ,35-44,0.164
2025-04-01,AZ,45-54,0.034
2025-04-01,AZ,55-64,0.006
2025-04-01,AZ,65+,0.026
2025-04-01,BA,18-24,0.210
2025-04-01,BA,25-34,0.400
2025-04-01,BA,35-44,0.197
2025-04-01,BA,45-54,0.089
2025-04-01,BA,55-64,0.075
2025-04-01,BA,65+,0.030
2025-04-01,BD,18-24,0.521
2025-04-01,BD,25-34,0.349
2025-04-01,BD,35-44,0.067
2025-04-01,BD,45-54,0.026
2025-04-01,BD,55-64,0.010
2025-04-01,BD,65+,0.026
2025-04-01,BE,18-24,0.302
2025-04-01,BE,25-34,0.357
2025-04-01,BE,35-44,0.196
2025-04-01,BE,45-54,0.087
2025-04-01,BE,55-64,0.038
2025-04-01,BE,65+,0.020
2025-04-01,BG,18-24,0.308
2025-04-01,BG,25-34,0.377
2025-04-01,BG,35-44,0.168
2025-04-01,BG,45-54,0.109
2025-04-01,BG,55-64,0.026
2025-04-01,BG,65+,0.012
2025-04-01,BH,18-24,0.283
2025-04-01,BH,25-34,0.374
2025-04-01,BH,35-44,0.194
2025-04-01,BH,45-54,0.085
2025-04-01,BH,55-64,0.034
2025-04-01,BH,65+,0.030
2025-04-01,BO,18-24,0.475
2025-04-01,BO,25-34,0.287
2025-04-01,BO,35-44,0.115
2025-04-01,BO,45-54,0.074
2025-04-01,BO,55-64,0.018
2025-04-01,BO,65+,0.031
2025-04-01,BR,18-24,0.296
2025-04-01,BR,25-34,0.389
2025-04-01,BR,35-44,0.197
2025-04-01,BR,45-54,0.079
2025-04-01,BR,55-64,0.023
2025-04-01,BR,65+,0.017
2025-04-01,CA,18-24,0.286
2025-04-01,CA,25-34,0.358
2025-04-01,CA,35-44,0.199
2025-04-01,CA,45-54,0.097
2025-04-01,CA,55-64,0.038
2025-04-01,CA,65+,0.021
2025-04-01,CD,18-24,0.550
2025-04-01,CD,25-34,0.363
2025-04-01,CD,35-44,0.044
2025-04-01,CD,45-54,0.014
2025-04-01,CD,55-64,0.030
2025-04-01,CD,65+,0.000
2025-04-01,CH,18-24,0.228
2025-04-01,CH,25-34,0.400
2025-04-01,CH,35-44,0.213
2025-04-01,CH,45-54,0.090
2025-04-01,CH,55-64,0.045
2025-04-01,CH,65+,0.024
2025-04-01,CI,18-24,0.493
2025-04-01,CI,25-34,0.302
2025-04-01,CI,35-44,0.104
2025-04-01,CI,45-54,0.038
2025-04-01,CI,55-64,0.012
2025-04-01,CI,65+,0.050
2025-04-01,CL,18-24,0.290
2025-04-01,CL,25-34,0.376
2025-04-01,CL,35-44,0.224
2025-04-01,CL,45-54,0.071
2025-04-01,CL,55-64,0.026
2025-04-01,CL,65+,0.012
2025-04-01,CM,18-24,0.458
2025-04-01,CM,25-34,0.316
2025-04-01,CM,35-44,0.130
2025-04-01,CM,45-54,0.056
2025-04-01,CM,55-64,0.000
2025-04-01,CM,65+,0.040
2025-04-01,CO,18-24,0.334
2025-04-01,CO,25-34,0.384
2025-04-01,CO,35-44,0.172
2025-04-01,CO,45-54,0.069
2025-04-01,CO,55-64,0.025
2025-04-01,CO,65+,0.015
2025-04-01,CR,18-24,0.326
2025-04-01,CR,25-34,0.362
2025-04-01,CR,35-44,0.166
2025-04-01,CR,45-54,0.096
2025-04-01,CR,55-64,0.043
2025-04-01,CR,65+,0.007
2025-04-01,CY,18-24,0.302
2025-04-01,CY,25-34,0.390
2025-04-01,CY,35-44,0.250
2025-04-01,CY,45-54,0.038
2025-04-01,CY,55-64,0.009
2025-04-01,CY,65+,0.011
2025-04-01,CZ,18-24,0.336
2025-04-01,CZ,25-34,0.391
2025-04-01,CZ,35-44,0.151
2025-04-01,CZ,45-54,0.078
2025-04-01,CZ,55-64,0.025
2025-04-01,CZ,65+,0.018
2025-04-01,DE,18-24,0.271
2025-04-01,DE,25-34,0.405
2025-04-01,DE,35-44,0.197
2025-04-01,DE,45-54,0.081
2025-04-01,DE,55-64,0.030
2025-04-01,DE,65+,0.016
2025-04-01,DK,18-24,0.256
2025-04-01,DK,25-34,0.416
2025-04-01,DK,35-44,0.199
2025-04-01,DK,45-54,0.090
2025-04-01,DK,55-64,0.039
2025-04-01,DK,65+,0.001
2025-04-01,DO,18-24,0.355
2025-04-01,DO,25-34,0.415
2025-04-01,DO,35-44,0.133
2025-04-01,DO,45-54,0.059
2025-04-01,DO,55-64,0.011
2025-04-01,DO,65+,0.027
2025-04-01,DZ,18-24,0.456
2025-04-01,DZ,25-34,0.307
2025-04-01,DZ,35-44,0.116
2025-04-01,DZ,45-54,0.048
2025-04-01,DZ,55-64,0.031
2025-04-01,DZ,65+,0.042
2025-04-01,EC,18-24,0.390
2025-04-01,EC,25-34,0.354
2025-04-01,EC,35-44,0.159
2025-04-01,EC,45-54,0.056
2025-04-01,EC,55-64,0.019
2025-04-01,EC,65+,0.022
2025-04-01,EE,18-24,0.213
2025-04-01,EE,25-34,0.401
2025-04-01,EE,35-44,0.263
2025-04-01,EE,45-54,0.119
2025-04-01,EE,55-64,0.000
2025-04-01,EE,65+,0.004
2025-04-01,EG,18-24,0.502
2025-04-01,EG,25-34,0.321
2025-04-01,EG,35-44,0.103
2025-04-01,EG,45-54,0.037
2025-04-01,EG,55-64,0.016
2025-04-01,EG,65+,0.021
2025-04-01,ES,18-24,0.274
2025-04-01,ES,25-34,0.357
2025-04-01,ES,35-44,0.182
2025-04-01,ES,45-54,0.117
2025-04-01,ES,55-64,0.051
2025-04-01,ES,65+,0.019
2025-04-01,ET,18-24,0.366
2025-04-01,ET,25-34,0.392
2025-04-01,ET,35-44,0.127
2025-04-01,ET,45-54,0.063
2025-04-01,ET,55-64,0.000
2025-04-01,ET,65+,0.052
2025-04-01,FI,18-24,0.266
2025-04-01,FI,25-34,0.385
2025-04-01,FI,35-44,0.210
2025-04-01,FI,45-54,0.082
2025-04-01,FI,55-64,0.034
2025-04-01,FI,65+,0.023
2025-04-01,FR,18-24,0.326
2025-04-01,FR,25-34,0.379
2025-04-01,FR,35-44,0.166
2025-04-01,FR,45-54,0.083
2025-04-01,FR,55-64,0.030
2025-04-01,FR,65+,0.017
2025-04-01,GB,18-24,0.277
2025-04-01,GB,25-34,0.359
2025-04-01,GB,35-44,0.214
2025-04-01,GB,45-54,0.102
2025-04-01,GB,55-64,0.034
2025-04-01,GB,65+,0.014
2025-04-01,GE,18-24,0.382
2025-04-01,GE,25-34,0.391
2025-04-01,GE,35-44,0.170
2025-04-01,GE,45-54,0.024
2025-04-01,GE,55-64,0.017
2025-04-01,GE,65+,0.016
2025-04-01,GH,18-24,0.404
2025-04-01,GH,25-34,0.381
2025-04-01,GH,35-44,0.107
2025-04-01,GH,45-54,0.068
2025-04-01,GH,55-64,0.038
2025-04-01,GH,65+,0.002
2025-04-01,GR,18-24,0.243
2025-04-01,GR,25-34,0.377
2025-04-01,GR,35-44,0.216
2025-04-01,GR,45-54,0.097
2025-04-01,GR,55-64,0.046
2025-04-01,GR,65+,0.021
2025-04-01,GT,18-24,0.403
2025-04-01,GT,25-34,0.377
2025-04-01,GT,35-44,0.128
2025-04-01,GT,45-54,0.046
2025-04-01,GT,55-64,0.045
2025-04-01,GT,65+,0.000
2025-04-01,HN,18-24,0.311
2025-04-01,HN,25-34,0.404
2025-04-01,HN,35-44,0.163
2025-04-01,HN,45-54,0.060
2025-04-01,HN,55-64,0.021
2025-04-01,HN,65+,0.041
2025-04-01,HR,18-24,0.249
2025-04-01,HR,25-34,0.385
2025-04-01,HR,35-44,0.230
2025-04-01,HR,45-54,0.093
2025-04-01,HR,55-64,0.014
2025-04-01,HR,65+,0.028
2025-04-01,HU,18-24,0.260
2025-04-01,HU,25-34,0.392
2025-04-01,HU,35-44,0.188
2025-04-01,HU,45-54,0.110
2025-04-01,HU,55-64,0.034
2025-04-01,HU,65+,0.016
2025-04-01,ID,18-24,0.516
2025-04-01,ID,25-34,0.339
2025-04-01,ID,35-44,0.081
2025-04-01,ID,45-54,0.034
2025-04-01,ID,55-64,0.012
2025-04-01,ID,65+,0.018
2025-04-01,IE,18-24,0.279
2025-04-01,IE,25-34,0.372
2025-04-01,IE,35-44,0.181
2025-04-01,IE,45-54,0.105
2025-04-01,IE,55-64,0.033
2025-04-01,IE,65+,0.030
2025-04-01,IL,18-24,0.289
2025-04-01,IL,25-34,0.383
2025-04-01,IL,35-44,0.183
2025-04-01,IL,45-54,0.084
2025-04-01,IL,55-64,0.033
2025-04-01,IL,65+,0.028
2025-04-01,IN,18-24,0.496
2025-04-01,IN,25-34,0.340
2025-04-01,IN,35-44,0.102
2025-04-01,IN,45-54,0.036
2025-04-01,IN,55-64,0.012
2025-04-01,IN,65+,0.014
2025-04-01,IQ,18-24,0.470
2025-04-01,IQ,25-34,0.349
2025-04-01,IQ,35-44,0.101
2025-04-01,IQ,45-54,0.035
2025-04-01,IQ,55-64,0.014
2025-04-01,IQ,65+,0.031
2025-04-01,IT,18-24,0.292
2025-04-01,IT,25-34,0.346
2025-04-01,IT,35-44,0.175
2025-04-01,IT,45-54,0.113
2025-04-01,IT,55-64,0.053
2025-04-01,IT,65+,0.021
2025-04-01,JO,18-24,0.446
2025-04-01,JO,25-34,0.352
2025-04-01,JO,35-44,0.109
2025-04-01,JO,45-54,0.049
2025-04-01,JO,55-64,0.018
2025-04-01,JO,65+,0.026
2025-04-01,JP,18-24,0.258
2025-04-01,JP,25-34,0.389
2025-04-01,JP,35-44,0.200
2025-04-01,JP,45-54,0.108
2025-04-01,JP,55-64,0.034
2025-04-01,JP,65+,0.011
2025-04-01,KE,18-24,0.492
2025-04-01,KE,25-34,0.309
2025-04-01,KE,35-44,0.108
2025-04-01,KE,45-54,0.045
2025-04-01,KE,55-64,0.007
2025-04-01,KE,65+,0.039
2025-04-01,KG,18-24,0.522
2025-04-01,KG,25-34,0.272
2025-04-01,KG,35-44,0.116
2025-04-01,KG,45-54,0.040
2025-04-01,KG,55-64,0.018
2025-04-01,KG,65+,0.032
2025-04-01,KH,18-24,0.283
2025-04-01,KH,25-34,0.429
2025-04-01,KH,35-44,0.232
2025-04-01,KH,45-54,0.057
2025-04-01,KH,55-64,0.000
2025-04-01,KH,65+,0.000
2025-04-01,KR,18-24,0.241
2025-04-01,KR,25-34,0.372
2025-04-01,KR,35-44,0.220
2025-04-01,KR,45-54,0.112
2025-04-01,KR,55-64,0.040
2025-04-01,KR,65+,0.016
2025-04-01,KW,18-24,0.329
2025-04-01,KW,25-34,0.366
2025-04-01,KW,35-44,0.207
2025-04-01,KW,45-54,0.054
2025-04-01,KW,55-64,0.014
2025-04-01,KW,65+,0.031
2025-04-01,KZ,18-24,0.481
2025-04-01,KZ,25-34,0.306
2025-04-01,KZ,35-44,0.113
2025-04-01,KZ,45-54,0.048
2025-04-01,KZ,55-64,0.024
2025-04-01,KZ,65+,0.028
2025-04-01,LB,18-24,0.334
2025-04-01,LB,25-34,0.407
2025-04-01,LB,35-44,0.174
2025-04-01,LB,45-54,0.045
2025-04-01,LB,55-64,0.026
2025-04-01,LB,65+,0.015
2025-04-01,LK,18-24,0.414
2025-04-01,LK,25-34,0.396
2025-04-01,LK,35-44,0.127
2025-04-01,LK,45-54,0.044
2025-04-01,LK,55-64,0.007
2025-04-01,LK,65+,0.011
2025-04-01,LT,18-24,0.246
2025-04-01,LT,25-34,0.395
2025-04-01,LT,35-44,0.217
2025-04-01,LT,45-54,0.075
2025-04-01,LT,55-64,0.042
2025-04-01,LT,65+,0.025
2025-04-01,LV,18-24,0.287
2025-04-01,LV,25-34,0.407
2025-04-01,LV,35-44,0.192
2025-04-01,LV,45-54,0.077
2025-04-01,LV,55-64,0.026
2025-04-01,LV,65+,0.009
2025-04-01,LY,18-24,0.520
2025-04-01,LY,25-34,0.286
2025-04-01,LY,35-44,0.100
2025-04-01,LY,45-54,0.058
2025-04-01,LY,55-64,0.019
2025-04-01,LY,65+,0.018
2025-04-01,MA,18-24,0.412
2025-04-01,MA,25-34,0.376
2025-04-01,MA,35-44,0.103
2025-04-01,MA,45-54,0.049
2025-04-01,MA,55-64,0.020
2025-04-01,MA,65+,0.040
2025-04-01,MD,18-24,0.326
2025-04-01,MD,25-34,0.311
2025-04-01,MD,35-44,0.204
2025-04-01,MD,45-54,0.055
2025-04-01,MD,55-64,0.051
2025-04-01,MD,65+,0.053
2025-04-01,MG,18-24,0.483
2025-04-01,MG,25-34,0.334
2025-04-01,MG,35-44,0.080
2025-04-01,MG,45-54,0.036
2025-04-01,MG,55-64,0.000
2025-04-01,MG,65+,0.067
2025-04-01,MM,18-24,0.552
2025-04-01,MM,25-34,0.277
2025-04-01,MM,35-44,0.082
2025-04-01,MM,45-54,0.024
2025-04-01,MM,55-64,0.026
2025-04-01,MM,65+,0.039
2025-04-01,MN,18-24,0.387
2025-04-01,MN,25-34,0.399
2025-04-01,MN,35-44,0.087
2025-04-01,MN,45-54,0.078
2025-04-01,MN,55-64,0.024
2025-04-01,MN,65+,0.024
2025-04-01,MX,18-24,0.410
2025-04-01,MX,25-34,0.370
2025-04-01,MX,35-44,0.137
2025-04-01,MX,45-54,0.050
2025-04-01,MX,55-64,0.018
2025-04-01,MX,65+,0.015
2025-04-01,MY,18-24,0.389
2025-04-01,MY,25-34,0.358
2025-04-01,MY,35-44,0.154
2025-04-01,MY,45-54,0.057
2025-04-01,MY,55-64,0.021
2025-04-01,MY,65+,0.021
2025-04-01,MZ,18-24,0.487
2025-04-01,MZ,25-34,0.312
2025-04-01,MZ,35-44,0.081
2025-04-01,MZ,45-54,0.056
2025-04-01,MZ,55-64,0.000
2025-04-01,MZ,65+,0.064
2025-04-01,NG,18-24,0.416
2025-04-01,NG,25-34,0.401
2025-04-01,NG,35-44,0.100
2025-04-01,NG,45-54,0.050
2025-04-01,NG,55-64,0.013
2025-04-01,NG,65+,0.020
2025-04-01,NI,18-24,0.465
2025-04-01,NI,25-34,0.344
2025-04-01,NI,35-44,0.110
2025-04-01,NI,45-54,0.051
2025-04-01,NI,55-64,0.018
2025-04-01,NI,65+,0.012
2025-04-01,NL,18-24,0.280
2025-04-01,NL,25-34,0.398
2025-04-01,NL,35-44,0.184
2025-04-01,NL,45-54,0.082
2025-04-01,NL,55-64,0.036
2025-04-01,NL,65+,0.020
2025-04-01,NO,18-24,0.229
2025-04-01,NO,25-34,0.345
2025-04-01,NO,35-44,0.210
2025-04-01,NO,45-54,0.122
2025-04-01,NO,55-64,0.053
2025-04-01,NO,65+,0.041
2025-04-01,NP,18-24,0.529
2025-04-01,NP,25-34,0.286
2025-04-01,NP,35-44,0.081
2025-04-01,NP,45-54,0.031
2025-04-01,NP,55-64,0.041
2025-04-01,NP,65+,0.033
2025-04-01,NZ,18-24,0.257
2025-04-01,NZ,25-34,0.337
2025-04-01,NZ,35-44,0.234
2025-04-01,NZ,45-54,0.089
2025-04-01,NZ,55-64,0.058
2025-04-01,NZ,65+,0.025
2025-04-01,OM,18-24,0.399
2025-04-01,OM,25-34,0.289
2025-04-01,OM,35-44,0.203
2025-04-01,OM,45-54,0.064
2025-04-01,OM,55-64,0.003
2025-04-01,OM,65+,0.041
2025-04-01,PA,18-24,0.303
2025-04-01,PA,25-34,0.372
2025-04-01,PA,35-44,0.155
2025-04-01,PA,45-54,0.120
2025-04-01,PA,55-64,0.036
2025-04-01,PA,65+,0.015
2025-04-01,PE,18-24,0.419
2025-04-01,PE,25-34,0.364
2025-04-01,PE,35-44,0.125
2025-04-01,PE,45-54,0.051
2025-04-01,PE,55-64,0.018
2025-04-01,PE,65+,0.023
2025-04-01,PH,18-24,0.446
2025-04-01,PH,25-34,0.379
2025-04-01,PH,35-44,0.111
2025-04-01,PH,45-54,0.039
2025-04-01,PH,55-64,0.010
2025-04-01,PH,65+,0.015
2025-04-01,PK,18-24,0.475
2025-04-01,PK,25-34,0.371
2025-04-01,PK,35-44,0.097
2025-04-01,PK,45-54,0.036
2025-04-01,PK,55-64,0.009
2025-04-01,PK,65+,0.013
2025-04-01,PL,18-24,0.298
2025-04-01,PL,25-34,0.408
2025-04-01,PL,35-44,0.184
2025-04-01,PL,45-54,0.076
2025-04-01,PL,55-64,0.015
2025-04-01,PL,65+,0.020
2025-04-01,PR,18-24,0.283
2025-04-01,PR,25-34,0.423
2025-04-01,PR,35-44,0.164
2025-04-01,PR,45-54,0.044
2025-04-01,PR,55-64,0.066
2025-04-01,PR,65+,0.020
2025-04-01,PS,18-24,0.447
2025-04-01,PS,25-34,0.388
2025-04-01,PS,35-44,0.043
2025-04-01,PS,45-54,0.046
2025-04-01,PS,55-64,0.030
2025-04-01,PS,65+,0.046
2025-04-01,PT,18-24,0.251
2025-04-01,PT,25-34,0.395
2025-04-01,PT,35-44,0.223
2025-04-01,PT,45-54,0.096
2025-04-01,PT,55-64,0.026
2025-04-01,PT,65+,0.009
2025-04-01,PY,18-24,0.297
2025-04-01,PY,25-34,0.472
2025-04-01,PY,35-44,0.108
2025-04-01,PY,45-54,0.073
2025-04-01,PY,55-64,0.019
2025-04-01,PY,65+,0.032
2025-04-01,QA,18-24,0.255
2025-04-01,QA,25-34,0.430
2025-04-01,QA,35-44,0.230
2025-04-01,QA,45-54,0.080
2025-04-01,QA,55-64,0.005
2025-04-01,QA,65+,0.001
2025-04-01,RO,18-24,0.309
2025-04-01,RO,25-34,0.375
2025-04-01,RO,35-44,0.166
2025-04-01,RO,45-54,0.090
2025-04-01,RO,55-64,0.034
2025-04-01,RO,65+,0.026
2025-04-01,RS,18-24,0.315
2025-04-01,RS,25-34,0.416
2025-04-01,RS,35-44,0.128
2025-04-01,RS,45-54,0.082
2025-04-01,RS,55-64,0.036
2025-04-01,RS,65+,0.023
2025-04-01,SA,18-24,0.423
2025-04-01,SA,25-34,0.391
2025-04-01,SA,35-44,0.118
2025-04-01,SA,45-54,0.037
2025-04-01,SA,55-64,0.011
2025-04-01,SA,65+,0.020
2025-04-01,SE,18-24,0.267
2025-04-01,SE,25-34,0.355
2025-04-01,SE,35-44,0.202
2025-04-01,SE,45-54,0.105
2025-04-01,SE,55-64,0.050
2025-04-01,SE,65+,0.020
2025-04-01,SG,18-24,0.247
2025-04-01,SG,25-34,0.452
2025-04-01,SG,35-44,0.169
2025-04-01,SG,45-54,0.080
2025-04-01,SG,55-64,0.032
2025-04-01,SG,65+,0.020
2025-04-01,SI,18-24,0.206
2025-04-01,SI,25-34,0.415
2025-04-01,SI,35-44,0.162
2025-04-01,SI,45-54,0.187
2025-04-01,SI,55-64,0.008
2025-04-01,SI,65+,0.022
2025-04-01,SK,18-24,0.280
2025-04-01,SK,25-34,0.377
2025-04-01,SK,35-44,0.193
2025-04-01,SK,45-54,0.110
2025-04-01,SK,55-64,0.026
2025-04-01,SK,65+,0.014
2025-04-01,SN,18-24,0.457
2025-04-01,SN,25-34,0.329
2025-04-01,SN,35-44,0.101
2025-04-01,SN,45-54,0.050
2025-04-01,SN,55-64,0.048
2025-04-01,SN,65+,0.014
2025-04-01,SO,18-24,0.508
2025-04-01,SO,25-34,0.365
2025-04-01,SO,35-44,0.057
2025-04-01,SO,45-54,0.021
2025-04-01,SO,55-64,0.003
2025-04-01,SO,65+,0.045
2025-04-01,SV,18-24,0.421
2025-04-01,SV,25-34,0.354
2025-04-01,SV,35-44,0.100
2025-04-01,SV,45-54,0.050
2025-04-01,SV,55-64,0.045
2025-04-01,SV,65+,0.031
2025-04-01,TH,18-24,0.353
2025-04-01,TH,25-34,0.374
2025-04-01,TH,35-44,0.146
2025-04-01,TH,45-54,0.074
2025-04-01,TH,55-64,0.025
2025-04-01,TH,65+,0.027
2025-04-01,TJ,18-24,0.469
2025-04-01,TJ,25-34,0.193
2025-04-01,TJ,35-44,0.208
2025-04-01,TJ,45-54,0.041
2025-04-01,TJ,55-64,0.042
2025-04-01,TJ,65+,0.047
2025-04-01,TN,18-24,0.455
2025-04-01,TN,25-34,0.300
2025-04-01,TN,35-44,0.127
2025-04-01,TN,45-54,0.077
2025-04-01,TN,55-64,0.011
2025-04-01,TN,65+,0.030
2025-04-01,TR,18-24,0.396
2025-04-01,TR,25-34,0.367
2025-04-01,TR,35-44,0.143
2025-04-01,TR,45-54,0.056
2025-04-01,TR,55-64,0.018
2025-04-01,TR,65+,0.020
2025-04-01,TW,18-24,0.239
2025-04-01,TW,25-34,0.407
2025-04-01,TW,35-44,0.225
2025-04-01,TW,45-54,0.091
2025-04-01,TW,55-64,0.029
2025-04-01,TW,65+,0.009
2025-04-01,TZ,18-24,0.441
2025-04-01,TZ,25-34,0.392
2025-04-01,TZ,35-44,0.121
2025-04-01,TZ,45-54,0.021
2025-04-01,TZ,55-64,0.025
2025-04-01,TZ,65+,0.000
2025-04-01,UA,18-24,0.329
2025-04-01,UA,25-34,0.402
2025-04-01,UA,35-44,0.149
2025-04-01,UA,45-54,0.069
2025-04-01,UA,55-64,0.023
2025-04-01,UA,65+,0.028
2025-04-01,UG,18-24,0.420
2025-04-01,UG,25-34,0.278
2025-04-01,UG,35-44,0.108
2025-04-01,UG,45-54,0.097
2025-04-01,UG,55-64,0.045
2025-04-01,UG,65+,0.052
2025-04-01,US,18-24,0.312
2025-04-01,US,25-34,0.359
2025-04-01,US,35-44,0.185
2025-04-01,US,45-54,0.085
2025-04-01,US,55-64,0.037
2025-04-01,US,65+,0.021
2025-04-01,UY,18-24,0.302
2025-04-01,UY,25-34,0.384
2025-04-01,UY,35-44,0.132
2025-04-01,UY,45-54,0.068
2025-04-01,UY,55-64,0.061
2025-04-01,UY,65+,0.053
2025-04-01,UZ,18-24,0.513
2025-04-01,UZ,25-34,0.255
2025-04-01,UZ,35-44,0.131
2025-04-01,UZ,45-54,0.049
2025-04-01,UZ,55-64,0.017
2025-04-01,UZ,65+,0.035
2025-04-01,VN,18-24,0.458
2025-04-01,VN,25-34,0.370
2025-04-01,VN,35-44,0.118
2025-04-01,VN,45-54,0.035
2025-04-01,VN,55-64,0.009
2025-04-01,VN,65+,0.010
2025-04-01,YE,18-24,0.466
2025-04-01,YE,25-34,0.338
2025-04-01,YE,35-44,0.151
2025-04-01,YE,45-54,0.024
2025-04-01,YE,55-64,0.023
2025-04-01,YE,65+,0.000
2025-04-01,ZA,18-24,0.418
2025-04-01,ZA,25-34,0.343
2025-04-01,ZA,35-44,0.146
2025-04-01,ZA,45-54,0.058
2025-04-01,ZA,55-64,0.021
2025-04-01,ZA,65+,0.014
2025-05-01,AE,18-24,0.201
2025-05-01,AE,25-34,0.454
2025-05-01,AE,35-44,0.249
2025-05-01,AE,45-54,0.066
2025-05-01,AE,55-64,0.013
2025-05-01,AE,65+,0.017
2025-05-01,AF,18-24,0.395
2025-05-01,AF,25-34,0.404
2025-05-01,AF,35-44,0.088
2025-05-01,AF,45-54,0.045
2025-05-01,AF,55-64,0.009
2025-05-01,AF,65+,0.059
2025-05-01,AL,18-24,0.274
2025-05-01,AL,25-34,0.364
2025-05-01,AL,35-44,0.221
2025-05-01,AL,45-54,0.041
2025-05-01,AL,55-64,0.071
2025-05-01,AL,65+,0.028
2025-05-01,AM,18-24,0.395
2025-05-01,AM,25-34,0.390
2025-05-01,AM,35-44,0.180
2025-05-01,AM,45-54,0.027
2025-05-01,AM,55-64,0.000
2025-05-01,AM,65+,0.009
2025-05-01,AO,18-24,0.463
2025-05-01,AO,25-34,0.345
2025-05-01,AO,35-44,0.142
2025-05-01,AO,45-54,0.026
2025-05-01,AO,55-64,0.024
2025-05-01,AO,65+,0.000
2025-05-01,AR,18-24,0.320
2025-05-01,AR,25-34,0.366
2025-05-01,AR,35-44,0.171
2025-05-01,AR,45-54,0.085
2025-05-01,AR,55-64,0.035
2025-05-01,AR,65+,0.023
2025-05-01,AT,18-24,0.268
2025-05-01,AT,25-34,0.378
2025-05-01,AT,35-44,0.208
2025-05-01,AT,45-54,0.093
2025-05-01,AT,55-64,0.034
2025-05-01,AT,65+,0.018
2025-05-01,AU,18-24,0.272
2025-05-01,AU,25-34,0.387
2025-05-01,AU,35-44,0.211
2025-05-01,AU,45-54,0.093
2025-05-01,AU,55-64,0.030
2025-05-01,AU,65+,0.007
2025-05-01,AZ,18-24,0.328
2025-05-01,AZ,25-34,0.366
2025-05-01,AZ,35-44,0.186
2025-05-01,AZ,45-54,0.073
2025-05-01,AZ,55-64,0.026
2025-05-01,AZ,65+,0.022
2025-05-01,BA,18-24,0.324
2025-05-01,BA,25-34,0.361
2025-05-01,BA,35-44,0.089
2025-05-01,BA,45-54,0.127
2025-05-01,BA,55-64,0.060
2025-05-01,BA,65+,0.038
2025-05-01,BD,18-24,0.506
2025-05-01,BD,25-34,0.340
2025-05-01,BD,35-44,0.083
2025-05-01,BD,45-54,0.030
2025-05-01,BD,55-64,0.012
2025-05-01,BD,65+,0.029
2025-05-01,BE,18-24,0.326
2025-05-01,BE,25-34,0.355
2025-05-01,BE,35-44,0.180
2025-05-01,BE,45-54,0.093
2025-05-01,BE,55-64,0.032
2025-05-01,BE,65+,0.015
2025-05-01,BG,18-24,0.283
2025-05-01,BG,25-34,0.403
2025-05-01,BG,35-44,0.195
2025-05-01,BG,45-54,0.080
2025-05-01,BG,55-64,0.026
2025-05-01,BG,65+,0.013
2025-05-01,BH,18-24,0.324
2025-05-01,BH,25-34,0.421
2025-05-01,BH,35-44,0.131
2025-05-01,BH,45-54,0.082
2025-05-01,BH,55-64,0.042
2025-05-01,BH,65+,0.000
2025-05-01,BO,18-24,0.481
2025-05-01,BO,25-34,0.370
2025-05-01,BO,35-44,0.065
2025-05-01,BO,45-54,0.034
2025-05-01,BO,55-64,0.025
2025-05-01,BO,65+,0.025
2025-05-01,BR,18-24,0.292
2025-05-01,BR,25-34,0.391
2025-05-01,BR,35-44,0.195
2025-05-01,BR,45-54,0.079
2025-05-01,BR,55-64,0.027
2025-05-01,BR,65+,0.017
2025-05-01,CA,18-24,0.234
2025-05-01,CA,25-34,0.373
2025-05-01,CA,35-44,0.225
2025-05-01,CA,45-54,0.113
2025-05-01,CA,55-64,0.036
2025-05-01,CA,65+,0.019
2025-05-01,CD,18-24,0.511
2025-05-01,CD,25-34,0.280
2025-05-01,CD,35-44,0.103
2025-05-01,CD,45-54,0.050
2025-05-01,CD,55-64,0.042
2025-05-01,CD,65+,0.014
2025-05-01,CH,18-24,0.266
2025-05-01,CH,25-34,0.358
2025-05-01,CH,35-44,0.204
2025-05-01,CH,45-54,0.113
2025-05-01,CH,55-64,0.044
2025-05-01,CH,65+,0.015
2025-05-01,CI,18-24,0.450
2025-05-01,CI,25-34,0.347
2025-05-01,CI,35-44,0.103
2025-05-01,CI,45-54,0.063
2025-05-01,CI,55-64,0.030
2025-05-01,CI,65+,0.007
2025-05-01,CL,18-24,0.312
2025-05-01,CL,25-34,0.380
2025-05-01,CL,35-44,0.196
2025-05-01,CL,45-54,0.069
2025-05-01,CL,55-64,0.028
2025-05-01,CL,65+,0.015
2025-05-01,CM,18-24,0.499
2025-05-01,CM,25-34,0.350
2025-05-01,CM,35-44,0.059
2025-05-01,CM,45-54,0.070
2025-05-01,CM,55-64,0.020
2025-05-01,CM,65+,0.003
2025-05-01,CO,18-24,0.317
2025-05-01,CO,25-34,0.403
2025-05-01,CO,35-44,0.164
2025-05-01,CO,45-54,0.070
2025-05-01,CO,55-64,0.026
2025-05-01,CO,65+,0.020
2025-05-01,CR,18-24,0.340
2025-05-01,CR,25-34,0.278
2025-05-01,CR,35-44,0.188
2025-05-01,CR,45-54,0.103
2025-05-01,CR,55-64,0.058
2025-05-01,CR,65+,0.033
2025-05-01,CY,18-24,0.279
2025-05-01,CY,25-34,0.303
2025-05-01,CY,35-44,0.246
2025-05-01,CY,45-54,0.119
2025-05-01,CY,55-64,0.052
2025-05-01,CY,65+,0.000
2025-05-01,CZ,18-24,0.309
2025-05-01,CZ,25-34,0.383
2025-05-01,CZ,35-44,0.163
2025-05-01,CZ,45-54,0.098
2025-05-01,CZ,55-64,0.031
2025-05-01,CZ,65+,0.015
2025-05-01,DE,18-24,0.277
2025-05-01,DE,25-34,0.398
2025-05-01,DE,35-44,0.193
2025-05-01,DE,45-54,0.081
2025-05-01,DE,55-64,0.032
2025-05-01,DE,65+,0.019
2025-05-01,DK,18-24,0.261
2025-05-01,DK,25-34,0.396
2025-05-01,DK,35-44,0.154
2025-05-01,DK,45-54,0.119
2025-05-01,DK,55-64,0.058
2025-05-01,DK,65+,0.012
2025-05-01,DO,18-24,0.385
2025-05-01,DO,25-34,0.374
2025-05-01,DO,35-44,0.168
2025-05-01,DO,45-54,0.065
2025-05-01,DO,55-64,0.000
2025-05-01,DO,65+,0.007
2025-05-01,DZ,18-24,0.437
2025-05-01,DZ,25-34,0.323
2025-05-01,DZ,35-44,0.116
2025-05-01,DZ,45-54,0.060
2025-05-01,DZ,55-64,0.023
2025-05-01,DZ,65+,0.041
2025-05-01,EC,18-24,0.414
2025-05-01,EC,25-34,0.363
2025-05-01,EC,35-44,0.137
2025-05-01,EC,45-54,0.045
2025-05-01,EC,55-64,0.028
2025-05-01,EC,65+,0.013
2025-05-01,EE,18-24,0.246
2025-05-01,EE,25-34,0.375
2025-05-01,EE,35-44,0.193
2025-05-01,EE,45-54,0.150
2025-05-01,EE,55-64,0.017
2025-05-01,EE,65+,0.018
2025-05-01,EG,18-24,0.496
2025-05-01,EG,25-34,0.325
2025-05-01,EG,35-44,0.109
2025-05-01,EG,45-54,0.035
2025-05-01,EG,55-64,0.015
2025-05-01,EG,65+,0.020
2025-05-01,ES,18-24,0.297
2025-05-01,ES,25-34,0.351
2025-05-01,ES,35-44,0.173
2025-05-01,ES,45-54,0.117
2025-05-01,ES,55-64,0.046
2025-05-01,ES,65+,0.016
2025-05-01,ET,18-24,0.401
2025-05-01,ET,25-34,0.403
2025-05-01,ET,35-44,0.092
2025-05-01,ET,45-54,0.067
2025-05-01,ET,55-64,0.000
2025-05-01,ET,65+,0.037
2025-05-01,FI,18-24,0.294
2025-05-01,FI,25-34,0.400
2025-05-01,FI,35-44,0.197
2025-05-01,FI,45-54,0.060
2025-05-01,FI,55-64,0.020
2025-05-01,FI,65+,0.030
2025-05-01,FR,18-24,0.313
2025-05-01,FR,25-34,0.371
2025-05-01,FR,35-44,0.173
2025-05-01,FR,45-54,0.092
2025-05-01,FR,55-64,0.035
2025-05-01,FR,65+,0.016
2025-05-01,GB,18-24,0.289
2025-05-01,GB,25-34,0.357
2025-05-01,GB,35-44,0.204
2025-05-01,GB,45-54,0.100
2025-05-01,GB,55-64,0.034
2025-05-01,GB,65+,0.017
2025-05-01,GE,18-24,0.307
2025-05-01,GE,25-34,0.398
2025-05-01,GE,35-44,0.148
2025-05-01,GE,45-54,0.083
2025-05-01,GE,55-64,0.039
2025-05-01,GE,65+,0.025
2025-05-01,GH,18-24,0.380
2025-05-01,GH,25-34,0.458
2025-05-01,GH,35-44,0.123
2025-05-01,GH,45-54,0.002
2025-05-01,GH,55-64,0.024
2025-05-01,GH,65+,0.013
2025-05-01,GR,18-24,0.244
2025-05-01,GR,25-34,0.353
2025-05-01,GR,35-44,0.196
2025-05-01,GR,45-54,0.150
2025-05-01,GR,55-64,0.034
2025-05-01,GR,65+,0.023
2025-05-01,GT,18-24,0.432
2025-05-01,GT,25-34,0.417
2025-05-01,GT,35-44,0.090
2025-05-01,GT,45-54,0.061
2025-05-01,GT,55-64,0.000
2025-05-01,GT,65+,0.000
2025-05-01,HN,18-24,0.385
2025-05-01,HN,25-34,0.363
2025-05-01,HN,35-44,0.159
2025-05-01,HN,45-54,0.049
2025-05-01,HN,55-64,0.027
2025-05-01,HN,65+,0.016
2025-05-01,HR,18-24,0.306
2025-05-01,HR,25-34,0.365
2025-05-01,HR,35-44,0.158
2025-05-01,HR,45-54,0.111
2025-05-01,HR,55-64,0.031
2025-05-01,HR,65+,0.029
2025-05-01,HT,18-24,0.377
2025-05-01,HT,25-34,0.374
2025-05-01,HT,35-44,0.069
2025-05-01,HT,45-54,0.123
2025-05-01,HT,55-64,0.057
2025-05-01,HT,65+,0.000
2025-05-01,HU,18-24,0.279
2025-05-01,HU,25-34,0.382
2025-05-01,HU,35-44,0.150
2025-05-01,HU,45-54,0.125
2025-05-01,HU,55-64,0.028
2025-05-01,HU,65+,0.037
2025-05-01,ID,18-24,0.491
2025-05-01,ID,25-34,0.362
2025-05-01,ID,35-44,0.083
2025-05-01,ID,45-54,0.032
2025-05-01,ID,55-64,0.012
2025-05-01,ID,65+,0.019
2025-05-01,IE,18-24,0.273
2025-05-01,IE,25-34,0.375
2025-05-01,IE,35-44,0.177
2025-05-01,IE,45-54,0.107
2025-05-01,IE,55-64,0.055
2025-05-01,IE,65+,0.014
2025-05-01,IL,18-24,0.275
2025-05-01,IL,25-34,0.358
2025-05-01,IL,35-44,0.186
2025-05-01,IL,45-54,0.108
2025-05-01,IL,55-64,0.035
2025-05-01,IL,65+,0.039
2025-05-01,IN,18-24,0.489
2025-05-01,IN,25-34,0.344
2025-05-01,IN,35-44,0.105
2025-05-01,IN,45-54,0.036
2025-05-01,IN,55-64,0.011
2025-05-01,IN,65+,0.016
2025-05-01,IQ,18-24,0.466
2025-05-01,IQ,25-34,0.355
2025-05-01,IQ,35-44,0.089
2025-05-01,IQ,45-54,0.028
2025-05-01,IQ,55-64,0.022
2025-05-01,IQ,65+,0.040
2025-05-01,IT,18-24,0.311
2025-05-01,IT,25-34,0.350
2025-05-01,IT,35-44,0.152
2025-05-01,IT,45-54,0.118
2025-05-01,IT,55-64,0.053
2025-05-01,IT,65+,0.016
2025-05-01,JO,18-24,0.452
2025-05-01,JO,25-34,0.329
2025-05-01,JO,35-44,0.099
2025-05-01,JO,45-54,0.058
2025-05-01,JO,55-64,0.031
2025-05-01,JO,65+,0.031
2025-05-01,JP,18-24,0.292
2025-05-01,JP,25-34,0.358
2025-05-01,JP,35-44,0.184
2025-05-01,JP,45-54,0.116
2025-05-01,JP,55-64,0.038
2025-05-01,JP,65+,0.013
2025-05-01,KE,18-24,0.428
2025-05-01,KE,25-34,0.395
2025-05-01,KE,35-44,0.103
2025-05-01,KE,45-54,0.047
2025-05-01,KE,55-64,0.016
2025-05-01,KE,65+,0.011
2025-05-01,KG,18-24,0.513
2025-05-01,KG,25-34,0.315
2025-05-01,KG,35-44,0.122
2025-05-01,KG,45-54,0.029
2025-05-01,KG,55-64,0.009
2025-05-01,KG,65+,0.012
2025-05-01,KH,18-24,0.291
2025-05-01,KH,25-34,0.483
2025-05-01,KH,35-44,0.165
2025-05-01,KH,45-54,0.045
2025-05-01,KH,55-64,0.009
2025-05-01,KH,65+,0.008
2025-05-01,KR,18-24,0.239
2025-05-01,KR,25-34,0.360
2025-05-01,KR,35-44,0.214
2025-05-01,KR,45-54,0.120
2025-05-01,KR,55-64,0.048
2025-05-01,KR,65+,0.019
2025-05-01,KW,18-24,0.221
2025-05-01,KW,25-34,0.450
2025-05-01,KW,35-44,0.246
2025-05-01,KW,45-54,0.060
2025-05-01,KW,55-64,0.017
2025-05-01,KW,65+,0.005
2025-05-01,KZ,18-24,0.450
2025-05-01,KZ,25-34,0.342
2025-05-01,KZ,35-44,0.122
2025-05-01,KZ,45-54,0.041
2025-05-01,KZ,55-64,0.016
2025-05-01,KZ,65+,0.030
2025-05-01,LB,18-24,0.404
2025-05-01,LB,25-34,0.384
2025-05-01,LB,35-44,0.117
2025-05-01,LB,45-54,0.021
2025-05-01,LB,55-64,0.038
2025-05-01,LB,65+,0.036
2025-05-01,LK,18-24,0.416
2025-05-01,LK,25-34,0.340
2025-05-01,LK,35-44,0.158
2025-05-01,LK,45-54,0.053
2025-05-01,LK,55-64,0.020
2025-05-01,LK,65+,0.013
2025-05-01,LT,18-24,0.256
2025-05-01,LT,25-34,0.421
2025-05-01,LT,35-44,0.165
2025-05-01,LT,45-54,0.088
2025-05-01,LT,55-64,0.039
2025-05-01,LT,65+,0.030
2025-05-01,LV,18-24,0.266
2025-05-01,LV,25-34,0.441
2025-05-01,LV,35-44,0.176
2025-05-01,LV,45-54,0.067
2025-05-01,LV,55-64,0.032
2025-05-01,LV,65+,0.018
2025-05-01,LY,18-24,0.532
2025-05-01,LY,25-34,0.301
2025-05-01,LY,35-44,0.070
2025-05-01,LY,45-54,0.061
2025-05-01,LY,55-64,0.014
2025-05-01,LY,65+,0.021
2025-05-01,MA,18-24,0.415
2025-05-01,MA,25-34,0.383
2025-05-01,MA,35-44,0.101
2025-05-01,MA,45-54,0.048
2025-05-01,MA,55-64,0.023
2025-05-01,MA,65+,0.031
2025-05-01,MD,18-24,0.348
2025-05-01,MD,25-34,0.384
2025-05-01,MD,35-44,0.165
2025-05-01,MD,45-54,0.042
2025-05-01,MD,55-64,0.030
2025-05-01,MD,65+,0.032
2025-05-01,MG,18-24,0.564
2025-05-01,MG,25-34,0.325
2025-05-01,MG,35-44,0.072
2025-05-01,MG,45-54,0.039
2025-05-01,MG,55-64,0.000
2025-05-01,MG,65+,0.000
2025-05-01,MM,18-24,0.431
2025-05-01,MM,25-34,0.412
2025-05-01,MM,35-44,0.108
2025-05-01,MM,45-54,0.017
2025-05-01,MM,55-64,0.010
2025-05-01,MM,65+,0.022
2025-05-01,MN,18-24,0.436
2025-05-01,MN,25-34,0.326
2025-05-01,MN,35-44,0.160
2025-05-01,MN,45-54,0.044
2025-05-01,MN,55-64,0.012
2025-05-01,MN,65+,0.022
2025-05-01,MX,18-24,0.401
2025-05-01,MX,25-34,0.374
2025-05-01,MX,35-44,0.140
2025-05-01,MX,45-54,0.053
2025-05-01,MX,55-64,0.014
2025-05-01,MX,65+,0.018
2025-05-01,MY,18-24,0.377
2025-05-01,MY,25-34,0.362
2025-05-01,MY,35-44,0.168
2025-05-01,MY,45-54,0.061
2025-05-01,MY,55-64,0.018
2025-05-01,MY,65+,0.014
2025-05-01,MZ,18-24,0.501
2025-05-01,MZ,25-34,0.337
2025-05-01,MZ,35-44,0.087
2025-05-01,MZ,45-54,0.064
2025-05-01,MZ,55-64,0.000
2025-05-01,MZ,65+,0.012
2025-05-01,NG,18-24,0.404
2025-05-01,NG,25-34,0.396
2025-05-01,NG,35-44,0.124
2025-05-01,NG,45-54,0.041
2025-05-01,NG,55-64,0.021
2025-05-01,NG,65+,0.014
2025-05-01,NI,18-24,0.437
2025-05-01,NI,25-34,0.301
2025-05-01,NI,35-44,0.157
2025-05-01,NI,45-54,0.068
2025-05-01,NI,55-64,0.004
2025-05-01,NI,65+,0.033
2025-05-01,NL,18-24,0.280
2025-05-01,NL,25-34,0.399
2025-05-01,NL,35-44,0.189
2025-05-01,NL,45-54,0.079
2025-05-01,NL,55-64,0.028
2025-05-01,NL,65+,0.025
2025-05-01,NO,18-24,0.251
2025-05-01,NO,25-34,0.370
2025-05-01,NO,35-44,0.247
2025-05-01,NO,45-54,0.083
2025-05-01,NO,55-64,0.046
2025-05-01,NO,65+,0.002
2025-05-01,NP,18-24,0.456
2025-05-01,NP,25-34,0.332
2025-05-01,NP,35-44,0.102
2025-05-01,NP,45-54,0.036
2025-05-01,NP,55-64,0.011
2025-05-01,NP,65+,0.064
2025-05-01,NZ,18-24,0.272
2025-05-01,NZ,25-34,0.408
2025-05-01,NZ,35-44,0.184
2025-05-01,NZ,45-54,0.100
2025-05-01,NZ,55-64,0.035
2025-05-01,NZ,65+,0.000
2025-05-01,OM,18-24,0.340
2025-05-01,OM,25-34,0.395
2025-05-01,OM,35-44,0.153
2025-05-01,OM,45-54,0.077
2025-05-01,OM,55-64,0.008
2025-05-01,OM,65+,0.027
2025-05-01,PA,18-24,0.342
2025-05-01,PA,25-34,0.371
2025-05-01,PA,35-44,0.166
2025-05-01,PA,45-54,0.076
2025-05-01,PA,55-64,0.024
2025-05-01,PA,65+,0.022
2025-05-01,PE,18-24,0.433
2025-05-01,PE,25-34,0.359
2025-05-01,PE,35-44,0.114
2025-05-01,PE,45-54,0.058
2025-05-01,PE,55-64,0.020
2025-05-01,PE,65+,0.016
2025-05-01,PH,18-24,0.437
2025-05-01,PH,25-34,0.386
2025-05-01,PH,35-44,0.107
2025-05-01,PH,45-54,0.041
2025-05-01,PH,55-64,0.018
2025-05-01,PH,65+,0.011
2025-05-01,PK,18-24,0.456
2025-05-01,PK,25-34,0.369
2025-05-01,PK,35-44,0.103
2025-05-01,PK,45-54,0.037
2025-05-01,PK,55-64,0.013
2025-05-01,PK,65+,0.022
2025-05-01,PL,18-24,0.293
2025-05-01,PL,25-34,0.425
2025-05-01,PL,35-44,0.175
2025-05-01,PL,45-54,0.077
2025-05-01,PL,55-64,0.015
2025-05-01,PL,65+,0.015
2025-05-01,PR,18-24,0.261
2025-05-01,PR,25-34,0.393
2025-05-01,PR,35-44,0.206
2025-05-01,PR,45-54,0.080
2025-05-01,PR,55-64,0.044
2025-05-01,PR,65+,0.016
2025-05-01,PS,18-24,0.443
2025-05-01,PS,25-34,0.312
2025-05-01,PS,35-44,0.125
2025-05-01,PS,45-54,0.033
2025-05-01,PS,55-64,0.042
2025-05-01,PS,65+,0.045
2025-05-01,PT,18-24,0.264
2025-05-01,PT,25-34,0.387
2025-05-01,PT,35-44,0.198
2025-05-01,PT,45-54,0.103
2025-05-01,PT,55-64,0.035
2025-05-01,PT,65+,0.012
2025-05-01,PY,18-24,0.290
2025-05-01,PY,25-34,0.443
2025-05-01,PY,35-44,0.204
2025-05-01,PY,45-54,0.048
2025-05-01,PY,55-64,0.000
2025-05-01,PY,65+,0.014
2025-05-01,QA,18-24,0.248
2025-05-01,QA,25-34,0.411
2025-05-01,QA,35-44,0.215
2025-05-01,QA,45-54,0.083
2025-05-01,QA,55-64,0.028
2025-05-01,QA,65+,0.016
2025-05-01,RO,18-24,0.324
2025-05-01,RO,25-34,0.394
2025-05-01,RO,35-44,0.161
2025-05-01,RO,45-54,0.074
2025-05-01,RO,55-64,0.021
2025-05-01,RO,65+,0.026
2025-05-01,RS,18-24,0.236
2025-05-01,RS,25-34,0.430
2025-05-01,RS,35-44,0.177
2025-05-01,RS,45-54,0.100
2025-05-01,RS,55-64,0.039
2025-05-01,RS,65+,0.018
2025-05-01,SA,18-24,0.387
2025-05-01,SA,25-34,0.424
2025-05-01,SA,35-44,0.127
2025-05-01,SA,45-54,0.033
2025-05-01,SA,55-64,0.014
2025-05-01,SA,65+,0.015
2025-05-01,SE,18-24,0.250
2025-05-01,SE,25-34,0.392
2025-05-01,SE,35-44,0.201
2025-05-01,SE,45-54,0.094
2025-05-01,SE,55-64,0.053
2025-05-01,SE,65+,0.011
2025-05-01,SG,18-24,0.262
2025-05-01,SG,25-34,0.445
2025-05-01,SG,35-44,0.191
2025-05-01,SG,45-54,0.070
2025-05-01,SG,55-64,0.025
2025-05-01,SG,65+,0.008
2025-05-01,SI,18-24,0.336
2025-05-01,SI,25-34,0.225
2025-05-01,SI,35-44,0.212
2025-05-01,SI,45-54,0.144
2025-05-01,SI,55-64,0.076
2025-05-01,SI,65+,0.008
2025-05-01,SK,18-24,0.274
2025-05-01,SK,25-34,0.410
2025-05-01,SK,35-44,0.212
2025-05-01,SK,45-54,0.070
2025-05-01,SK,55-64,0.015
2025-05-01,SK,65+,0.019
2025-05-01,SN,18-24,0.569
2025-05-01,SN,25-34,0.295
2025-05-01,SN,35-44,0.082
2025-05-01,SN,45-54,0.016
2025-05-01,SN,55-64,0.004
2025-05-01,SN,65+,0.033
2025-05-01,SO,18-24,0.499
2025-05-01,SO,25-34,0.310
2025-05-01,SO,35-44,0.126
2025-05-01,SO,45-54,0.002
2025-05-01,SO,55-64,0.042
2025-05-01,SO,65+,0.021
2025-05-01,SV,18-24,0.354
2025-05-01,SV,25-34,0.459
2025-05-01,SV,35-44,0.139
2025-05-01,SV,45-54,0.026
2025-05-01,SV,55-64,0.020
2025-05-01,SV,65+,0.001
2025-05-01,TH,18-24,0.372
2025-05-01,TH,25-34,0.365
2025-05-01,TH,35-44,0.153
2025-05-01,TH,45-54,0.064
2025-05-01,TH,55-64,0.022
2025-05-01,TH,65+,0.024
2025-05-01,TN,18-24,0.384
2025-05-01,TN,25-34,0.354
2025-05-01,TN,35-44,0.133
2025-05-01,TN,45-54,0.083
2025-05-01,TN,55-64,0.032
2025-05-01,TN,65+,0.015
2025-05-01,TR,18-24,0.384
2025-05-01,TR,25-34,0.381
2025-05-01,TR,35-44,0.146
2025-05-01,TR,45-54,0.052
2025-05-01,TR,55-64,0.014
2025-05-01,TR,65+,0.022
2025-05-01,TW,18-24,0.238
2025-05-01,TW,25-34,0.405
2025-05-01,TW,35-44,0.216
2025-05-01,TW,45-54,0.093
2025-05-01,TW,55-64,0.028
2025-05-01,TW,65+,0.019
2025-05-01,TZ,18-24,0.451
2025-05-01,TZ,25-34,0.379
2025-05-01,TZ,35-44,0.139
2025-05-01,TZ,45-54,0.029
2025-05-01,TZ,55-64,0.002
2025-05-01,TZ,65+,0.000
2025-05-01,UA,18-24,0.336
2025-05-01,UA,25-34,0.410
2025-05-01,UA,35-44,0.150
2025-05-01,UA,45-54,0.058
2025-05-01,UA,55-64,0.021
2025-05-01,UA,65+,0.025
2025-05-01,UG,18-24,0.321
2025-05-01,UG,25-34,0.426
2025-05-01,UG,35-44,0.181
2025-05-01,UG,45-54,0.022
2025-05-01,UG,55-64,0.045
2025-05-01,UG,65+,0.005
2025-05-01,US,18-24,0.273
2025-05-01,US,25-34,0.365
2025-05-01,US,35-44,0.203
2025-05-01,US,45-54,0.097
2025-05-01,US,55-64,0.042
2025-05-01,US,65+,0.021
2025-05-01,UY,18-24,0.285
2025-05-01,UY,25-34,0.396
2025-05-01,UY,35-44,0.171
2025-05-01,UY,45-54,0.122
2025-05-01,UY,55-64,0.019
2025-05-01,UY,65+,0.007
2025-05-01,UZ,18-24,0.490
2025-05-01,UZ,25-34,0.284
2025-05-01,UZ,35-44,0.142
2025-05-01,UZ,45-54,0.050
2025-05-01,UZ,55-64,0.012
2025-05-01,UZ,65+,0.022
2025-05-01,VN,18-24,0.440
2025-05-01,VN,25-34,0.386
2025-05-01,VN,35-44,0.118
2025-05-01,VN,45-54,0.034
2025-05-01,VN,55-64,0.009
2025-05-01,VN,65+,0.013
2025-05-01,YE,18-24,0.428
2025-05-01,YE,25-34,0.342
2025-05-01,YE,35-44,0.139
2025-05-01,YE,45-54,0.037
2025-05-01,YE,55-64,0.017
2025-05-01,YE,65+,0.036
2025-05-01,ZA,18-24,0.421
2025-05-01,ZA,25-34,0.328
2025-05-01,ZA,35-44,0.157
2025-05-01,ZA,45-54,0.057
2025-05-01,ZA,55-64,0.017
2025-05-01,ZA,65+,0.020
2025-06-01,AE,18-24,0.192
2025-06-01,AE,25-34,0.469
2025-06-01,AE,35-44,0.234
2025-06-01,AE,45-54,0.076
2025-06-01,AE,55-64,0.016
2025-06-01,AE,65+,0.013
2025-06-01,AF,18-24,0.395
2025-06-01,AF,25-34,0.395
2025-06-01,AF,35-44,0.077
2025-06-01,AF,45-54,0.047
2025-06-01,AF,55-64,0.010
2025-06-01,AF,65+,0.076
2025-06-01,AL,18-24,0.293
2025-06-01,AL,25-34,0.424
2025-06-01,AL,35-44,0.145
2025-06-01,AL,45-54,0.056
2025-06-01,AL,55-64,0.037
2025-06-01,AL,65+,0.046
2025-06-01,AM,18-24,0.377
2025-06-01,AM,25-34,0.354
2025-06-01,AM,35-44,0.158
2025-06-01,AM,45-54,0.053
2025-06-01,AM,55-64,0.044
2025-06-01,AM,65+,0.014
2025-06-01,AO,18-24,0.392
2025-06-01,AO,25-34,0.345
2025-06-01,AO,35-44,0.123
2025-06-01,AO,45-54,0.065
2025-06-01,AO,55-64,0.049
2025-06-01,AO,65+,0.025
2025-06-01,AR,18-24,0.297
2025-06-01,AR,25-34,0.383
2025-06-01,AR,35-44,0.177
2025-06-01,AR,45-54,0.094
2025-06-01,AR,55-64,0.029
2025-06-01,AR,65+,0.021
2025-06-01,AT,18-24,0.265
2025-06-01,AT,25-34,0.375
2025-06-01,AT,35-44,0.213
2025-06-01,AT,45-54,0.099
2025-06-01,AT,55-64,0.038
2025-06-01,AT,65+,0.009
2025-06-01,AU,18-24,0.233
2025-06-01,AU,25-34,0.390
2025-06-01,AU,35-44,0.215
2025-06-01,AU,45-54,0.109
2025-06-01,AU,55-64,0.036
2025-06-01,AU,65+,0.017
2025-06-01,AZ,18-24,0.341
2025-06-01,AZ,25-34,0.343
2025-06-01,AZ,35-44,0.182
2025-06-01,AZ,45-54,0.079
2025-06-01,AZ,55-64,0.021
2025-06-01,AZ,65+,0.033
2025-06-01,BA,18-24,0.288
2025-06-01,BA,25-34,0.458
2025-06-01,BA,35-44,0.128
2025-06-01,BA,45-54,0.072
2025-06-01,BA,55-64,0.047
2025-06-01,BA,65+,0.008
2025-06-01,BD,18-24,0.517
2025-06-01,BD,25-34,0.333
2025-06-01,BD,35-44,0.081
2025-06-01,BD,45-54,0.032
2025-06-01,BD,55-64,0.008
2025-06-01,BD,65+,0.029
2025-06-01,BE,18-24,0.304
2025-06-01,BE,25-34,0.369
2025-06-01,BE,35-44,0.166
2025-06-01,BE,45-54,0.111
2025-06-01,BE,55-64,0.036
2025-06-01,BE,65+,0.015
2025-06-01,BG,18-24,0.268
2025-06-01,BG,25-34,0.411
2025-06-01,BG,35-44,0.166
2025-06-01,BG,45-54,0.092
2025-06-01,BG,55-64,0.036
2025-06-01,BG,65+,0.027
2025-06-01,BH,18-24,0.356
2025-06-01,BH,25-34,0.422
2025-06-01,BH,35-44,0.177
2025-06-01,BH,45-54,0.045
2025-06-01,BH,55-64,0.000
2025-06-01,BH,65+,0.000
2025-06-01,BJ,18-24,0.398
2025-06-01,BJ,25-34,0.353
2025-06-01,BJ,35-44,0.118
2025-06-01,BJ,45-54,0.040
2025-06-01,BJ,55-64,0.049
2025-06-01,BJ,65+,0.041
2025-06-01,BO,18-24,0.414
2025-06-01,BO,25-34,0.375
2025-06-01,BO,35-44,0.108
2025-06-01,BO,45-54,0.047
2025-06-01,BO,55-64,0.032
2025-06-01,BO,65+,0.025
2025-06-01,BR,18-24,0.288
2025-06-01,BR,25-34,0.396
2025-06-01,BR,35-44,0.188
2025-06-01,BR,45-54,0.083
2025-06-01,BR,55-64,0.028
2025-06-01,BR,65+,0.017
2025-06-01,CA,18-24,0.234
2025-06-01,CA,25-34,0.397
2025-06-01,CA,35-44,0.220
2025-06-01,CA,45-54,0.089
2025-06-01,CA,55-64,0.039
2025-06-01,CA,65+,0.021
2025-06-01,CD,18-24,0.435
2025-06-01,CD,25-34,0.405
2025-06-01,CD,35-44,0.098
2025-06-01,CD,45-54,0.036
2025-06-01,CD,55-64,0.000
2025-06-01,CD,65+,0.027
2025-06-01,CH,18-24,0.269
2025-06-01,CH,25-34,0.366
2025-06-01,CH,35-44,0.210
2025-06-01,CH,45-54,0.105
2025-06-01,CH,55-64,0.038
2025-06-01,CH,65+,0.011
2025-06-01,CI,18-24,0.455
2025-06-01,CI,25-34,0.345
2025-06-01,CI,35-44,0.103
2025-06-01,CI,45-54,0.052
2025-06-01,CI,55-64,0.000
2025-06-01,CI,65+,0.046
2025-06-01,CL,18-24,0.332
2025-06-01,CL,25-34,0.383
2025-06-01,CL,35-44,0.178
2025-06-01,CL,45-54,0.071
2025-06-01,CL,55-64,0.021
2025-06-01,CL,65+,0.015
2025-06-01,CM,18-24,0.379
2025-06-01,CM,25-34,0.414
2025-06-01,CM,35-44,0.129
2025-06-01,CM,45-54,0.057
2025-06-01,CM,55-64,0.000
2025-06-01,CM,65+,0.020
2025-06-01,CO,18-24,0.288
2025-06-01,CO,25-34,0.422
2025-06-01,CO,35-44,0.181
2025-06-01,CO,45-54,0.064
2025-06-01,CO,55-64,0.026
2025-06-01,CO,65+,0.018
2025-06-01,CR,18-24,0.309
2025-06-01,CR,25-34,0.331
2025-06-01,CR,35-44,0.248
2025-06-01,CR,45-54,0.060
2025-06-01,CR,55-64,0.023
2025-06-01,CR,65+,0.029
2025-06-01,CY,18-24,0.166
2025-06-01,CY,25-34,0.469
2025-06-01,CY,35-44,0.212
2025-06-01,CY,45-54,0.099
2025-06-01,CY,55-64,0.028
2025-06-01,CY,65+,0.026
2025-06-01,CZ,18-24,0.297
2025-06-01,CZ,25-34,0.416
2025-06-01,CZ,35-44,0.174
2025-06-01,CZ,45-54,0.076
2025-06-01,CZ,55-64,0.019
2025-06-01,CZ,65+,0.018
2025-06-01,DE,18-24,0.271
2025-06-01,DE,25-34,0.398
2025-06-01,DE,35-44,0.199
2025-06-01,DE,45-54,0.080
2025-06-01,DE,55-64,0.033
2025-06-01,DE,65+,0.018
2025-06-01,DK,18-24,0.245
2025-06-01,DK,25-34,0.391
2025-06-01,DK,35-44,0.167
2025-06-01,DK,45-54,0.108
2025-06-01,DK,55-64,0.063
2025-06-01,DK,65+,0.026
2025-06-01,DO,18-24,0.355
2025-06-01,DO,25-34,0.385
2025-06-01,DO,35-44,0.168
2025-06-01,DO,45-54,0.052
2025-06-01,DO,55-64,0.028
2025-06-01,DO,65+,0.012
2025-06-01,DZ,18-24,0.418
2025-06-01,DZ,25-34,0.357
2025-06-01,DZ,35-44,0.109
2025-06-01,DZ,45-54,0.058
2025-06-01,DZ,55-64,0.026
2025-06-01,DZ,65+,0.032
2025-06-01,EC,18-24,0.405
2025-06-01,EC,25-34,0.372
2025-06-01,EC,35-44,0.145
2025-06-01,EC,45-54,0.057
2025-06-01,EC,55-64,0.005
2025-06-01,EC,65+,0.017
2025-06-01,EE,18-24,0.254
2025-06-01,EE,25-34,0.354
2025-06-01,EE,35-44,0.233
2025-06-01,EE,45-54,0.086
2025-06-01,EE,55-64,0.033
2025-06-01,EE,65+,0.039
2025-06-01,EG,18-24,0.460
2025-06-01,EG,25-34,0.336
2025-06-01,EG,35-44,0.119
2025-06-01,EG,45-54,0.049
2025-06-01,EG,55-64,0.012
2025-06-01,EG,65+,0.025
2025-06-01,ES,18-24,0.264
2025-06-01,ES,25-34,0.373
2025-06-01,ES,35-44,0.189
2025-06-01,ES,45-54,0.107
2025-06-01,ES,55-64,0.049
2025-06-01,ES,65+,0.018
2025-06-01,ET,18-24,0.361
2025-06-01,ET,25-34,0.447
2025-06-01,ET,35-44,0.117
2025-06-01,ET,45-54,0.052
2025-06-01,ET,55-64,0.006
2025-06-01,ET,65+,0.018
2025-06-01,FI,18-24,0.276
2025-06-01,FI,25-34,0.394
2025-06-01,FI,35-44,0.193
2025-06-01,FI,45-54,0.093
2025-06-01,FI,55-64,0.024
2025-06-01,FI,65+,0.020
2025-06-01,FR,18-24,0.293
2025-06-01,FR,25-34,0.389
2025-06-01,FR,35-44,0.177
2025-06-01,FR,45-54,0.091
2025-06-01,FR,55-64,0.034
2025-06-01,FR,65+,0.016
2025-06-01,GB,18-24,0.235
2025-06-01,GB,25-34,0.374
2025-06-01,GB,35-44,0.224
2025-06-01,GB,45-54,0.110
2025-06-01,GB,55-64,0.045
2025-06-01,GB,65+,0.012
2025-06-01,GE,18-24,0.338
2025-06-01,GE,25-34,0.378
2025-06-01,GE,35-44,0.128
2025-06-01,GE,45-54,0.065
2025-06-01,GE,55-64,0.034
2025-06-01,GE,65+,0.057
2025-06-01,GH,18-24,0.373
2025-06-01,GH,25-34,0.374
2025-06-01,GH,35-44,0.174
2025-06-01,GH,45-54,0.038
2025-06-01,GH,55-64,0.014
2025-06-01,GH,65+,0.027
2025-06-01,GR,18-24,0.281
2025-06-01,GR,25-34,0.374
2025-06-01,GR,35-44,0.169
2025-06-01,GR,45-54,0.111
2025-06-01,GR,55-64,0.043
2025-06-01,GR,65+,0.022
2025-06-01,GT,18-24,0.403
2025-06-01,GT,25-34,0.376
2025-06-01,GT,35-44,0.107
2025-06-01,GT,45-54,0.057
2025-06-01,GT,55-64,0.026
2025-06-01,GT,65+,0.031
2025-06-01,HN,18-24,0.355
2025-06-01,HN,25-34,0.397
2025-06-01,HN,35-44,0.120
2025-06-01,HN,45-54,0.076
2025-06-01,HN,55-64,0.027
2025-06-01,HN,65+,0.025
2025-06-01,HR,18-24,0.261
2025-06-01,HR,25-34,0.382
2025-06-01,HR,35-44,0.174
2025-06-01,HR,45-54,0.112
2025-06-01,HR,55-64,0.031
2025-06-01,HR,65+,0.040
2025-06-01,HU,18-24,0.259
2025-06-01,HU,25-34,0.374
2025-06-01,HU,35-44,0.181
2025-06-01,HU,45-54,0.113
2025-06-01,HU,55-64,0.051
2025-06-01,HU,65+,0.023
2025-06-01,ID,18-24,0.490
2025-06-01,ID,25-34,0.359
2025-06-01,ID,35-44,0.089
2025-06-01,ID,45-54,0.034
2025-06-01,ID,55-64,0.012
2025-06-01,ID,65+,0.015
2025-06-01,IE,18-24,0.217
2025-06-01,IE,25-34,0.401
2025-06-01,IE,35-44,0.192
2025-06-01,IE,45-54,0.141
2025-06-01,IE,55-64,0.026
2025-06-01,IE,65+,0.023
2025-06-01,IL,18-24,0.275
2025-06-01,IL,25-34,0.374
2025-06-01,IL,35-44,0.172
2025-06-01,IL,45-54,0.099
2025-06-01,IL,55-64,0.047
2025-06-01,IL,65+,0.033
2025-06-01,IN,18-24,0.470
2025-06-01,IN,25-34,0.349
2025-06-01,IN,35-44,0.112
2025-06-01,IN,45-54,0.040
2025-06-01,IN,55-64,0.012
2025-06-01,IN,65+,0.016
2025-06-01,IQ,18-24,0.444
2025-06-01,IQ,25-34,0.360
2025-06-01,IQ,35-44,0.102
2025-06-01,IQ,45-54,0.044
2025-06-01,IQ,55-64,0.017
2025-06-01,IQ,65+,0.032
2025-06-01,IT,18-24,0.308
2025-06-01,IT,25-34,0.369
2025-06-01,IT,35-44,0.157
2025-06-01,IT,45-54,0.095
2025-06-01,IT,55-64,0.054
2025-06-01,IT,65+,0.017
2025-06-01,JO,18-24,0.421
2025-06-01,JO,25-34,0.339
2025-06-01,JO,35-44,0.103
2025-06-01,JO,45-54,0.070
2025-06-01,JO,55-64,0.018
2025-06-01,JO,65+,0.049
2025-06-01,JP,18-24,0.304
2025-06-01,JP,25-34,0.360
2025-06-01,JP,35-44,0.178
2025-06-01,JP,45-54,0.109
2025-06-01,JP,55-64,0.040
2025-06-01,JP,65+,0.010
2025-06-01,KE,18-24,0.456
2025-06-01,KE,25-34,0.353
2025-06-01,KE,35-44,0.104
2025-06-01,KE,45-54,0.047
2025-06-01,KE,55-64,0.020
2025-06-01,KE,65+,0.020
2025-06-01,KG,18-24,0.447
2025-06-01,KG,25-34,0.331
2025-06-01,KG,35-44,0.125
2025-06-01,KG,45-54,0.050
2025-06-01,KG,55-64,0.019
2025-06-01,KG,65+,0.028
2025-06-01,KH,18-24,0.298
2025-06-01,KH,25-34,0.446
2025-06-01,KH,35-44,0.154
2025-06-01,KH,45-54,0.040
2025-06-01,KH,55-64,0.025
2025-06-01,KH,65+,0.036
2025-06-01,KR,18-24,0.248
2025-06-01,KR,25-34,0.364
2025-06-01,KR,35-44,0.213
2025-06-01,KR,45-54,0.113
2025-06-01,KR,55-64,0.042
2025-06-01,KR,65+,0.019
2025-06-01,KW,18-24,0.313
2025-06-01,KW,25-34,0.424
2025-06-01,KW,35-44,0.192
2025-06-01,KW,45-54,0.029
2025-06-01,KW,55-64,0.015
2025-06-01,KW,65+,0.027
2025-06-01,KZ,18-24,0.408
2025-06-01,KZ,25-34,0.354
2025-06-01,KZ,35-44,0.138
2025-06-01,KZ,45-54,0.054
2025-06-01,KZ,55-64,0.022
2025-06-01,KZ,65+,0.025
2025-06-01,LB,18-24,0.348
2025-06-01,LB,25-34,0.366
2025-06-01,LB,35-44,0.162
2025-06-01,LB,45-54,0.054
2025-06-01,LB,55-64,0.038
2025-06-01,LB,65+,0.032
2025-06-01,LK,18-24,0.517
2025-06-01,LK,25-34,0.301
2025-06-01,LK,35-44,0.101
2025-06-01,LK,45-54,0.060
2025-06-01,LK,55-64,0.009
2025-06-01,LK,65+,0.012
2025-06-01,LT,18-24,0.203
2025-06-01,LT,25-34,0.429
2025-06-01,LT,35-44,0.204
2025-06-01,LT,45-54,0.088
2025-06-01,LT,55-64,0.051
2025-06-01,LT,65+,0.025
2025-06-01,LV,18-24,0.255
2025-06-01,LV,25-34,0.458
2025-06-01,LV,35-44,0.169
2025-06-01,LV,45-54,0.074
2025-06-01,LV,55-64,0.033
2025-06-01,LV,65+,0.011
2025-06-01,LY,18-24,0.487
2025-06-01,LY,25-34,0.324
2025-06-01,LY,35-44,0.098
2025-06-01,LY,45-54,0.056
2025-06-01,LY,55-64,0.020
2025-06-01,LY,65+,0.015
2025-06-01,MA,18-24,0.407
2025-06-01,MA,25-34,0.366
2025-06-01,MA,35-44,0.124
2025-06-01,MA,45-54,0.041
2025-06-01,MA,55-64,0.022
2025-06-01,MA,65+,0.040
2025-06-01,MD,18-24,0.394
2025-06-01,MD,25-34,0.338
2025-06-01,MD,35-44,0.165
2025-06-01,MD,45-54,0.058
2025-06-01,MD,55-64,0.034
2025-06-01,MD,65+,0.011
2025-06-01,MG,18-24,0.440
2025-06-01,MG,25-34,0.422
2025-06-01,MG,35-44,0.064
2025-06-01,MG,45-54,0.030
2025-06-01,MG,55-64,0.033
2025-06-01,MG,65+,0.012
2025-06-01,MK,18-24,0.333
2025-06-01,MK,25-34,0.351
2025-06-01,MK,35-44,0.200
2025-06-01,MK,45-54,0.000
2025-06-01,MK,55-64,0.023
2025-06-01,MK,65+,0.092
2025-06-01,MM,18-24,0.553
2025-06-01,MM,25-34,0.349
2025-06-01,MM,35-44,0.089
2025-06-01,MM,45-54,0.006
2025-06-01,MM,55-64,0.003
2025-06-01,MM,65+,0.000
2025-06-01,MN,18-24,0.338
2025-06-01,MN,25-34,0.414
2025-06-01,MN,35-44,0.138
2025-06-01,MN,45-54,0.035
2025-06-01,MN,55-64,0.030
2025-06-01,MN,65+,0.045
2025-06-01,MX,18-24,0.378
2025-06-01,MX,25-34,0.396
2025-06-01,MX,35-44,0.140
2025-06-01,MX,45-54,0.049
2025-06-01,MX,55-64,0.020
2025-06-01,MX,65+,0.016
2025-06-01,MY,18-24,0.362
2025-06-01,MY,25-34,0.360
2025-06-01,MY,35-44,0.175
2025-06-01,MY,45-54,0.075
2025-06-01,MY,55-64,0.017
2025-06-01,MY,65+,0.011
2025-06-01,MZ,18-24,0.464
2025-06-01,MZ,25-34,0.353
2025-06-01,MZ,35-44,0.104
2025-06-01,MZ,45-54,0.052
2025-06-01,MZ,55-64,0.020
2025-06-01,MZ,65+,0.007
2025-06-01,NG,18-24,0.410
2025-06-01,NG,25-34,0.387
2025-06-01,NG,35-44,0.110
2025-06-01,NG,45-54,0.040
2025-06-01,NG,55-64,0.027
2025-06-01,NG,65+,0.026
2025-06-01,NI,18-24,0.438
2025-06-01,NI,25-34,0.361
2025-06-01,NI,35-44,0.101
2025-06-01,NI,45-54,0.039
2025-06-01,NI,55-64,0.008
2025-06-01,NI,65+,0.053
2025-06-01,NL,18-24,0.300
2025-06-01,NL,25-34,0.383
2025-06-01,NL,35-44,0.184
2025-06-01,NL,45-54,0.078
2025-06-01,NL,55-64,0.034
2025-06-01,NL,65+,0.021
2025-06-01,NO,18-24,0.231
2025-06-01,NO,25-34,0.354
2025-06-01,NO,35-44,0.207
2025-06-01,NO,45-54,0.117
2025-06-01,NO,55-64,0.053
2025-06-01,NO,65+,0.037
2025-06-01,NP,18-24,0.458
2025-06-01,NP,25-34,0.332
2025-06-01,NP,35-44,0.094
2025-06-01,NP,45-54,0.022
2025-06-01,NP,55-64,0.027
2025-06-01,NP,65+,0.067
2025-06-01,NZ,18-24,0.244
2025-06-01,NZ,25-34,0.374
2025-06-01,NZ,35-44,0.214
2025-06-01,NZ,45-54,0.102
2025-06-01,NZ,55-64,0.034
2025-06-01,NZ,65+,0.033
2025-06-01,OM,18-24,0.314
2025-06-01,OM,25-34,0.430
2025-06-01,OM,35-44,0.208
2025-06-01,OM,45-54,0.015
2025-06-01,OM,55-64,0.022
2025-06-01,OM,65+,0.011
2025-06-01,PA,18-24,0.348
2025-06-01,PA,25-34,0.435
2025-06-01,PA,35-44,0.127
2025-06-01,PA,45-54,0.068
2025-06-01,PA,55-64,0.012
2025-06-01,PA,65+,0.010
2025-06-01,PE,18-24,0.412
2025-06-01,PE,25-34,0.382
2025-06-01,PE,35-44,0.112
2025-06-01,PE,45-54,0.057
2025-06-01,PE,55-64,0.021
2025-06-01,PE,65+,0.015
2025-06-01,PH,18-24,0.395
2025-06-01,PH,25-34,0.405
2025-06-01,PH,35-44,0.127
2025-06-01,PH,45-54,0.042
2025-06-01,PH,55-64,0.016
2025-06-01,PH,65+,0.015
2025-06-01,PK,18-24,0.494
2025-06-01,PK,25-34,0.346
2025-06-01,PK,35-44,0.096
2025-06-01,PK,45-54,0.036
2025-06-01,PK,55-64,0.011
2025-06-01,PK,65+,0.018
2025-06-01,PL,18-24,0.281
2025-06-01,PL,25-34,0.431
2025-06-01,PL,35-44,0.174
2025-06-01,PL,45-54,0.078
2025-06-01,PL,55-64,0.019
2025-06-01,PL,65+,0.017
2025-06-01,PR,18-24,0.252
2025-06-01,PR,25-34,0.328
2025-06-01,PR,35-44,0.212
2025-06-01,PR,45-54,0.139
2025-06-01,PR,55-64,0.048
2025-06-01,PR,65+,0.021
2025-06-01,PS,18-24,0.439
2025-06-01,PS,25-34,0.428
2025-06-01,PS,35-44,0.081
2025-06-01,PS,45-54,0.021
2025-06-01,PS,55-64,0.006
2025-06-01,PS,65+,0.025
2025-06-01,PT,18-24,0.232
2025-06-01,PT,25-34,0.406
2025-06-01,PT,35-44,0.189
2025-06-01,PT,45-54,0.108
2025-06-01,PT,55-64,0.043
2025-06-01,PT,65+,0.022
2025-06-01,PY,18-24,0.280
2025-06-01,PY,25-34,0.411
2025-06-01,PY,35-44,0.136
2025-06-01,PY,45-54,0.107
2025-06-01,PY,55-64,0.038
2025-06-01,PY,65+,0.028
2025-06-01,QA,18-24,0.213
2025-06-01,QA,25-34,0.414
2025-06-01,QA,35-44,0.286
2025-06-01,QA,45-54,0.057
2025-06-01,QA,55-64,0.030
2025-06-01,QA,65+,0.000
2025-06-01,RO,18-24,0.309
2025-06-01,RO,25-34,0.394
2025-06-01,RO,35-44,0.171
2025-06-01,RO,45-54,0.089
2025-06-01,RO,55-64,0.021
2025-06-01,RO,65+,0.015
2025-06-01,RS,18-24,0.268
2025-06-01,RS,25-34,0.404
2025-06-01,RS,35-44,0.198
2025-06-01,RS,45-54,0.083
2025-06-01,RS,55-64,0.033
2025-06-01,RS,65+,0.013
2025-06-01,RW,18-24,0.492
2025-06-01,RW,25-34,0.319
2025-06-01,RW,35-44,0.082
2025-06-01,RW,45-54,0.054
2025-06-01,RW,55-64,0.037
2025-06-01,RW,65+,0.015
2025-06-01,SA,18-24,0.343
2025-06-01,SA,25-34,0.452
2025-06-01,SA,35-44,0.122
2025-06-01,SA,45-54,0.046
2025-06-01,SA,55-64,0.016
2025-06-01,SA,65+,0.020
2025-06-01,SE,18-24,0.220
2025-06-01,SE,25-34,0.406
2025-06-01,SE,35-44,0.208
2025-06-01,SE,45-54,0.081
2025-06-01,SE,55-64,0.046
2025-06-01,SE,65+,0.039
2025-06-01,SG,18-24,0.266
2025-06-01,SG,25-34,0.438
2025-06-01,SG,35-44,0.189
2025-06-01,SG,45-54,0.066
2025-06-01,SG,55-64,0.031
2025-06-01,SG,65+,0.009
2025-06-01,SI,18-24,0.206
2025-06-01,SI,25-34,0.399
2025-06-01,SI,35-44,0.251
2025-06-01,SI,45-54,0.076
2025-06-01,SI,55-64,0.069
2025-06-01,SI,65+,0.000
2025-06-01,SK,18-24,0.273
2025-06-01,SK,25-34,0.401
2025-06-01,SK,35-44,0.193
2025-06-01,SK,45-54,0.085
2025-06-01,SK,55-64,0.038
2025-06-01,SK,65+,0.010
2025-06-01,SN,18-24,0.548
2025-06-01,SN,25-34,0.330
2025-06-01,SN,35-44,0.050
2025-06-01,SN,45-54,0.033
2025-06-01,SN,55-64,0.040
2025-06-01,SN,65+,0.000
2025-06-01,SO,18-24,0.477
2025-06-01,SO,25-34,0.386
2025-06-01,SO,35-44,0.048
2025-06-01,SO,45-54,0.002
2025-06-01,SO,55-64,0.025
2025-06-01,SO,65+,0.061
2025-06-01,SV,18-24,0.379
2025-06-01,SV,25-34,0.391
2025-06-01,SV,35-44,0.131
2025-06-01,SV,45-54,0.049
2025-06-01,SV,55-64,0.029
2025-06-01,SV,65+,0.021
2025-06-01,TH,18-24,0.362
2025-06-01,TH,25-34,0.372
2025-06-01,TH,35-44,0.138
2025-06-01,TH,45-54,0.073
2025-06-01,TH,55-64,0.021
2025-06-01,TH,65+,0.034
2025-06-01,TJ,18-24,0.498
2025-06-01,TJ,25-34,0.318
2025-06-01,TJ,35-44,0.101
2025-06-01,TJ,45-54,0.069
2025-06-01,TJ,55-64,0.001
2025-06-01,TJ,65+,0.013
2025-06-01,TN,18-24,0.404
2025-06-01,TN,25-34,0.343
2025-06-01,TN,35-44,0.121
2025-06-01,TN,45-54,0.086
2025-06-01,TN,55-64,0.022
2025-06-01,TN,65+,0.025
2025-06-01,TR,18-24,0.377
2025-06-01,TR,25-34,0.380
2025-06-01,TR,35-44,0.142
2025-06-01,TR,45-54,0.063
2025-06-01,TR,55-64,0.015
2025-06-01,TR,65+,0.022
2025-06-01,TW,18-24,0.230
2025-06-01,TW,25-34,0.392
2025-06-01,TW,35-44,0.223
2025-06-01,TW,45-54,0.098
2025-06-01,TW,55-64,0.036
2025-06-01,TW,65+,0.021
2025-06-01,TZ,18-24,0.514
2025-06-01,TZ,25-34,0.293
2025-06-01,TZ,35-44,0.116
2025-06-01,TZ,45-54,0.036
2025-06-01,TZ,55-64,0.041
2025-06-01,TZ,65+,0.000
2025-06-01,UA,18-24,0.302
2025-06-01,UA,25-34,0.428
2025-06-01,UA,35-44,0.156
2025-06-01,UA,45-54,0.064
2025-06-01,UA,55-64,0.037
2025-06-01,UA,65+,0.013
2025-06-01,US,18-24,0.240
2025-06-01,US,25-34,0.379
2025-06-01,US,35-44,0.214
2025-06-01,US,45-54,0.099
2025-06-01,US,55-64,0.047
2025-06-01,US,65+,0.020
2025-06-01,UY,18-24,0.371
2025-06-01,UY,25-34,0.396
2025-06-01,UY,35-44,0.095
2025-06-01,UY,45-54,0.103
2025-06-01,UY,55-64,0.002
2025-06-01,UY,65+,0.033
2025-06-01,UZ,18-24,0.470
2025-06-01,UZ,25-34,0.287
2025-06-01,UZ,35-44,0.135
2025-06-01,UZ,45-54,0.058
2025-06-01,UZ,55-64,0.019
2025-06-01,UZ,65+,0.031
2025-06-01,VN,18-24,0.430
2025-06-01,VN,25-34,0.395
2025-06-01,VN,35-44,0.125
2025-06-01,VN,45-54,0.030
2025-06-01,VN,55-64,0.010
2025-06-01,VN,65+,0.011
2025-06-01,YE,18-24,0.472
2025-06-01,YE,25-34,0.347
2025-06-01,YE,35-44,0.099
2025-06-01,YE,45-54,0.041
2025-06-01,YE,55-64,0.000
2025-06-01,YE,65+,0.041
2025-06-01,ZA,18-24,0.386
2025-06-01,ZA,25-34,0.330
2025-06-01,ZA,35-44,0.144
2025-06-01,ZA,45-54,0.093
2025-06-01,ZA,55-64,0.031
2025-06-01,ZA,65+,0.015
2025-07-01,AE,18-24,0.192
2025-07-01,AE,25-34,0.474
2025-07-01,AE,35-44,0.224
2025-07-01,AE,45-54,0.082
2025-07-01,AE,55-64,0.021
2025-07-01,AE,65+,0.006
2025-07-01,AF,18-24,0.416
2025-07-01,AF,25-34,0.361
2025-07-01,AF,35-44,0.105
2025-07-01,AF,45-54,0.041
2025-07-01,AF,55-64,0.012
2025-07-01,AF,65+,0.065
2025-07-01,AL,18-24,0.276
2025-07-01,AL,25-34,0.464
2025-07-01,AL,35-44,0.184
2025-07-01,AL,45-54,0.043
2025-07-01,AL,55-64,0.010
2025-07-01,AL,65+,0.022
2025-07-01,AM,18-24,0.302
2025-07-01,AM,25-34,0.394
2025-07-01,AM,35-44,0.163
2025-07-01,AM,45-54,0.082
2025-07-01,AM,55-64,0.051
2025-07-01,AM,65+,0.008
2025-07-01,AO,18-24,0.389
2025-07-01,AO,25-34,0.343
2025-07-01,AO,35-44,0.129
2025-07-01,AO,45-54,0.056
2025-07-01,AO,55-64,0.036
2025-07-01,AO,65+,0.045
2025-07-01,AR,18-24,0.287
2025-07-01,AR,25-34,0.371
2025-07-01,AR,35-44,0.199
2025-07-01,AR,45-54,0.094
2025-07-01,AR,55-64,0.032
2025-07-01,AR,65+,0.017
2025-07-01,AT,18-24,0.231
2025-07-01,AT,25-34,0.429
2025-07-01,AT,35-44,0.214
2025-07-01,AT,45-54,0.082
2025-07-01,AT,55-64,0.032
2025-07-01,AT,65+,0.012
2025-07-01,AU,18-24,0.214
2025-07-01,AU,25-34,0.406
2025-07-01,AU,35-44,0.218
2025-07-01,AU,45-54,0.110
2025-07-01,AU,55-64,0.035
2025-07-01,AU,65+,0.017
2025-07-01,AZ,18-24,0.319
2025-07-01,AZ,25-34,0.350
2025-07-01,AZ,35-44,0.203
2025-07-01,AZ,45-54,0.057
2025-07-01,AZ,55-64,0.028
2025-07-01,AZ,65+,0.043
2025-07-01,BA,18-24,0.342
2025-07-01,BA,25-34,0.394
2025-07-01,BA,35-44,0.167
2025-07-01,BA,45-54,0.049
2025-07-01,BA,55-64,0.007
2025-07-01,BA,65+,0.041
2025-07-01,BD,18-24,0.501
2025-07-01,BD,25-34,0.346
2025-07-01,BD,35-44,0.075
2025-07-01,BD,45-54,0.036
2025-07-01,BD,55-64,0.014
2025-07-01,BD,65+,0.029
2025-07-01,BE,18-24,0.216
2025-07-01,BE,25-34,0.399
2025-07-01,BE,35-44,0.202
2025-07-01,BE,45-54,0.103
2025-07-01,BE,55-64,0.043
2025-07-01,BE,65+,0.036
2025-07-01,BG,18-24,0.274
2025-07-01,BG,25-34,0.373
2025-07-01,BG,35-44,0.188
2025-07-01,BG,45-54,0.136
2025-07-01,BG,55-64,0.020
2025-07-01,BG,65+,0.008
2025-07-01,BH,18-24,0.299
2025-07-01,BH,25-34,0.417
2025-07-01,BH,35-44,0.179
2025-07-01,BH,45-54,0.091
2025-07-01,BH,55-64,0.000
2025-07-01,BH,65+,0.013
2025-07-01,BJ,18-24,0.410
2025-07-01,BJ,25-34,0.408
2025-07-01,BJ,35-44,0.089
2025-07-01,BJ,45-54,0.056
2025-07-01,BJ,55-64,0.018
2025-07-01,BJ,65+,0.019
2025-07-01,BO,18-24,0.410
2025-07-01,BO,25-34,0.377
2025-07-01,BO,35-44,0.128
2025-07-01,BO,45-54,0.052
2025-07-01,BO,55-64,0.001
2025-07-01,BO,65+,0.032
2025-07-01,BR,18-24,0.279
2025-07-01,BR,25-34,0.402
2025-07-01,BR,35-44,0.194
2025-07-01,BR,45-54,0.081
2025-07-01,BR,55-64,0.025
2025-07-01,BR,65+,0.017
2025-07-01,CA,18-24,0.215
2025-07-01,CA,25-34,0.385
2025-07-01,CA,35-44,0.227
2025-07-01,CA,45-54,0.101
2025-07-01,CA,55-64,0.047
2025-07-01,CA,65+,0.025
2025-07-01,CD,18-24,0.398
2025-07-01,CD,25-34,0.409
2025-07-01,CD,35-44,0.139
2025-07-01,CD,45-54,0.030
2025-07-01,CD,55-64,0.024
2025-07-01,CD,65+,0.000
2025-07-01,CH,18-24,0.204
2025-07-01,CH,25-34,0.367
2025-07-01,CH,35-44,0.261
2025-07-01,CH,45-54,0.099
2025-07-01,CH,55-64,0.053
2025-07-01,CH,65+,0.016
2025-07-01,CI,18-24,0.400
2025-07-01,CI,25-34,0.377
2025-07-01,CI,35-44,0.123
2025-07-01,CI,45-54,0.066
2025-07-01,CI,55-64,0.000
2025-07-01,CI,65+,0.033
2025-07-01,CL,18-24,0.258
2025-07-01,CL,25-34,0.417
2025-07-01,CL,35-44,0.201
2025-07-01,CL,45-54,0.077
2025-07-01,CL,55-64,0.026
2025-07-01,CL,65+,0.020
2025-07-01,CM,18-24,0.372
2025-07-01,CM,25-34,0.337
2025-07-01,CM,35-44,0.130
2025-07-01,CM,45-54,0.092
2025-07-01,CM,55-64,0.069
2025-07-01,CM,65+,0.000
2025-07-01,CO,18-24,0.287
2025-07-01,CO,25-34,0.411
2025-07-01,CO,35-44,0.171
2025-07-01,CO,45-54,0.081
2025-07-01,CO,55-64,0.027
2025-07-01,CO,65+,0.024
2025-07-01,CR,18-24,0.321
2025-07-01,CR,25-34,0.338
2025-07-01,CR,35-44,0.264
2025-07-01,CR,45-54,0.050
2025-07-01,CR,55-64,0.000
2025-07-01,CR,65+,0.027
2025-07-01,CY,18-24,0.192
2025-07-01,CY,25-34,0.298
2025-07-01,CY,35-44,0.294
2025-07-01,CY,45-54,0.181
2025-07-01,CY,55-64,0.030
2025-07-01,CY,65+,0.004
2025-07-01,CZ,18-24,0.273
2025-07-01,CZ,25-34,0.397
2025-07-01,CZ,35-44,0.172
2025-07-01,CZ,45-54,0.100
2025-07-01,CZ,55-64,0.036
2025-07-01,CZ,65+,0.021
2025-07-01,DE,18-24,0.262
2025-07-01,DE,25-34,0.403
2025-07-01,DE,35-44,0.199
2025-07-01,DE,45-54,0.082
2025-07-01,DE,55-64,0.035
2025-07-01,DE,65+,0.019
2025-07-01,DK,18-24,0.182
2025-07-01,DK,25-34,0.401
2025-07-01,DK,35-44,0.196
2025-07-01,DK,45-54,0.117
2025-07-01,DK,55-64,0.072
2025-07-01,DK,65+,0.031
2025-07-01,DO,18-24,0.335
2025-07-01,DO,25-34,0.441
2025-07-01,DO,35-44,0.106
2025-07-01,DO,45-54,0.054
2025-07-01,DO,55-64,0.045
2025-07-01,DO,65+,0.019
2025-07-01,DZ,18-24,0.406
2025-07-01,DZ,25-34,0.360
2025-07-01,DZ,35-44,0.117
2025-07-01,DZ,45-54,0.055
2025-07-01,DZ,55-64,0.024
2025-07-01,DZ,65+,0.038
2025-07-01,EC,18-24,0.392
2025-07-01,EC,25-34,0.363
2025-07-01,EC,35-44,0.146
2025-07-01,EC,45-54,0.050
2025-07-01,EC,55-64,0.017
2025-07-01,EC,65+,0.032
2025-07-01,EE,18-24,0.182
2025-07-01,EE,25-34,0.292
2025-07-01,EE,35-44,0.259
2025-07-01,EE,45-54,0.127
2025-07-01,EE,55-64,0.122
2025-07-01,EE,65+,0.018
2025-07-01,EG,18-24,0.409
2025-07-01,EG,25-34,0.376
2025-07-01,EG,35-44,0.121
2025-07-01,EG,45-54,0.049
2025-07-01,EG,55-64,0.016
2025-07-01,EG,65+,0.029
2025-07-01,ES,18-24,0.216
2025-07-01,ES,25-34,0.372
2025-07-01,ES,35-44,0.196
2025-07-01,ES,45-54,0.136
2025-07-01,ES,55-64,0.056
2025-07-01,ES,65+,0.024
2025-07-01,ET,18-24,0.361
2025-07-01,ET,25-34,0.378
2025-07-01,ET,35-44,0.158
2025-07-01,ET,45-54,0.074
2025-07-01,ET,55-64,0.010
2025-07-01,ET,65+,0.019
2025-07-01,FI,18-24,0.314
2025-07-01,FI,25-34,0.374
2025-07-01,FI,35-44,0.174
2025-07-01,FI,45-54,0.082
2025-07-01,FI,55-64,0.028
2025-07-01,FI,65+,0.028
2025-07-01,FR,18-24,0.274
2025-07-01,FR,25-34,0.389
2025-07-01,FR,35-44,0.188
2025-07-01,FR,45-54,0.092
2025-07-01,FR,55-64,0.040
2025-07-01,FR,65+,0.017
2025-07-01,GB,18-24,0.228
2025-07-01,GB,25-34,0.395
2025-07-01,GB,35-44,0.207
2025-07-01,GB,45-54,0.112
2025-07-01,GB,55-64,0.038
2025-07-01,GB,65+,0.020
2025-07-01,GE,18-24,0.330
2025-07-01,GE,25-34,0.390
2025-07-01,GE,35-44,0.192
2025-07-01,GE,45-54,0.054
2025-07-01,GE,55-64,0.002
2025-07-01,GE,65+,0.032
2025-07-01,GH,18-24,0.422
2025-07-01,GH,25-34,0.347
2025-07-01,GH,35-44,0.124
2025-07-01,GH,45-54,0.046
2025-07-01,GH,55-64,0.048
2025-07-01,GH,65+,0.013
2025-07-01,GR,18-24,0.212
2025-07-01,GR,25-34,0.350
2025-07-01,GR,35-44,0.232
2025-07-01,GR,45-54,0.143
2025-07-01,GR,55-64,0.041
2025-07-01,GR,65+,0.022
2025-07-01,GT,18-24,0.432
2025-07-01,GT,25-34,0.367
2025-07-01,GT,35-44,0.103
2025-07-01,GT,45-54,0.061
2025-07-01,GT,55-64,0.019
2025-07-01,GT,65+,0.018
2025-07-01,HN,18-24,0.445
2025-07-01,HN,25-34,0.355
2025-07-01,HN,35-44,0.120
2025-07-01,HN,45-54,0.061
2025-07-01,HN,55-64,0.019
2025-07-01,HN,65+,0.001
2025-07-01,HR,18-24,0.224
2025-07-01,HR,25-34,0.386
2025-07-01,HR,35-44,0.236
2025-07-01,HR,45-54,0.100
2025-07-01,HR,55-64,0.021
2025-07-01,HR,65+,0.032
2025-07-01,HU,18-24,0.220
2025-07-01,HU,25-34,0.367
2025-07-01,HU,35-44,0.220
2025-07-01,HU,45-54,0.108
2025-07-01,HU,55-64,0.067
2025-07-01,HU,65+,0.019
2025-07-01,ID,18-24,0.439
2025-07-01,ID,25-34,0.386
2025-07-01,ID,35-44,0.100
2025-07-01,ID,45-54,0.041
2025-07-01,ID,55-64,0.016
2025-07-01,ID,65+,0.018
2025-07-01,IE,18-24,0.176
2025-07-01,IE,25-34,0.395
2025-07-01,IE,35-44,0.224
2025-07-01,IE,45-54,0.132
2025-07-01,IE,55-64,0.059
2025-07-01,IE,65+,0.015
2025-07-01,IL,18-24,0.264
2025-07-01,IL,25-34,0.379
2025-07-01,IL,35-44,0.180
2025-07-01,IL,45-54,0.107
2025-07-01,IL,55-64,0.037
2025-07-01,IL,65+,0.032
2025-07-01,IN,18-24,0.464
2025-07-01,IN,25-34,0.347
2025-07-01,IN,35-44,0.123
2025-07-01,IN,45-54,0.037
2025-07-01,IN,55-64,0.013
2025-07-01,IN,65+,0.015
2025-07-01,IQ,18-24,0.427
2025-07-01,IQ,25-34,0.380
2025-07-01,IQ,35-44,0.092
2025-07-01,IQ,45-54,0.041
2025-07-01,IQ,55-64,0.015
2025-07-01,IQ,65+,0.045
2025-07-01,IT,18-24,0.272
2025-07-01,IT,25-34,0.363
2025-07-01,IT,35-44,0.178
2025-07-01,IT,45-54,0.111
2025-07-01,IT,55-64,0.055
2025-07-01,IT,65+,0.021
2025-07-01,JO,18-24,0.403
2025-07-01,JO,25-34,0.395
2025-07-01,JO,35-44,0.094
2025-07-01,JO,45-54,0.048
2025-07-01,JO,55-64,0.025
2025-07-01,JO,65+,0.034
2025-07-01,JP,18-24,0.310
2025-07-01,JP,25-34,0.354
2025-07-01,JP,35-44,0.179
2025-07-01,JP,45-54,0.108
2025-07-01,JP,55-64,0.036
2025-07-01,JP,65+,0.014
2025-07-01,KE,18-24,0.489
2025-07-01,KE,25-34,0.352
2025-07-01,KE,35-44,0.103
2025-07-01,KE,45-54,0.042
2025-07-01,KE,55-64,0.009
2025-07-01,KE,65+,0.006
2025-07-01,KG,18-24,0.377
2025-07-01,KG,25-34,0.400
2025-07-01,KG,35-44,0.146
2025-07-01,KG,45-54,0.043
2025-07-01,KG,55-64,0.011
2025-07-01,KG,65+,0.023
2025-07-01,KH,18-24,0.332
2025-07-01,KH,25-34,0.403
2025-07-01,KH,35-44,0.209
2025-07-01,KH,45-54,0.035
2025-07-01,KH,55-64,0.011
2025-07-01,KH,65+,0.009
2025-07-01,KR,18-24,0.207
2025-07-01,KR,25-34,0.366
2025-07-01,KR,35-44,0.228
2025-07-01,KR,45-54,0.130
2025-07-01,KR,55-64,0.051
2025-07-01,KR,65+,0.018
2025-07-01,KW,18-24,0.253
2025-07-01,KW,25-34,0.428
2025-07-01,KW,35-44,0.197
2025-07-01,KW,45-54,0.059
2025-07-01,KW,55-64,0.026
2025-07-01,KW,65+,0.037
2025-07-01,KZ,18-24,0.398
2025-07-01,KZ,25-34,0.371
2025-07-01,KZ,35-44,0.140
2025-07-01,KZ,45-54,0.048
2025-07-01,KZ,55-64,0.019
2025-07-01,KZ,65+,0.024
2025-07-01,LB,18-24,0.344
2025-07-01,LB,25-34,0.368
2025-07-01,LB,35-44,0.187
2025-07-01,LB,45-54,0.049
2025-07-01,LB,55-64,0.012
2025-07-01,LB,65+,0.040
2025-07-01,LK,18-24,0.437
2025-07-01,LK,25-34,0.333
2025-07-01,LK,35-44,0.144
2025-07-01,LK,45-54,0.056
2025-07-01,LK,55-64,0.013
2025-07-01,LK,65+,0.017
2025-07-01,LT,18-24,0.183
2025-07-01,LT,25-34,0.457
2025-07-01,LT,35-44,0.243
2025-07-01,LT,45-54,0.079
2025-07-01,LT,55-64,0.028
2025-07-01,LT,65+,0.009
2025-07-01,LV,18-24,0.236
2025-07-01,LV,25-34,0.349
2025-07-01,LV,35-44,0.181
2025-07-01,LV,45-54,0.129
2025-07-01,LV,55-64,0.067
2025-07-01,LV,65+,0.038
2025-07-01,LY,18-24,0.443
2025-07-01,LY,25-34,0.344
2025-07-01,LY,35-44,0.091
2025-07-01,LY,45-54,0.057
2025-07-01,LY,55-64,0.043
2025-07-01,LY,65+,0.022
2025-07-01,MA,18-24,0.394
2025-07-01,MA,25-34,0.390
2025-07-01,MA,35-44,0.119
2025-07-01,MA,45-54,0.046
2025-07-01,MA,55-64,0.016
2025-07-01,MA,65+,0.035
2025-07-01,MD,18-24,0.343
2025-07-01,MD,25-34,0.402
2025-07-01,MD,35-44,0.144
2025-07-01,MD,45-54,0.075
2025-07-01,MD,55-64,0.036
2025-07-01,MD,65+,0.000
2025-07-01,MG,18-24,0.472
2025-07-01,MG,25-34,0.358
2025-07-01,MG,35-44,0.122
2025-07-01,MG,45-54,0.048
2025-07-01,MG,55-64,0.000
2025-07-01,MG,65+,0.000
2025-07-01,MM,18-24,0.476
2025-07-01,MM,25-34,0.347
2025-07-01,MM,35-44,0.133
2025-07-01,MM,45-54,0.034
2025-07-01,MM,55-64,0.000
2025-07-01,MM,65+,0.011
2025-07-01,MN,18-24,0.337
2025-07-01,MN,25-34,0.391
2025-07-01,MN,35-44,0.193
2025-07-01,MN,45-54,0.002
2025-07-01,MN,55-64,0.056
2025-07-01,MN,65+,0.021
2025-07-01,MX,18-24,0.354
2025-07-01,MX,25-34,0.401
2025-07-01,MX,35-44,0.153
2025-07-01,MX,45-54,0.060
2025-07-01,MX,55-64,0.022
2025-07-01,MX,65+,0.010
2025-07-01,MY,18-24,0.356
2025-07-01,MY,25-34,0.388
2025-07-01,MY,35-44,0.173
2025-07-01,MY,45-54,0.056
2025-07-01,MY,55-64,0.015
2025-07-01,MY,65+,0.011
2025-07-01,MZ,18-24,0.539
2025-07-01,MZ,25-34,0.243
2025-07-01,MZ,35-44,0.119
2025-07-01,MZ,45-54,0.035
2025-07-01,MZ,55-64,0.000
2025-07-01,MZ,65+,0.064
2025-07-01,NG,18-24,0.423
2025-07-01,NG,25-34,0.400
2025-07-01,NG,35-44,0.107
2025-07-01,NG,45-54,0.038
2025-07-01,NG,55-64,0.013
2025-07-01,NG,65+,0.018
2025-07-01,NI,18-24,0.408
2025-07-01,NI,25-34,0.322
2025-07-01,NI,35-44,0.145
2025-07-01,NI,45-54,0.077
2025-07-01,NI,55-64,0.028
2025-07-01,NI,65+,0.020
2025-07-01,NL,18-24,0.249
2025-07-01,NL,25-34,0.415
2025-07-01,NL,35-44,0.178
2025-07-01,NL,45-54,0.093
2025-07-01,NL,55-64,0.042
2025-07-01,NL,65+,0.024
2025-07-01,NO,18-24,0.220
2025-07-01,NO,25-34,0.359
2025-07-01,NO,35-44,0.209
2025-07-01,NO,45-54,0.139
2025-07-01,NO,55-64,0.042
2025-07-01,NO,65+,0.032
2025-07-01,NP,18-24,0.470
2025-07-01,NP,25-34,0.305
2025-07-01,NP,35-44,0.095
2025-07-01,NP,45-54,0.039
2025-07-01,NP,55-64,0.026
2025-07-01,NP,65+,0.065
2025-07-01,NZ,18-24,0.252
2025-07-01,NZ,25-34,0.322
2025-07-01,NZ,35-44,0.209
2025-07-01,NZ,45-54,0.153
2025-07-01,NZ,55-64,0.029
2025-07-01,NZ,65+,0.035
2025-07-01,OM,18-24,0.332
2025-07-01,OM,25-34,0.332
2025-07-01,OM,35-44,0.255
2025-07-01,OM,45-54,0.053
2025-07-01,OM,55-64,0.005
2025-07-01,OM,65+,0.023
2025-07-01,PA,18-24,0.274
2025-07-01,PA,25-34,0.361
2025-07-01,PA,35-44,0.213
2025-07-01,PA,45-54,0.072
2025-07-01,PA,55-64,0.070
2025-07-01,PA,65+,0.009
2025-07-01,PE,18-24,0.379
2025-07-01,PE,25-34,0.408
2025-07-01,PE,35-44,0.111
2025-07-01,PE,45-54,0.063
2025-07-01,PE,55-64,0.027
2025-07-01,PE,65+,0.012
2025-07-01,PH,18-24,0.381
2025-07-01,PH,25-34,0.411
2025-07-01,PH,35-44,0.124
2025-07-01,PH,45-54,0.046
2025-07-01,PH,55-64,0.018
2025-07-01,PH,65+,0.019
2025-07-01,PK,18-24,0.461
2025-07-01,PK,25-34,0.361
2025-07-01,PK,35-44,0.106
2025-07-01,PK,45-54,0.036
2025-07-01,PK,55-64,0.015
2025-07-01,PK,65+,0.021
2025-07-01,PL,18-24,0.252
2025-07-01,PL,25-34,0.428
2025-07-01,PL,35-44,0.194
2025-07-01,PL,45-54,0.081
2025-07-01,PL,55-64,0.026
2025-07-01,PL,65+,0.019
2025-07-01,PR,18-24,0.215
2025-07-01,PR,25-34,0.409
2025-07-01,PR,35-44,0.196
2025-07-01,PR,45-54,0.101
2025-07-01,PR,55-64,0.035
2025-07-01,PR,65+,0.043
2025-07-01,PS,18-24,0.353
2025-07-01,PS,25-34,0.320
2025-07-01,PS,35-44,0.150
2025-07-01,PS,45-54,0.073
2025-07-01,PS,55-64,0.052
2025-07-01,PS,65+,0.052
2025-07-01,PT,18-24,0.199
2025-07-01,PT,25-34,0.391
2025-07-01,PT,35-44,0.216
2025-07-01,PT,45-54,0.132
2025-07-01,PT,55-64,0.041
2025-07-01,PT,65+,0.021
2025-07-01,PY,18-24,0.318
2025-07-01,PY,25-34,0.399
2025-07-01,PY,35-44,0.185
2025-07-01,PY,45-54,0.063
2025-07-01,PY,55-64,0.011
2025-07-01,PY,65+,0.025
2025-07-01,QA,18-24,0.203
2025-07-01,QA,25-34,0.463
2025-07-01,QA,35-44,0.199
2025-07-01,QA,45-54,0.118
2025-07-01,QA,55-64,0.018
2025-07-01,QA,65+,0.000
2025-07-01,RO,18-24,0.272
2025-07-01,RO,25-34,0.393
2025-07-01,RO,35-44,0.171
2025-07-01,RO,45-54,0.093
2025-07-01,RO,55-64,0.039
2025-07-01,RO,65+,0.031
2025-07-01,RS,18-24,0.259
2025-07-01,RS,25-34,0.360
2025-07-01,RS,35-44,0.210
2025-07-01,RS,45-54,0.116
2025-07-01,RS,55-64,0.037
2025-07-01,RS,65+,0.018
2025-07-01,SA,18-24,0.349
2025-07-01,SA,25-34,0.444
2025-07-01,SA,35-44,0.142
2025-07-01,SA,45-54,0.044
2025-07-01,SA,55-64,0.010
2025-07-01,SA,65+,0.011
2025-07-01,SD,18-24,0.514
2025-07-01,SD,25-34,0.372
2025-07-01,SD,35-44,0.079
2025-07-01,SD,45-54,0.000
2025-07-01,SD,55-64,0.000
2025-07-01,SD,65+,0.035
2025-07-01,SE,18-24,0.212
2025-07-01,SE,25-34,0.408
2025-07-01,SE,35-44,0.217
2025-07-01,SE,45-54,0.096
2025-07-01,SE,55-64,0.038
2025-07-01,SE,65+,0.028
2025-07-01,SG,18-24,0.219
2025-07-01,SG,25-34,0.485
2025-07-01,SG,35-44,0.195
2025-07-01,SG,45-54,0.073
2025-07-01,SG,55-64,0.016
2025-07-01,SG,65+,0.013
2025-07-01,SI,18-24,0.160
2025-07-01,SI,25-34,0.355
2025-07-01,SI,35-44,0.242
2025-07-01,SI,45-54,0.147
2025-07-01,SI,55-64,0.062
2025-07-01,SI,65+,0.034
2025-07-01,SK,18-24,0.257
2025-07-01,SK,25-34,0.415
2025-07-01,SK,35-44,0.191
2025-07-01,SK,45-54,0.116
2025-07-01,SK,55-64,0.014
2025-07-01,SK,65+,0.007
2025-07-01,SN,18-24,0.471
2025-07-01,SN,25-34,0.313
2025-07-01,SN,35-44,0.107
2025-07-01,SN,45-54,0.037
2025-07-01,SN,55-64,0.004
2025-07-01,SN,65+,0.068
2025-07-01,SO,18-24,0.390
2025-07-01,SO,25-34,0.403
2025-07-01,SO,35-44,0.039
2025-07-01,SO,45-54,0.041
2025-07-01,SO,55-64,0.049
2025-07-01,SO,65+,0.077
2025-07-01,SV,18-24,0.297
2025-07-01,SV,25-34,0.409
2025-07-01,SV,35-44,0.132
2025-07-01,SV,45-54,0.097
2025-07-01,SV,55-64,0.052
2025-07-01,SV,65+,0.013
2025-07-01,TH,18-24,0.394
2025-07-01,TH,25-34,0.345
2025-07-01,TH,35-44,0.144
2025-07-01,TH,45-54,0.062
2025-07-01,TH,55-64,0.023
2025-07-01,TH,65+,0.033
2025-07-01,TN,18-24,0.321
2025-07-01,TN,25-34,0.400
2025-07-01,TN,35-44,0.137
2025-07-01,TN,45-54,0.064
2025-07-01,TN,55-64,0.048
2025-07-01,TN,65+,0.030
2025-07-01,TR,18-24,0.359
2025-07-01,TR,25-34,0.401
2025-07-01,TR,35-44,0.130
2025-07-01,TR,45-54,0.066
2025-07-01,TR,55-64,0.018
2025-07-01,TR,65+,0.025
2025-07-01,TW,18-24,0.225
2025-07-01,TW,25-34,0.410
2025-07-01,TW,35-44,0.232
2025-07-01,TW,45-54,0.093
2025-07-01,TW,55-64,0.028
2025-07-01,TW,65+,0.013
2025-07-01,TZ,18-24,0.473
2025-07-01,TZ,25-34,0.339
2025-07-01,TZ,35-44,0.154
2025-07-01,TZ,45-54,0.023
2025-07-01,TZ,55-64,0.002
2025-07-01,TZ,65+,0.008
2025-07-01,UA,18-24,0.300
2025-07-01,UA,25-34,0.418
2025-07-01,UA,35-44,0.172
2025-07-01,UA,45-54,0.068
2025-07-01,UA,55-64,0.023
2025-07-01,UA,65+,0.019
2025-07-01,UG,18-24,0.386
2025-07-01,UG,25-34,0.424
2025-07-01,UG,35-44,0.150
2025-07-01,UG,45-54,0.041
2025-07-01,UG,55-64,0.000
2025-07-01,UG,65+,0.000
2025-07-01,US,18-24,0.236
2025-07-01,US,25-34,0.382
2025-07-01,US,35-44,0.212
2025-07-01,US,45-54,0.099
2025-07-01,US,55-64,0.047
2025-07-01,US,65+,0.023
2025-07-01,UY,18-24,0.285
2025-07-01,UY,25-34,0.387
2025-07-01,UY,35-44,0.157
2025-07-01,UY,45-54,0.088
2025-07-01,UY,55-64,0.035
2025-07-01,UY,65+,0.048
2025-07-01,UZ,18-24,0.450
2025-07-01,UZ,25-34,0.279
2025-07-01,UZ,35-44,0.149
2025-07-01,UZ,45-54,0.062
2025-07-01,UZ,55-64,0.021
2025-07-01,UZ,65+,0.038
2025-07-01,VN,18-24,0.396
2025-07-01,VN,25-34,0.409
2025-07-01,VN,35-44,0.133
2025-07-01,VN,45-54,0.038
2025-07-01,VN,55-64,0.008
2025-07-01,VN,65+,0.015
2025-07-01,YE,18-24,0.507
2025-07-01,YE,25-34,0.358
2025-07-01,YE,35-44,0.100
2025-07-01,YE,45-54,0.027
2025-07-01,YE,55-64,0.000
2025-07-01,YE,65+,0.008
2025-07-01,ZA,18-24,0.351
2025-07-01,ZA,25-34,0.361
2025-07-01,ZA,35-44,0.154
2025-07-01,ZA,45-54,0.074
2025-07-01,ZA,55-64,0.028
2025-07-01,ZA,65+,0.032
2025-08-01,AE,18-24,0.168
2025-08-01,AE,25-34,0.478
2025-08-01,AE,35-44,0.252
2025-08-01,AE,45-54,0.077
2025-08-01,AE,55-64,0.018
2025-08-01,AE,65+,0.008
2025-08-01,AF,18-24,0.422
2025-08-01,AF,25-34,0.353
2025-08-01,AF,35-44,0.105
2025-08-01,AF,45-54,0.037
2025-08-01,AF,55-64,0.031
2025-08-01,AF,65+,0.052
2025-08-01,AL,18-24,0.194
2025-08-01,AL,25-34,0.429
2025-08-01,AL,35-44,0.198
2025-08-01,AL,45-54,0.122
2025-08-01,AL,55-64,0.057
2025-08-01,AL,65+,0.000
2025-08-01,AM,18-24,0.322
2025-08-01,AM,25-34,0.379
2025-08-01,AM,35-44,0.238
2025-08-01,AM,45-54,0.021
2025-08-01,AM,55-64,0.020
2025-08-01,AM,65+,0.019
2025-08-01,AO,18-24,0.449
2025-08-01,AO,25-34,0.372
2025-08-01,AO,35-44,0.134
2025-08-01,AO,45-54,0.014
2025-08-01,AO,55-64,0.004
2025-08-01,AO,65+,0.027
2025-08-01,AR,18-24,0.298
2025-08-01,AR,25-34,0.362
2025-08-01,AR,35-44,0.193
2025-08-01,AR,45-54,0.089
2025-08-01,AR,55-64,0.037
2025-08-01,AR,65+,0.022
2025-08-01,AT,18-24,0.245
2025-08-01,AT,25-34,0.391
2025-08-01,AT,35-44,0.209
2025-08-01,AT,45-54,0.095
2025-08-01,AT,55-64,0.044
2025-08-01,AT,65+,0.017
2025-08-01,AU,18-24,0.252
2025-08-01,AU,25-34,0.387
2025-08-01,AU,35-44,0.197
2025-08-01,AU,45-54,0.108
2025-08-01,AU,55-64,0.038
2025-08-01,AU,65+,0.018
2025-08-01,AZ,18-24,0.332
2025-08-01,AZ,25-34,0.363
2025-08-01,AZ,35-44,0.178
2025-08-01,AZ,45-54,0.063
2025-08-01,AZ,55-64,0.030
2025-08-01,AZ,65+,0.035
2025-08-01,BA,18-24,0.345
2025-08-01,BA,25-34,0.386
2025-08-01,BA,35-44,0.125
2025-08-01,BA,45-54,0.070
2025-08-01,BA,55-64,0.062
2025-08-01,BA,65+,0.011
2025-08-01,BD,18-24,0.504
2025-08-01,BD,25-34,0.350
2025-08-01,BD,35-44,0.077
2025-08-01,BD,45-54,0.031
2025-08-01,BD,55-64,0.012
2025-08-01,BD,65+,0.026
2025-08-01,BE,18-24,0.249
2025-08-01,BE,25-34,0.400
2025-08-01,BE,35-44,0.194
2025-08-01,BE,45-54,0.086
2025-08-01,BE,55-64,0.049
2025-08-01,BE,65+,0.022
2025-08-01,BG,18-24,0.259
2025-08-01,BG,25-34,0.383
2025-08-01,BG,35-44,0.219
2025-08-01,BG,45-54,0.079
2025-08-01,BG,55-64,0.039
2025-08-01,BG,65+,0.022
2025-08-01,BH,18-24,0.250
2025-08-01,BH,25-34,0.378
2025-08-01,BH,35-44,0.296
2025-08-01,BH,45-54,0.065
2025-08-01,BH,55-64,0.012
2025-08-01,BH,65+,0.000
2025-08-01,BJ,18-24,0.425
2025-08-01,BJ,25-34,0.349
2025-08-01,BJ,35-44,0.077
2025-08-01,BJ,45-54,0.063
2025-08-01,BJ,55-64,0.018
2025-08-01,BJ,65+,0.067
2025-08-01,BO,18-24,0.413
2025-08-01,BO,25-34,0.366
2025-08-01,BO,35-44,0.122
2025-08-01,BO,45-54,0.067
2025-08-01,BO,55-64,0.008
2025-08-01,BO,65+,0.025
2025-08-01,BR,18-24,0.263
2025-08-01,BR,25-34,0.403
2025-08-01,BR,35-44,0.198
2025-08-01,BR,45-54,0.084
2025-08-01,BR,55-64,0.031
2025-08-01,BR,65+,0.021
2025-08-01,CA,18-24,0.197
2025-08-01,CA,25-34,0.387
2025-08-01,CA,35-44,0.219
2025-08-01,CA,45-54,0.119
2025-08-01,CA,55-64,0.055
2025-08-01,CA,65+,0.023
2025-08-01,CD,18-24,0.458
2025-08-01,CD,25-34,0.385
2025-08-01,CD,35-44,0.068
2025-08-01,CD,45-54,0.043
2025-08-01,CD,55-64,0.026
2025-08-01,CD,65+,0.021
2025-08-01,CH,18-24,0.204
2025-08-01,CH,25-34,0.361
2025-08-01,CH,35-44,0.228
2025-08-01,CH,45-54,0.133
2025-08-01,CH,55-64,0.052
2025-08-01,CH,65+,0.021
2025-08-01,CI,18-24,0.396
2025-08-01,CI,25-34,0.375
2025-08-01,CI,35-44,0.160
2025-08-01,CI,45-54,0.031
2025-08-01,CI,55-64,0.009
2025-08-01,CI,65+,0.029
2025-08-01,CL,18-24,0.244
2025-08-01,CL,25-34,0.386
2025-08-01,CL,35-44,0.231
2025-08-01,CL,45-54,0.088
2025-08-01,CL,55-64,0.035
2025-08-01,CL,65+,0.017
2025-08-01,CM,18-24,0.379
2025-08-01,CM,25-34,0.422
2025-08-01,CM,35-44,0.143
2025-08-01,CM,45-54,0.054
2025-08-01,CM,55-64,0.000
2025-08-01,CM,65+,0.003
2025-08-01,CO,18-24,0.294
2025-08-01,CO,25-34,0.395
2025-08-01,CO,35-44,0.189
2025-08-01,CO,45-54,0.075
2025-08-01,CO,55-64,0.025
2025-08-01,CO,65+,0.023
2025-08-01,CR,18-24,0.270
2025-08-01,CR,25-34,0.444
2025-08-01,CR,35-44,0.165
2025-08-01,CR,45-54,0.094
2025-08-01,CR,55-64,0.017
2025-08-01,CR,65+,0.010
2025-08-01,CY,18-24,0.205
2025-08-01,CY,25-34,0.315
2025-08-01,CY,35-44,0.294
2025-08-01,CY,45-54,0.090
2025-08-01,CY,55-64,0.023
2025-08-01,CY,65+,0.073
2025-08-01,CZ,18-24,0.241
2025-08-01,CZ,25-34,0.399
2025-08-01,CZ,35-44,0.203
2025-08-01,CZ,45-54,0.092
2025-08-01,CZ,55-64,0.036
2025-08-01,CZ,65+,0.028
2025-08-01,DE,18-24,0.256
2025-08-01,DE,25-34,0.393
2025-08-01,DE,35-44,0.203
2025-08-01,DE,45-54,0.081
2025-08-01,DE,55-64,0.043
2025-08-01,DE,65+,0.023
2025-08-01,DK,18-24,0.203
2025-08-01,DK,25-34,0.367
2025-08-01,DK,35-44,0.228
2025-08-01,DK,45-54,0.122
2025-08-01,DK,55-64,0.067
2025-08-01,DK,65+,0.013
2025-08-01,DO,18-24,0.349
2025-08-01,DO,25-34,0.437
2025-08-01,DO,35-44,0.114
2025-08-01,DO,45-54,0.039
2025-08-01,DO,55-64,0.037
2025-08-01,DO,65+,0.025
2025-08-01,DZ,18-24,0.405
2025-08-01,DZ,25-34,0.360
2025-08-01,DZ,35-44,0.118
2025-08-01,DZ,45-54,0.058
2025-08-01,DZ,55-64,0.023
2025-08-01,DZ,65+,0.036
2025-08-01,EC,18-24,0.357
2025-08-01,EC,25-34,0.386
2025-08-01,EC,35-44,0.144
2025-08-01,EC,45-54,0.065
2025-08-01,EC,55-64,0.025
2025-08-01,EC,65+,0.024
2025-08-01,EE,18-24,0.146
2025-08-01,EE,25-34,0.498
2025-08-01,EE,35-44,0.182
2025-08-01,EE,45-54,0.132
2025-08-01,EE,55-64,0.042
2025-08-01,EE,65+,0.000
2025-08-01,EG,18-24,0.424
2025-08-01,EG,25-34,0.356
2025-08-01,EG,35-44,0.132
2025-08-01,EG,45-54,0.045
2025-08-01,EG,55-64,0.014
2025-08-01,EG,65+,0.030
2025-08-01,ES,18-24,0.195
2025-08-01,ES,25-34,0.371
2025-08-01,ES,35-44,0.217
2025-08-01,ES,45-54,0.136
2025-08-01,ES,55-64,0.058
2025-08-01,ES,65+,0.024
2025-08-01,ET,18-24,0.342
2025-08-01,ET,25-34,0.438
2025-08-01,ET,35-44,0.132
2025-08-01,ET,45-54,0.033
2025-08-01,ET,55-64,0.015
2025-08-01,ET,65+,0.040
2025-08-01,FI,18-24,0.282
2025-08-01,FI,25-34,0.371
2025-08-01,FI,35-44,0.195
2025-08-01,FI,45-54,0.090
2025-08-01,FI,55-64,0.040
2025-08-01,FI,65+,0.020
2025-08-01,FR,18-24,0.253
2025-08-01,FR,25-34,0.389
2025-08-01,FR,35-44,0.189
2025-08-01,FR,45-54,0.101
2025-08-01,FR,55-64,0.046
2025-08-01,FR,65+,0.021
2025-08-01,GB,18-24,0.224
2025-08-01,GB,25-34,0.385
2025-08-01,GB,35-44,0.205
2025-08-01,GB,45-54,0.123
2025-08-01,GB,55-64,0.042
2025-08-01,GB,65+,0.021
2025-08-01,GE,18-24,0.314
2025-08-01,GE,25-34,0.400
2025-08-01,GE,35-44,0.160
2025-08-01,GE,45-54,0.063
2025-08-01,GE,55-64,0.038
2025-08-01,GE,65+,0.026
2025-08-01,GH,18-24,0.418
2025-08-01,GH,25-34,0.339
2025-08-01,GH,35-44,0.149
2025-08-01,GH,45-54,0.048
2025-08-01,GH,55-64,0.013
2025-08-01,GH,65+,0.032
2025-08-01,GR,18-24,0.210
2025-08-01,GR,25-34,0.365
2025-08-01,GR,35-44,0.211
2025-08-01,GR,45-54,0.140
2025-08-01,GR,55-64,0.060
2025-08-01,GR,65+,0.014
2025-08-01,GT,18-24,0.379
2025-08-01,GT,25-34,0.411
2025-08-01,GT,35-44,0.123
2025-08-01,GT,45-54,0.052
2025-08-01,GT,55-64,0.013
2025-08-01,GT,65+,0.021
2025-08-01,HN,18-24,0.370
2025-08-01,HN,25-34,0.387
2025-08-01,HN,35-44,0.136
2025-08-01,HN,45-54,0.083
2025-08-01,HN,55-64,0.021
2025-08-01,HN,65+,0.003
2025-08-01,HR,18-24,0.237
2025-08-01,HR,25-34,0.375
2025-08-01,HR,35-44,0.204
2025-08-01,HR,45-54,0.117
2025-08-01,HR,55-64,0.034
2025-08-01,HR,65+,0.035
2025-08-01,HU,18-24,0.226
2025-08-01,HU,25-34,0.380
2025-08-01,HU,35-44,0.194
2025-08-01,HU,45-54,0.142
2025-08-01,HU,55-64,0.043
2025-08-01,HU,65+,0.015
2025-08-01,ID,18-24,0.435
2025-08-01,ID,25-34,0.379
2025-08-01,ID,35-44,0.108
2025-08-01,ID,45-54,0.043
2025-08-01,ID,55-64,0.016
2025-08-01,ID,65+,0.018
2025-08-01,IE,18-24,0.223
2025-08-01,IE,25-34,0.385
2025-08-01,IE,35-44,0.231
2025-08-01,IE,45-54,0.094
2025-08-01,IE,55-64,0.052
2025-08-01,IE,65+,0.015
2025-08-01,IL,18-24,0.259
2025-08-01,IL,25-34,0.357
2025-08-01,IL,35-44,0.190
2025-08-01,IL,45-54,0.115
2025-08-01,IL,55-64,0.051
2025-08-01,IL,65+,0.027
2025-08-01,IN,18-24,0.461
2025-08-01,IN,25-34,0.344
2025-08-01,IN,35-44,0.120
2025-08-01,IN,45-54,0.046
2025-08-01,IN,55-64,0.013
2025-08-01,IN,65+,0.016
2025-08-01,IQ,18-24,0.414
2025-08-01,IQ,25-34,0.391
2025-08-01,IQ,35-44,0.102
2025-08-01,IQ,45-54,0.045
2025-08-01,IQ,55-64,0.022
2025-08-01,IQ,65+,0.026
2025-08-01,IT,18-24,0.264
2025-08-01,IT,25-34,0.353
2025-08-01,IT,35-44,0.182
2025-08-01,IT,45-54,0.126
2025-08-01,IT,55-64,0.049
2025-08-01,IT,65+,0.025
2025-08-01,JO,18-24,0.405
2025-08-01,JO,25-34,0.384
2025-08-01,JO,35-44,0.106
2025-08-01,JO,45-54,0.061
2025-08-01,JO,55-64,0.021
2025-08-01,JO,65+,0.023
2025-08-01,JP,18-24,0.257
2025-08-01,JP,25-34,0.372
2025-08-01,JP,35-44,0.184
2025-08-01,JP,45-54,0.123
2025-08-01,JP,55-64,0.049
2025-08-01,JP,65+,0.016
2025-08-01,KE,18-24,0.438
2025-08-01,KE,25-34,0.367
2025-08-01,KE,35-44,0.119
2025-08-01,KE,45-54,0.027
2025-08-01,KE,55-64,0.019
2025-08-01,KE,65+,0.029
2025-08-01,KG,18-24,0.395
2025-08-01,KG,25-34,0.346
2025-08-01,KG,35-44,0.145
2025-08-01,KG,45-54,0.056
2025-08-01,KG,55-64,0.038
2025-08-01,KG,65+,0.020
2025-08-01,KH,18-24,0.250
2025-08-01,KH,25-34,0.480
2025-08-01,KH,35-44,0.217
2025-08-01,KH,45-54,0.012
2025-08-01,KH,55-64,0.019
2025-08-01,KH,65+,0.023
2025-08-01,KR,18-24,0.178
2025-08-01,KR,25-34,0.380
2025-08-01,KR,35-44,0.237
2025-08-01,KR,45-54,0.121
2025-08-01,KR,55-64,0.059
2025-08-01,KR,65+,0.025
2025-08-01,KW,18-24,0.248
2025-08-01,KW,25-34,0.464
2025-08-01,KW,35-44,0.177
2025-08-01,KW,45-54,0.103
2025-08-01,KW,55-64,0.007
2025-08-01,KW,65+,0.000
2025-08-01,KZ,18-24,0.389
2025-08-01,KZ,25-34,0.376
2025-08-01,KZ,35-44,0.140
2025-08-01,KZ,45-54,0.053
2025-08-01,KZ,55-64,0.022
2025-08-01,KZ,65+,0.020
2025-08-01,LB,18-24,0.357
2025-08-01,LB,25-34,0.322
2025-08-01,LB,35-44,0.184
2025-08-01,LB,45-54,0.067
2025-08-01,LB,55-64,0.008
2025-08-01,LB,65+,0.062
2025-08-01,LK,18-24,0.416
2025-08-01,LK,25-34,0.376
2025-08-01,LK,35-44,0.125
2025-08-01,LK,45-54,0.068
2025-08-01,LK,55-64,0.013
2025-08-01,LK,65+,0.002
2025-08-01,LT,18-24,0.214
2025-08-01,LT,25-34,0.351
2025-08-01,LT,35-44,0.284
2025-08-01,LT,45-54,0.078
2025-08-01,LT,55-64,0.042
2025-08-01,LT,65+,0.030
2025-08-01,LV,18-24,0.233
2025-08-01,LV,25-34,0.375
2025-08-01,LV,35-44,0.223
2025-08-01,LV,45-54,0.123
2025-08-01,LV,55-64,0.025
2025-08-01,LV,65+,0.021
2025-08-01,LY,18-24,0.408
2025-08-01,LY,25-34,0.360
2025-08-01,LY,35-44,0.095
2025-08-01,LY,45-54,0.063
2025-08-01,LY,55-64,0.040
2025-08-01,LY,65+,0.034
2025-08-01,MA,18-24,0.358
2025-08-01,MA,25-34,0.407
2025-08-01,MA,35-44,0.125
2025-08-01,MA,45-54,0.057
2025-08-01,MA,55-64,0.026
2025-08-01,MA,65+,0.027
2025-08-01,MD,18-24,0.202
2025-08-01,MD,25-34,0.442
2025-08-01,MD,35-44,0.210
2025-08-01,MD,45-54,0.073
2025-08-01,MD,55-64,0.025
2025-08-01,MD,65+,0.048
2025-08-01,MG,18-24,0.483
2025-08-01,MG,25-34,0.390
2025-08-01,MG,35-44,0.077
2025-08-01,MG,45-54,0.046
2025-08-01,MG,55-64,0.004
2025-08-01,MG,65+,0.000
2025-08-01,MK,18-24,0.205
2025-08-01,MK,25-34,0.393
2025-08-01,MK,35-44,0.310
2025-08-01,MK,45-54,0.051
2025-08-01,MK,55-64,0.013
2025-08-01,MK,65+,0.028
2025-08-01,MM,18-24,0.448
2025-08-01,MM,25-34,0.379
2025-08-01,MM,35-44,0.110
2025-08-01,MM,45-54,0.043
2025-08-01,MM,55-64,0.004
2025-08-01,MM,65+,0.017
2025-08-01,MN,18-24,0.327
2025-08-01,MN,25-34,0.441
2025-08-01,MN,35-44,0.165
2025-08-01,MN,45-54,0.000
2025-08-01,MN,55-64,0.015
2025-08-01,MN,65+,0.051
2025-08-01,MX,18-24,0.359
2025-08-01,MX,25-34,0.402
2025-08-01,MX,35-44,0.141
2025-08-01,MX,45-54,0.062
2025-08-01,MX,55-64,0.020
2025-08-01,MX,65+,0.017
2025-08-01,MY,18-24,0.328
2025-08-01,MY,25-34,0.372
2025-08-01,MY,35-44,0.188
2025-08-01,MY,45-54,0.069
2025-08-01,MY,55-64,0.025
2025-08-01,MY,65+,0.019
2025-08-01,MZ,18-24,0.479
2025-08-01,MZ,25-34,0.359
2025-08-01,MZ,35-44,0.124
2025-08-01,MZ,45-54,0.033
2025-08-01,MZ,55-64,0.000
2025-08-01,MZ,65+,0.005
2025-08-01,NG,18-24,0.408
2025-08-01,NG,25-34,0.379
2025-08-01,NG,35-44,0.117
2025-08-01,NG,45-54,0.047
2025-08-01,NG,55-64,0.025
2025-08-01,NG,65+,0.024
2025-08-01,NI,18-24,0.414
2025-08-01,NI,25-34,0.362
2025-08-01,NI,35-44,0.135
2025-08-01,NI,45-54,0.060
2025-08-01,NI,55-64,0.029
2025-08-01,NI,65+,0.000
2025-08-01,NL,18-24,0.234
2025-08-01,NL,25-34,0.411
2025-08-01,NL,35-44,0.198
2025-08-01,NL,45-54,0.083
2025-08-01,NL,55-64,0.048
2025-08-01,NL,65+,0.026
2025-08-01,NO,18-24,0.287
2025-08-01,NO,25-34,0.333
2025-08-01,NO,35-44,0.192
2025-08-01,NO,45-54,0.106
2025-08-01,NO,55-64,0.059
2025-08-01,NO,65+,0.023
2025-08-01,NP,18-24,0.483
2025-08-01,NP,25-34,0.303
2025-08-01,NP,35-44,0.104
2025-08-01,NP,45-54,0.046
2025-08-01,NP,55-64,0.005
2025-08-01,NP,65+,0.060
2025-08-01,NZ,18-24,0.269
2025-08-01,NZ,25-34,0.382
2025-08-01,NZ,35-44,0.217
2025-08-01,NZ,45-54,0.088
2025-08-01,NZ,55-64,0.024
2025-08-01,NZ,65+,0.021
2025-08-01,OM,18-24,0.327
2025-08-01,OM,25-34,0.450
2025-08-01,OM,35-44,0.160
2025-08-01,OM,45-54,0.023
2025-08-01,OM,55-64,0.018
2025-08-01,OM,65+,0.022
2025-08-01,PA,18-24,0.353
2025-08-01,PA,25-34,0.347
2025-08-01,PA,35-44,0.178
2025-08-01,PA,45-54,0.085
2025-08-01,PA,55-64,0.003
2025-08-01,PA,65+,0.034
2025-08-01,PE,18-24,0.339
2025-08-01,PE,25-34,0.384
2025-08-01,PE,35-44,0.149
2025-08-01,PE,45-54,0.075
2025-08-01,PE,55-64,0.032
2025-08-01,PE,65+,0.021
2025-08-01,PH,18-24,0.415
2025-08-01,PH,25-34,0.390
2025-08-01,PH,35-44,0.117
2025-08-01,PH,45-54,0.041
2025-08-01,PH,55-64,0.017
2025-08-01,PH,65+,0.021
2025-08-01,PK,18-24,0.449
2025-08-01,PK,25-34,0.369
2025-08-01,PK,35-44,0.101
2025-08-01,PK,45-54,0.041
2025-08-01,PK,55-64,0.016
2025-08-01,PK,65+,0.023
2025-08-01,PL,18-24,0.235
2025-08-01,PL,25-34,0.416
2025-08-01,PL,35-44,0.215
2025-08-01,PL,45-54,0.084
2025-08-01,PL,55-64,0.028
2025-08-01,PL,65+,0.021
2025-08-01,PR,18-24,0.264
2025-08-01,PR,25-34,0.315
2025-08-01,PR,35-44,0.234
2025-08-01,PR,45-54,0.135
2025-08-01,PR,55-64,0.037
2025-08-01,PR,65+,0.015
2025-08-01,PS,18-24,0.409
2025-08-01,PS,25-34,0.373
2025-08-01,PS,35-44,0.115
2025-08-01,PS,45-54,0.046
2025-08-01,PS,55-64,0.033
2025-08-01,PS,65+,0.024
2025-08-01,PT,18-24,0.210
2025-08-01,PT,25-34,0.361
2025-08-01,PT,35-44,0.215
2025-08-01,PT,45-54,0.145
2025-08-01,PT,55-64,0.048
2025-08-01,PT,65+,0.021
2025-08-01,PY,18-24,0.320
2025-08-01,PY,25-34,0.413
2025-08-01,PY,35-44,0.189
2025-08-01,PY,45-54,0.050
2025-08-01,PY,55-64,0.024
2025-08-01,PY,65+,0.004
2025-08-01,QA,18-24,0.267
2025-08-01,QA,25-34,0.365
2025-08-01,QA,35-44,0.212
2025-08-01,QA,45-54,0.071
2025-08-01,QA,55-64,0.040
2025-08-01,QA,65+,0.044
2025-08-01,RO,18-24,0.263
2025-08-01,RO,25-34,0.386
2025-08-01,RO,35-44,0.199
2025-08-01,RO,45-54,0.084
2025-08-01,RO,55-64,0.037
2025-08-01,RO,65+,0.031
2025-08-01,RS,18-24,0.265
2025-08-01,RS,25-34,0.394
2025-08-01,RS,35-44,0.183
2025-08-01,RS,45-54,0.100
2025-08-01,RS,55-64,0.030
2025-08-01,RS,65+,0.028
2025-08-01,SA,18-24,0.330
2025-08-01,SA,25-34,0.440
2025-08-01,SA,35-44,0.155
2025-08-01,SA,45-54,0.047
2025-08-01,SA,55-64,0.012
2025-08-01,SA,65+,0.016
2025-08-01,SE,18-24,0.237
2025-08-01,SE,25-34,0.358
2025-08-01,SE,35-44,0.202
2025-08-01,SE,45-54,0.129
2025-08-01,SE,55-64,0.054
2025-08-01,SE,65+,0.020
2025-08-01,SG,18-24,0.241
2025-08-01,SG,25-34,0.458
2025-08-01,SG,35-44,0.198
2025-08-01,SG,45-54,0.075
2025-08-01,SG,55-64,0.015
2025-08-01,SG,65+,0.013
2025-08-01,SI,18-24,0.170
2025-08-01,SI,25-34,0.398
2025-08-01,SI,35-44,0.286
2025-08-01,SI,45-54,0.074
2025-08-01,SI,55-64,0.034
2025-08-01,SI,65+,0.039
2025-08-01,SK,18-24,0.220
2025-08-01,SK,25-34,0.404
2025-08-01,SK,35-44,0.207
2025-08-01,SK,45-54,0.129
2025-08-01,SK,55-64,0.023
2025-08-01,SK,65+,0.019
2025-08-01,SN,18-24,0.517
2025-08-01,SN,25-34,0.341
2025-08-01,SN,35-44,0.123
2025-08-01,SN,45-54,0.019
2025-08-01,SN,55-64,0.000
2025-08-01,SN,65+,0.000
2025-08-01,SO,18-24,0.508
2025-08-01,SO,25-34,0.337
2025-08-01,SO,35-44,0.068
2025-08-01,SO,45-54,0.015
2025-08-01,SO,55-64,0.000
2025-08-01,SO,65+,0.072
2025-08-01,SV,18-24,0.385
2025-08-01,SV,25-34,0.410
2025-08-01,SV,35-44,0.105
2025-08-01,SV,45-54,0.054
2025-08-01,SV,55-64,0.012
2025-08-01,SV,65+,0.035
2025-08-01,TH,18-24,0.381
2025-08-01,TH,25-34,0.350
2025-08-01,TH,35-44,0.157
2025-08-01,TH,45-54,0.065
2025-08-01,TH,55-64,0.026
2025-08-01,TH,65+,0.021
2025-08-01,TJ,18-24,0.388
2025-08-01,TJ,25-34,0.395
2025-08-01,TJ,35-44,0.093
2025-08-01,TJ,45-54,0.076
2025-08-01,TJ,55-64,0.007
2025-08-01,TJ,65+,0.040
2025-08-01,TN,18-24,0.336
2025-08-01,TN,25-34,0.408
2025-08-01,TN,35-44,0.145
2025-08-01,TN,45-54,0.041
2025-08-01,TN,55-64,0.038
2025-08-01,TN,65+,0.033
2025-08-01,TR,18-24,0.343
2025-08-01,TR,25-34,0.387
2025-08-01,TR,35-44,0.160
2025-08-01,TR,45-54,0.064
2025-08-01,TR,55-64,0.025
2025-08-01,TR,65+,0.022
2025-08-01,TW,18-24,0.196
2025-08-01,TW,25-34,0.415
2025-08-01,TW,35-44,0.231
2025-08-01,TW,45-54,0.103
2025-08-01,TW,55-64,0.037
2025-08-01,TW,65+,0.018
2025-08-01,TZ,18-24,0.413
2025-08-01,TZ,25-34,0.436
2025-08-01,TZ,35-44,0.122
2025-08-01,TZ,45-54,0.010
2025-08-01,TZ,55-64,0.019
2025-08-01,TZ,65+,0.000
2025-08-01,UA,18-24,0.258
2025-08-01,UA,25-34,0.410
2025-08-01,UA,35-44,0.202
2025-08-01,UA,45-54,0.080
2025-08-01,UA,55-64,0.033
2025-08-01,UA,65+,0.017
2025-08-01,UG,18-24,0.378
2025-08-01,UG,25-34,0.431
2025-08-01,UG,35-44,0.082
2025-08-01,UG,45-54,0.060
2025-08-01,UG,55-64,0.000
2025-08-01,UG,65+,0.049
2025-08-01,US,18-24,0.221
2025-08-01,US,25-34,0.383
2025-08-01,US,35-44,0.215
2025-08-01,US,45-54,0.105
2025-08-01,US,55-64,0.051
2025-08-01,US,65+,0.024
2025-08-01,UY,18-24,0.298
2025-08-01,UY,25-34,0.352
2025-08-01,UY,35-44,0.139
2025-08-01,UY,45-54,0.126
2025-08-01,UY,55-64,0.028
2025-08-01,UY,65+,0.057
2025-08-01,UZ,18-24,0.427
2025-08-01,UZ,25-34,0.327
2025-08-01,UZ,35-44,0.139
2025-08-01,UZ,45-54,0.055
2025-08-01,UZ,55-64,0.027
2025-08-01,UZ,65+,0.025
2025-08-01,VN,18-24,0.386
2025-08-01,VN,25-34,0.407
2025-08-01,VN,35-44,0.143
2025-08-01,VN,45-54,0.042
2025-08-01,VN,55-64,0.012
2025-08-01,VN,65+,0.010
2025-08-01,YE,18-24,0.504
2025-08-01,YE,25-34,0.311
2025-08-01,YE,35-44,0.123
2025-08-01,YE,45-54,0.017
2025-08-01,YE,55-64,0.001
2025-08-01,YE,65+,0.043
2025-08-01,ZA,18-24,0.392
2025-08-01,ZA,25-34,0.334
2025-08-01,ZA,35-44,0.152
2025-08-01,ZA,45-54,0.075
2025-08-01,ZA,55-64,0.029
2025-08-01,ZA,65+,0.017
2025-09-01,AE,18-24,0.179
2025-09-01,AE,25-34,0.489
2025-09-01,AE,35-44,0.237
2025-09-01,AE,45-54,0.073
2025-09-01,AE,55-64,0.011
2025-09-01,AE,65+,0.011
2025-09-01,AF,18-24,0.455
2025-09-01,AF,25-34,0.320
2025-09-01,AF,35-44,0.119
2025-09-01,AF,45-54,0.024
2025-09-01,AF,55-64,0.020
2025-09-01,AF,65+,0.063
2025-09-01,AL,18-24,0.333
2025-09-01,AL,25-34,0.416
2025-09-01,AL,35-44,0.170
2025-09-01,AL,45-54,0.061
2025-09-01,AL,55-64,0.020
2025-09-01,AL,65+,0.000
2025-09-01,AM,18-24,0.380
2025-09-01,AM,25-34,0.376
2025-09-01,AM,35-44,0.192
2025-09-01,AM,45-54,0.020
2025-09-01,AM,55-64,0.006
2025-09-01,AM,65+,0.026
2025-09-01,AO,18-24,0.437
2025-09-01,AO,25-34,0.357
2025-09-01,AO,35-44,0.118
2025-09-01,AO,45-54,0.056
2025-09-01,AO,55-64,0.009
2025-09-01,AO,65+,0.023
2025-09-01,AR,18-24,0.291
2025-09-01,AR,25-34,0.362
2025-09-01,AR,35-44,0.187
2025-09-01,AR,45-54,0.108
2025-09-01,AR,55-64,0.031
2025-09-01,AR,65+,0.020
2025-09-01,AT,18-24,0.247
2025-09-01,AT,25-34,0.389
2025-09-01,AT,35-44,0.183
2025-09-01,AT,45-54,0.106
2025-09-01,AT,55-64,0.046
2025-09-01,AT,65+,0.029
2025-09-01,AU,18-24,0.257
2025-09-01,AU,25-34,0.384
2025-09-01,AU,35-44,0.198
2025-09-01,AU,45-54,0.107
2025-09-01,AU,55-64,0.041
2025-09-01,AU,65+,0.013
2025-09-01,AZ,18-24,0.304
2025-09-01,AZ,25-34,0.357
2025-09-01,AZ,35-44,0.203
2025-09-01,AZ,45-54,0.068
2025-09-01,AZ,55-64,0.026
2025-09-01,AZ,65+,0.041
2025-09-01,BA,18-24,0.256
2025-09-01,BA,25-34,0.468
2025-09-01,BA,35-44,0.140
2025-09-01,BA,45-54,0.103
2025-09-01,BA,55-64,0.028
2025-09-01,BA,65+,0.006
2025-09-01,BD,18-24,0.529
2025-09-01,BD,25-34,0.326
2025-09-01,BD,35-44,0.076
2025-09-01,BD,45-54,0.033
2025-09-01,BD,55-64,0.012
2025-09-01,BD,65+,0.025
2025-09-01,BE,18-24,0.238
2025-09-01,BE,25-34,0.349
2025-09-01,BE,35-44,0.222
2025-09-01,BE,45-54,0.122
2025-09-01,BE,55-64,0.057
2025-09-01,BE,65+,0.011
2025-09-01,BG,18-24,0.249
2025-09-01,BG,25-34,0.347
2025-09-01,BG,35-44,0.204
2025-09-01,BG,45-54,0.154
2025-09-01,BG,55-64,0.025
2025-09-01,BG,65+,0.022
2025-09-01,BH,18-24,0.285
2025-09-01,BH,25-34,0.462
2025-09-01,BH,35-44,0.176
2025-09-01,BH,45-54,0.077
2025-09-01,BH,55-64,0.000
2025-09-01,BH,65+,0.000
2025-09-01,BO,18-24,0.488
2025-09-01,BO,25-34,0.358
2025-09-01,BO,35-44,0.100
2025-09-01,BO,45-54,0.033
2025-09-01,BO,55-64,0.007
2025-09-01,BO,65+,0.013
2025-09-01,BR,18-24,0.274
2025-09-01,BR,25-34,0.388
2025-09-01,BR,35-44,0.204
2025-09-01,BR,45-54,0.088
2025-09-01,BR,55-64,0.027
2025-09-01,BR,65+,0.020
2025-09-01,CA,18-24,0.247
2025-09-01,CA,25-34,0.366
2025-09-01,CA,35-44,0.220
2025-09-01,CA,45-54,0.104
2025-09-01,CA,55-64,0.040
2025-09-01,CA,65+,0.023
2025-09-01,CD,18-24,0.504
2025-09-01,CD,25-34,0.353
2025-09-01,CD,35-44,0.080
2025-09-01,CD,45-54,0.042
2025-09-01,CD,55-64,0.000
2025-09-01,CD,65+,0.020
2025-09-01,CH,18-24,0.213
2025-09-01,CH,25-34,0.323
2025-09-01,CH,35-44,0.233
2025-09-01,CH,45-54,0.153
2025-09-01,CH,55-64,0.060
2025-09-01,CH,65+,0.018
2025-09-01,CI,18-24,0.393
2025-09-01,CI,25-34,0.280
2025-09-01,CI,35-44,0.164
2025-09-01,CI,45-54,0.077
2025-09-01,CI,55-64,0.037
2025-09-01,CI,65+,0.049
2025-09-01,CL,18-24,0.295
2025-09-01,CL,25-34,0.391
2025-09-01,CL,35-44,0.178
2025-09-01,CL,45-54,0.083
2025-09-01,CL,55-64,0.034
2025-09-01,CL,65+,0.019
2025-09-01,CM,18-24,0.369
2025-09-01,CM,25-34,0.462
2025-09-01,CM,35-44,0.079
2025-09-01,CM,45-54,0.004
2025-09-01,CM,55-64,0.030
2025-09-01,CM,65+,0.057
2025-09-01,CO,18-24,0.315
2025-09-01,CO,25-34,0.389
2025-09-01,CO,35-44,0.174
2025-09-01,CO,45-54,0.075
2025-09-01,CO,55-64,0.027
2025-09-01,CO,65+,0.021
2025-09-01,CR,18-24,0.228
2025-09-01,CR,25-34,0.406
2025-09-01,CR,35-44,0.201
2025-09-01,CR,45-54,0.065
2025-09-01,CR,55-64,0.051
2025-09-01,CR,65+,0.049
2025-09-01,CY,18-24,0.140
2025-09-01,CY,25-34,0.342
2025-09-01,CY,35-44,0.268
2025-09-01,CY,45-54,0.182
2025-09-01,CY,55-64,0.069
2025-09-01,CY,65+,0.000
2025-09-01,CZ,18-24,0.246
2025-09-01,CZ,25-34,0.365
2025-09-01,CZ,35-44,0.201
2025-09-01,CZ,45-54,0.113
2025-09-01,CZ,55-64,0.043
2025-09-01,CZ,65+,0.032
2025-09-01,DE,18-24,0.247
2025-09-01,DE,25-34,0.396
2025-09-01,DE,35-44,0.212
2025-09-01,DE,45-54,0.086
2025-09-01,DE,55-64,0.038
2025-09-01,DE,65+,0.021
2025-09-01,DK,18-24,0.207
2025-09-01,DK,25-34,0.392
2025-09-01,DK,35-44,0.195
2025-09-01,DK,45-54,0.111
2025-09-01,DK,55-64,0.070
2025-09-01,DK,65+,0.025
2025-09-01,DO,18-24,0.331
2025-09-01,DO,25-34,0.403
2025-09-01,DO,35-44,0.152
2025-09-01,DO,45-54,0.065
2025-09-01,DO,55-64,0.020
2025-09-01,DO,65+,0.029
2025-09-01,DZ,18-24,0.414
2025-09-01,DZ,25-34,0.345
2025-09-01,DZ,35-44,0.115
2025-09-01,DZ,45-54,0.054
2025-09-01,DZ,55-64,0.028
2025-09-01,DZ,65+,0.043
2025-09-01,EC,18-24,0.324
2025-09-01,EC,25-34,0.371
2025-09-01,EC,35-44,0.175
2025-09-01,EC,45-54,0.079
2025-09-01,EC,55-64,0.036
2025-09-01,EC,65+,0.015
2025-09-01,EE,18-24,0.258
2025-09-01,EE,25-34,0.297
2025-09-01,EE,35-44,0.246
2025-09-01,EE,45-54,0.158
2025-09-01,EE,55-64,0.041
2025-09-01,EE,65+,0.000
2025-09-01,EG,18-24,0.410
2025-09-01,EG,25-34,0.359
2025-09-01,EG,35-44,0.137
2025-09-01,EG,45-54,0.049
2025-09-01,EG,55-64,0.020
2025-09-01,EG,65+,0.025
2025-09-01,ES,18-24,0.216
2025-09-01,ES,25-34,0.358
2025-09-01,ES,35-44,0.216
2025-09-01,ES,45-54,0.141
2025-09-01,ES,55-64,0.050
2025-09-01,ES,65+,0.018
2025-09-01,ET,18-24,0.336
2025-09-01,ET,25-34,0.401
2025-09-01,ET,35-44,0.158
2025-09-01,ET,45-54,0.052
2025-09-01,ET,55-64,0.029
2025-09-01,ET,65+,0.025
2025-09-01,FI,18-24,0.288
2025-09-01,FI,25-34,0.396
2025-09-01,FI,35-44,0.184
2025-09-01,FI,45-54,0.084
2025-09-01,FI,55-64,0.031
2025-09-01,FI,65+,0.017
2025-09-01,FR,18-24,0.252
2025-09-01,FR,25-34,0.360
2025-09-01,FR,35-44,0.211
2025-09-01,FR,45-54,0.103
2025-09-01,FR,55-64,0.050
2025-09-01,FR,65+,0.024
2025-09-01,GB,18-24,0.230
2025-09-01,GB,25-34,0.372
2025-09-01,GB,35-44,0.220
2025-09-01,GB,45-54,0.121
2025-09-01,GB,55-64,0.042
2025-09-01,GB,65+,0.014
2025-09-01,GE,18-24,0.262
2025-09-01,GE,25-34,0.416
2025-09-01,GE,35-44,0.187
2025-09-01,GE,45-54,0.063
2025-09-01,GE,55-64,0.043
2025-09-01,GE,65+,0.029
2025-09-01,GH,18-24,0.319
2025-09-01,GH,25-34,0.432
2025-09-01,GH,35-44,0.165
2025-09-01,GH,45-54,0.046
2025-09-01,GH,55-64,0.020
2025-09-01,GH,65+,0.019
2025-09-01,GR,18-24,0.217
2025-09-01,GR,25-34,0.390
2025-09-01,GR,35-44,0.211
2025-09-01,GR,45-54,0.120
2025-09-01,GR,55-64,0.048
2025-09-01,GR,65+,0.015
2025-09-01,GT,18-24,0.409
2025-09-01,GT,25-34,0.409
2025-09-01,GT,35-44,0.114
2025-09-01,GT,45-54,0.048
2025-09-01,GT,55-64,0.000
2025-09-01,GT,65+,0.020
2025-09-01,HN,18-24,0.371
2025-09-01,HN,25-34,0.362
2025-09-01,HN,35-44,0.162
2025-09-01,HN,45-54,0.060
2025-09-01,HN,55-64,0.004
2025-09-01,HN,65+,0.040
2025-09-01,HR,18-24,0.202
2025-09-01,HR,25-34,0.335
2025-09-01,HR,35-44,0.270
2025-09-01,HR,45-54,0.120
2025-09-01,HR,55-64,0.044
2025-09-01,HR,65+,0.029
2025-09-01,HU,18-24,0.201
2025-09-01,HU,25-34,0.358
2025-09-01,HU,35-44,0.204
2025-09-01,HU,45-54,0.159
2025-09-01,HU,55-64,0.064
2025-09-01,HU,65+,0.013
2025-09-01,ID,18-24,0.458
2025-09-01,ID,25-34,0.366
2025-09-01,ID,35-44,0.108
2025-09-01,ID,45-54,0.037
2025-09-01,ID,55-64,0.015
2025-09-01,ID,65+,0.016
2025-09-01,IE,18-24,0.181
2025-09-01,IE,25-34,0.427
2025-09-01,IE,35-44,0.257
2025-09-01,IE,45-54,0.100
2025-09-01,IE,55-64,0.035
2025-09-01,IE,65+,0.000
2025-09-01,IL,18-24,0.246
2025-09-01,IL,25-34,0.368
2025-09-01,IL,35-44,0.193
2025-09-01,IL,45-54,0.101
2025-09-01,IL,55-64,0.048
2025-09-01,IL,65+,0.044
2025-09-01,IN,18-24,0.453
2025-09-01,IN,25-34,0.344
2025-09-01,IN,35-44,0.129
2025-09-01,IN,45-54,0.041
2025-09-01,IN,55-64,0.014
2025-09-01,IN,65+,0.020
2025-09-01,IQ,18-24,0.410
2025-09-01,IQ,25-34,0.362
2025-09-01,IQ,35-44,0.104
2025-09-01,IQ,45-54,0.062
2025-09-01,IQ,55-64,0.021
2025-09-01,IQ,65+,0.040
2025-09-01,IT,18-24,0.252
2025-09-01,IT,25-34,0.364
2025-09-01,IT,35-44,0.171
2025-09-01,IT,45-54,0.127
2025-09-01,IT,55-64,0.064
2025-09-01,IT,65+,0.022
2025-09-01,JO,18-24,0.351
2025-09-01,JO,25-34,0.386
2025-09-01,JO,35-44,0.146
2025-09-01,JO,45-54,0.063
2025-09-01,JO,55-64,0.019
2025-09-01,JO,65+,0.035
2025-09-01,JP,18-24,0.267
2025-09-01,JP,25-34,0.351
2025-09-01,JP,35-44,0.188
2025-09-01,JP,45-54,0.126
2025-09-01,JP,55-64,0.050
2025-09-01,JP,65+,0.018
2025-09-01,KE,18-24,0.425
2025-09-01,KE,25-34,0.384
2025-09-01,KE,35-44,0.119
2025-09-01,KE,45-54,0.043
2025-09-01,KE,55-64,0.009
2025-09-01,KE,65+,0.020
2025-09-01,KG,18-24,0.428
2025-09-01,KG,25-34,0.341
2025-09-01,KG,35-44,0.128
2025-09-01,KG,45-54,0.052
2025-09-01,KG,55-64,0.034
2025-09-01,KG,65+,0.017
2025-09-01,KH,18-24,0.219
2025-09-01,KH,25-34,0.523
2025-09-01,KH,35-44,0.185
2025-09-01,KH,45-54,0.040
2025-09-01,KH,55-64,0.016
2025-09-01,KH,65+,0.017
2025-09-01,KR,18-24,0.198
2025-09-01,KR,25-34,0.379
2025-09-01,KR,35-44,0.215
2025-09-01,KR,45-54,0.132
2025-09-01,KR,55-64,0.048
2025-09-01,KR,65+,0.028
2025-09-01,KW,18-24,0.245
2025-09-01,KW,25-34,0.461
2025-09-01,KW,35-44,0.168
2025-09-01,KW,45-54,0.066
2025-09-01,KW,55-64,0.039
2025-09-01,KW,65+,0.020
2025-09-01,KZ,18-24,0.419
2025-09-01,KZ,25-34,0.341
2025-09-01,KZ,35-44,0.133
2025-09-01,KZ,45-54,0.062
2025-09-01,KZ,55-64,0.020
2025-09-01,KZ,65+,0.026
2025-09-01,LB,18-24,0.321
2025-09-01,LB,25-34,0.377
2025-09-01,LB,35-44,0.175
2025-09-01,LB,45-54,0.084
2025-09-01,LB,55-64,0.025
2025-09-01,LB,65+,0.019
2025-09-01,LK,18-24,0.406
2025-09-01,LK,25-34,0.384
2025-09-01,LK,35-44,0.144
2025-09-01,LK,45-54,0.022
2025-09-01,LK,55-64,0.026
2025-09-01,LK,65+,0.018
2025-09-01,LT,18-24,0.227
2025-09-01,LT,25-34,0.390
2025-09-01,LT,35-44,0.213
2025-09-01,LT,45-54,0.075
2025-09-01,LT,55-64,0.038
2025-09-01,LT,65+,0.057
2025-09-01,LV,18-24,0.298
2025-09-01,LV,25-34,0.377
2025-09-01,LV,35-44,0.201
2025-09-01,LV,45-54,0.077
2025-09-01,LV,55-64,0.027
2025-09-01,LV,65+,0.020
2025-09-01,LY,18-24,0.403
2025-09-01,LY,25-34,0.359
2025-09-01,LY,35-44,0.115
2025-09-01,LY,45-54,0.062
2025-09-01,LY,55-64,0.021
2025-09-01,LY,65+,0.041
2025-09-01,MA,18-24,0.387
2025-09-01,MA,25-34,0.380
2025-09-01,MA,35-44,0.121
2025-09-01,MA,45-54,0.043
2025-09-01,MA,55-64,0.029
2025-09-01,MA,65+,0.040
2025-09-01,MD,18-24,0.362
2025-09-01,MD,25-34,0.351
2025-09-01,MD,35-44,0.139
2025-09-01,MD,45-54,0.100
2025-09-01,MD,55-64,0.027
2025-09-01,MD,65+,0.020
2025-09-01,MG,18-24,0.421
2025-09-01,MG,25-34,0.373
2025-09-01,MG,35-44,0.154
2025-09-01,MG,45-54,0.021
2025-09-01,MG,55-64,0.005
2025-09-01,MG,65+,0.026
2025-09-01,MK,18-24,0.283
2025-09-01,MK,25-34,0.327
2025-09-01,MK,35-44,0.283
2025-09-01,MK,45-54,0.039
2025-09-01,MK,55-64,0.037
2025-09-01,MK,65+,0.030
2025-09-01,MM,18-24,0.440
2025-09-01,MM,25-34,0.373
2025-09-01,MM,35-44,0.112
2025-09-01,MM,45-54,0.042
2025-09-01,MM,55-64,0.007
2025-09-01,MM,65+,0.026
2025-09-01,MN,18-24,0.383
2025-09-01,MN,25-34,0.337
2025-09-01,MN,35-44,0.147
2025-09-01,MN,45-54,0.043
2025-09-01,MN,55-64,0.065
2025-09-01,MN,65+,0.024
2025-09-01,MX,18-24,0.385
2025-09-01,MX,25-34,0.381
2025-09-01,MX,35-44,0.141
2025-09-01,MX,45-54,0.056
2025-09-01,MX,55-64,0.020
2025-09-01,MX,65+,0.016
2025-09-01,MY,18-24,0.329
2025-09-01,MY,25-34,0.374
2025-09-01,MY,35-44,0.179
2025-09-01,MY,45-54,0.076
2025-09-01,MY,55-64,0.026
2025-09-01,MY,65+,0.016
2025-09-01,MZ,18-24,0.410
2025-09-01,MZ,25-34,0.289
2025-09-01,MZ,35-44,0.219
2025-09-01,MZ,45-54,0.046
2025-09-01,MZ,55-64,0.025
2025-09-01,MZ,65+,0.010
2025-09-01,NG,18-24,0.383
2025-09-01,NG,25-34,0.405
2025-09-01,NG,35-44,0.130
2025-09-01,NG,45-54,0.038
2025-09-01,NG,55-64,0.015
2025-09-01,NG,65+,0.028
2025-09-01,NI,18-24,0.425
2025-09-01,NI,25-34,0.350
2025-09-01,NI,35-44,0.128
2025-09-01,NI,45-54,0.008
2025-09-01,NI,55-64,0.023
2025-09-01,NI,65+,0.066
2025-09-01,NL,18-24,0.268
2025-09-01,NL,25-34,0.404
2025-09-01,NL,35-44,0.179
2025-09-01,NL,45-54,0.091
2025-09-01,NL,55-64,0.036
2025-09-01,NL,65+,0.022
2025-09-01,NO,18-24,0.226
2025-09-01,NO,25-34,0.357
2025-09-01,NO,35-44,0.208
2025-09-01,NO,45-54,0.137
2025-09-01,NO,55-64,0.056
2025-09-01,NO,65+,0.016
2025-09-01,NP,18-24,0.420
2025-09-01,NP,25-34,0.321
2025-09-01,NP,35-44,0.122
2025-09-01,NP,45-54,0.041
2025-09-01,NP,55-64,0.023
2025-09-01,NP,65+,0.073
2025-09-01,NZ,18-24,0.200
2025-09-01,NZ,25-34,0.362
2025-09-01,NZ,35-44,0.242
2025-09-01,NZ,45-54,0.119
2025-09-01,NZ,55-64,0.042
2025-09-01,NZ,65+,0.035
2025-09-01,OM,18-24,0.311
2025-09-01,OM,25-34,0.398
2025-09-01,OM,35-44,0.203
2025-09-01,OM,45-54,0.059
2025-09-01,OM,55-64,0.004
2025-09-01,OM,65+,0.024
2025-09-01,PA,18-24,0.324
2025-09-01,PA,25-34,0.380
2025-09-01,PA,35-44,0.138
2025-09-01,PA,45-54,0.091
2025-09-01,PA,55-64,0.029
2025-09-01,PA,65+,0.037
2025-09-01,PE,18-24,0.377
2025-09-01,PE,25-34,0.375
2025-09-01,PE,35-44,0.135
2025-09-01,PE,45-54,0.067
2025-09-01,PE,55-64,0.025
2025-09-01,PE,65+,0.021
2025-09-01,PH,18-24,0.426
2025-09-01,PH,25-34,0.384
2025-09-01,PH,35-44,0.115
2025-09-01,PH,45-54,0.044
2025-09-01,PH,55-64,0.015
2025-09-01,PH,65+,0.017
2025-09-01,PK,18-24,0.463
2025-09-01,PK,25-34,0.359
2025-09-01,PK,35-44,0.112
2025-09-01,PK,45-54,0.038
2025-09-01,PK,55-64,0.011
2025-09-01,PK,65+,0.017
2025-09-01,PL,18-24,0.243
2025-09-01,PL,25-34,0.407
2025-09-01,PL,35-44,0.217
2025-09-01,PL,45-54,0.087
2025-09-01,PL,55-64,0.028
2025-09-01,PL,65+,0.018
2025-09-01,PR,18-24,0.251
2025-09-01,PR,25-34,0.343
2025-09-01,PR,35-44,0.175
2025-09-01,PR,45-54,0.162
2025-09-01,PR,55-64,0.027
2025-09-01,PR,65+,0.042
2025-09-01,PS,18-24,0.411
2025-09-01,PS,25-34,0.368
2025-09-01,PS,35-44,0.151
2025-09-01,PS,45-54,0.014
2025-09-01,PS,55-64,0.044
2025-09-01,PS,65+,0.012
2025-09-01,PT,18-24,0.194
2025-09-01,PT,25-34,0.392
2025-09-01,PT,35-44,0.229
2025-09-01,PT,45-54,0.106
2025-09-01,PT,55-64,0.050
2025-09-01,PT,65+,0.029
2025-09-01,PY,18-24,0.306
2025-09-01,PY,25-34,0.393
2025-09-01,PY,35-44,0.185
2025-09-01,PY,45-54,0.093
2025-09-01,PY,55-64,0.000
2025-09-01,PY,65+,0.024
2025-09-01,QA,18-24,0.256
2025-09-01,QA,25-34,0.407
2025-09-01,QA,35-44,0.203
2025-09-01,QA,45-54,0.089
2025-09-01,QA,55-64,0.039
2025-09-01,QA,65+,0.007
2025-09-01,RO,18-24,0.261
2025-09-01,RO,25-34,0.390
2025-09-01,RO,35-44,0.203
2025-09-01,RO,45-54,0.091
2025-09-01,RO,55-64,0.035
2025-09-01,RO,65+,0.019
2025-09-01,RS,18-24,0.267
2025-09-01,RS,25-34,0.373
2025-09-01,RS,35-44,0.198
2025-09-01,RS,45-54,0.107
2025-09-01,RS,55-64,0.035
2025-09-01,RS,65+,0.020
2025-09-01,SA,18-24,0.344
2025-09-01,SA,25-34,0.427
2025-09-01,SA,35-44,0.152
2025-09-01,SA,45-54,0.047
2025-09-01,SA,55-64,0.011
2025-09-01,SA,65+,0.019
2025-09-01,SE,18-24,0.246
2025-09-01,SE,25-34,0.360
2025-09-01,SE,35-44,0.222
2025-09-01,SE,45-54,0.111
2025-09-01,SE,55-64,0.045
2025-09-01,SE,65+,0.015
2025-09-01,SG,18-24,0.221
2025-09-01,SG,25-34,0.482
2025-09-01,SG,35-44,0.191
2025-09-01,SG,45-54,0.081
2025-09-01,SG,55-64,0.012
2025-09-01,SG,65+,0.011
2025-09-01,SI,18-24,0.181
2025-09-01,SI,25-34,0.369
2025-09-01,SI,35-44,0.277
2025-09-01,SI,45-54,0.118
2025-09-01,SI,55-64,0.054
2025-09-01,SI,65+,0.001
2025-09-01,SK,18-24,0.259
2025-09-01,SK,25-34,0.368
2025-09-01,SK,35-44,0.193
2025-09-01,SK,45-54,0.128
2025-09-01,SK,55-64,0.026
2025-09-01,SK,65+,0.027
2025-09-01,SN,18-24,0.518
2025-09-01,SN,25-34,0.349
2025-09-01,SN,35-44,0.054
2025-09-01,SN,45-54,0.057
2025-09-01,SN,55-64,0.011
2025-09-01,SN,65+,0.010
2025-09-01,SO,18-24,0.437
2025-09-01,SO,25-34,0.374
2025-09-01,SO,35-44,0.058
2025-09-01,SO,45-54,0.037
2025-09-01,SO,55-64,0.024
2025-09-01,SO,65+,0.071
2025-09-01,SV,18-24,0.445
2025-09-01,SV,25-34,0.404
2025-09-01,SV,35-44,0.071
2025-09-01,SV,45-54,0.068
2025-09-01,SV,55-64,0.000
2025-09-01,SV,65+,0.013
2025-09-01,TH,18-24,0.395
2025-09-01,TH,25-34,0.344
2025-09-01,TH,35-44,0.156
2025-09-01,TH,45-54,0.062
2025-09-01,TH,55-64,0.023
2025-09-01,TH,65+,0.021
2025-09-01,TJ,18-24,0.504
2025-09-01,TJ,25-34,0.302
2025-09-01,TJ,35-44,0.126
2025-09-01,TJ,45-54,0.005
2025-09-01,TJ,55-64,0.014
2025-09-01,TJ,65+,0.049
2025-09-01,TN,18-24,0.290
2025-09-01,TN,25-34,0.365
2025-09-01,TN,35-44,0.148
2025-09-01,TN,45-54,0.104
2025-09-01,TN,55-64,0.051
2025-09-01,TN,65+,0.042
2025-09-01,TR,18-24,0.328
2025-09-01,TR,25-34,0.401
2025-09-01,TR,35-44,0.162
2025-09-01,TR,45-54,0.064
2025-09-01,TR,55-64,0.019
2025-09-01,TR,65+,0.026
2025-09-01,TW,18-24,0.218
2025-09-01,TW,25-34,0.415
2025-09-01,TW,35-44,0.220
2025-09-01,TW,45-54,0.094
2025-09-01,TW,55-64,0.040
2025-09-01,TW,65+,0.014
2025-09-01,TZ,18-24,0.384
2025-09-01,TZ,25-34,0.437
2025-09-01,TZ,35-44,0.148
2025-09-01,TZ,45-54,0.025
2025-09-01,TZ,55-64,0.006
2025-09-01,TZ,65+,0.000
2025-09-01,UA,18-24,0.285
2025-09-01,UA,25-34,0.421
2025-09-01,UA,35-44,0.168
2025-09-01,UA,45-54,0.075
2025-09-01,UA,55-64,0.024
2025-09-01,UA,65+,0.026
2025-09-01,UG,18-24,0.490
2025-09-01,UG,25-34,0.264
2025-09-01,UG,35-44,0.163
2025-09-01,UG,45-54,0.013
2025-09-01,UG,55-64,0.000
2025-09-01,UG,65+,0.070
2025-09-01,US,18-24,0.274
2025-09-01,US,25-34,0.360
2025-09-01,US,35-44,0.196
2025-09-01,US,45-54,0.099
2025-09-01,US,55-64,0.047
2025-09-01,US,65+,0.025
2025-09-01,UY,18-24,0.278
2025-09-01,UY,25-34,0.370
2025-09-01,UY,35-44,0.188
2025-09-01,UY,45-54,0.093
2025-09-01,UY,55-64,0.052
2025-09-01,UY,65+,0.018
2025-09-01,UZ,18-24,0.412
2025-09-01,UZ,25-34,0.301
2025-09-01,UZ,35-44,0.169
2025-09-01,UZ,45-54,0.055
2025-09-01,UZ,55-64,0.025
2025-09-01,UZ,65+,0.038
2025-09-01,VN,18-24,0.409
2025-09-01,VN,25-34,0.397
2025-09-01,VN,35-44,0.130
2025-09-01,VN,45-54,0.038
2025-09-01,VN,55-64,0.011
2025-09-01,VN,65+,0.013
2025-09-01,YE,18-24,0.440
2025-09-01,YE,25-34,0.342
2025-09-01,YE,35-44,0.099
2025-09-01,YE,45-54,0.045
2025-09-01,YE,55-64,0.033
2025-09-01,YE,65+,0.040
2025-09-01,ZA,18-24,0.357
2025-09-01,ZA,25-34,0.334
2025-09-01,ZA,35-44,0.174
2025-09-01,ZA,45-54,0.088
2025-09-01,ZA,55-64,0.034
2025-09-01,ZA,65+,0.014
2025-10-01,AE,18-24,0.209
2025-10-01,AE,25-34,0.466
2025-10-01,AE,35-44,0.234
2025-10-01,AE,45-54,0.056
2025-10-01,AE,55-64,0.028
2025-10-01,AE,65+,0.007
2025-10-01,AF,18-24,0.422
2025-10-01,AF,25-34,0.379
2025-10-01,AF,35-44,0.061
2025-10-01,AF,45-54,0.031
2025-10-01,AF,55-64,0.009
2025-10-01,AF,65+,0.099
2025-10-01,AL,18-24,0.267
2025-10-01,AL,25-34,0.442
2025-10-01,AL,35-44,0.189
2025-10-01,AL,45-54,0.071
2025-10-01,AL,55-64,0.022
2025-10-01,AL,65+,0.009
2025-10-01,AM,18-24,0.299
2025-10-01,AM,25-34,0.346
2025-10-01,AM,35-44,0.225
2025-10-01,AM,45-54,0.063
2025-10-01,AM,55-64,0.030
2025-10-01,AM,65+,0.036
2025-10-01,AO,18-24,0.417
2025-10-01,AO,25-34,0.469
2025-10-01,AO,35-44,0.047
2025-10-01,AO,45-54,0.040
2025-10-01,AO,55-64,0.027
2025-10-01,AO,65+,0.001
2025-10-01,AR,18-24,0.293
2025-10-01,AR,25-34,0.367
2025-10-01,AR,35-44,0.182
2025-10-01,AR,45-54,0.102
2025-10-01,AR,55-64,0.030
2025-10-01,AR,65+,0.025
2025-10-01,AT,18-24,0.272
2025-10-01,AT,25-34,0.356
2025-10-01,AT,35-44,0.204
2025-10-01,AT,45-54,0.101
2025-10-01,AT,55-64,0.047
2025-10-01,AT,65+,0.019
2025-10-01,AU,18-24,0.261
2025-10-01,AU,25-34,0.384
2025-10-01,AU,35-44,0.189
2025-10-01,AU,45-54,0.105
2025-10-01,AU,55-64,0.040
2025-10-01,AU,65+,0.020
2025-10-01,AZ,18-24,0.319
2025-10-01,AZ,25-34,0.325
2025-10-01,AZ,35-44,0.200
2025-10-01,AZ,45-54,0.067
2025-10-01,AZ,55-64,0.038
2025-10-01,AZ,65+,0.051
2025-10-01,BA,18-24,0.324
2025-10-01,BA,25-34,0.389
2025-10-01,BA,35-44,0.205
2025-10-01,BA,45-54,0.052
2025-10-01,BA,55-64,0.030
2025-10-01,BA,65+,0.000
2025-10-01,BD,18-24,0.533
2025-10-01,BD,25-34,0.320
2025-10-01,BD,35-44,0.083
2025-10-01,BD,45-54,0.032
2025-10-01,BD,55-64,0.007
2025-10-01,BD,65+,0.025
2025-10-01,BE,18-24,0.252
2025-10-01,BE,25-34,0.352
2025-10-01,BE,35-44,0.200
2025-10-01,BE,45-54,0.119
2025-10-01,BE,55-64,0.056
2025-10-01,BE,65+,0.021
2025-10-01,BG,18-24,0.241
2025-10-01,BG,25-34,0.386
2025-10-01,BG,35-44,0.228
2025-10-01,BG,45-54,0.073
2025-10-01,BG,55-64,0.054
2025-10-01,BG,65+,0.019
2025-10-01,BH,18-24,0.344
2025-10-01,BH,25-34,0.370
2025-10-01,BH,35-44,0.170
2025-10-01,BH,45-54,0.048
2025-10-01,BH,55-64,0.067
2025-10-01,BH,65+,0.000
2025-10-01,BJ,18-24,0.439
2025-10-01,BJ,25-34,0.330
2025-10-01,BJ,35-44,0.190
2025-10-01,BJ,45-54,0.028
2025-10-01,BJ,55-64,0.000
2025-10-01,BJ,65+,0.012
2025-10-01,BO,18-24,0.477
2025-10-01,BO,25-34,0.290
2025-10-01,BO,35-44,0.117
2025-10-01,BO,45-54,0.061
2025-10-01,BO,55-64,0.027
2025-10-01,BO,65+,0.027
2025-10-01,BR,18-24,0.266
2025-10-01,BR,25-34,0.385
2025-10-01,BR,35-44,0.202
2025-10-01,BR,45-54,0.094
2025-10-01,BR,55-64,0.033
2025-10-01,BR,65+,0.021
2025-10-01,CA,18-24,0.263
2025-10-01,CA,25-34,0.359
2025-10-01,CA,35-44,0.193
2025-10-01,CA,45-54,0.110
2025-10-01,CA,55-64,0.051
2025-10-01,CA,65+,0.024
2025-10-01,CD,18-24,0.434
2025-10-01,CD,25-34,0.346
2025-10-01,CD,35-44,0.117
2025-10-01,CD,45-54,0.035
2025-10-01,CD,55-64,0.048
2025-10-01,CD,65+,0.021
2025-10-01,CH,18-24,0.226
2025-10-01,CH,25-34,0.333
2025-10-01,CH,35-44,0.241
2025-10-01,CH,45-54,0.129
2025-10-01,CH,55-64,0.055
2025-10-01,CH,65+,0.017
2025-10-01,CI,18-24,0.390
2025-10-01,CI,25-34,0.358
2025-10-01,CI,35-44,0.139
2025-10-01,CI,45-54,0.046
2025-10-01,CI,55-64,0.017
2025-10-01,CI,65+,0.050
2025-10-01,CL,18-24,0.278
2025-10-01,CL,25-34,0.417
2025-10-01,CL,35-44,0.189
2025-10-01,CL,45-54,0.073
2025-10-01,CL,55-64,0.024
2025-10-01,CL,65+,0.019
2025-10-01,CM,18-24,0.369
2025-10-01,CM,25-34,0.367
2025-10-01,CM,35-44,0.133
2025-10-01,CM,45-54,0.059
2025-10-01,CM,55-64,0.038
2025-10-01,CM,65+,0.034
2025-10-01,CO,18-24,0.292
2025-10-01,CO,25-34,0.411
2025-10-01,CO,35-44,0.167
2025-10-01,CO,45-54,0.077
2025-10-01,CO,55-64,0.027
2025-10-01,CO,65+,0.026
2025-10-01,CR,18-24,0.230
2025-10-01,CR,25-34,0.385
2025-10-01,CR,35-44,0.216
2025-10-01,CR,45-54,0.098
2025-10-01,CR,55-64,0.047
2025-10-01,CR,65+,0.025
2025-10-01,CY,18-24,0.197
2025-10-01,CY,25-34,0.355
2025-10-01,CY,35-44,0.301
2025-10-01,CY,45-54,0.089
2025-10-01,CY,55-64,0.058
2025-10-01,CY,65+,0.000
2025-10-01,CZ,18-24,0.240
2025-10-01,CZ,25-34,0.384
2025-10-01,CZ,35-44,0.210
2025-10-01,CZ,45-54,0.105
2025-10-01,CZ,55-64,0.042
2025-10-01,CZ,65+,0.020
2025-10-01,DE,18-24,0.255
2025-10-01,DE,25-34,0.381
2025-10-01,DE,35-44,0.212
2025-10-01,DE,45-54,0.090
2025-10-01,DE,55-64,0.040
2025-10-01,DE,65+,0.022
2025-10-01,DK,18-24,0.227
2025-10-01,DK,25-34,0.344
2025-10-01,DK,35-44,0.195
2025-10-01,DK,45-54,0.132
2025-10-01,DK,55-64,0.072
2025-10-01,DK,65+,0.031
2025-10-01,DO,18-24,0.365
2025-10-01,DO,25-34,0.401
2025-10-01,DO,35-44,0.134
2025-10-01,DO,45-54,0.068
2025-10-01,DO,55-64,0.012
2025-10-01,DO,65+,0.020
2025-10-01,DZ,18-24,0.417
2025-10-01,DZ,25-34,0.329
2025-10-01,DZ,35-44,0.120
2025-10-01,DZ,45-54,0.067
2025-10-01,DZ,55-64,0.028
2025-10-01,DZ,65+,0.039
2025-10-01,EC,18-24,0.363
2025-10-01,EC,25-34,0.379
2025-10-01,EC,35-44,0.141
2025-10-01,EC,45-54,0.066
2025-10-01,EC,55-64,0.029
2025-10-01,EC,65+,0.022
2025-10-01,EE,18-24,0.207
2025-10-01,EE,25-34,0.302
2025-10-01,EE,35-44,0.264
2025-10-01,EE,45-54,0.164
2025-10-01,EE,55-64,0.052
2025-10-01,EE,65+,0.012
2025-10-01,EG,18-24,0.436
2025-10-01,EG,25-34,0.343
2025-10-01,EG,35-44,0.127
2025-10-01,EG,45-54,0.047
2025-10-01,EG,55-64,0.017
2025-10-01,EG,65+,0.030
2025-10-01,ES,18-24,0.240
2025-10-01,ES,25-34,0.348
2025-10-01,ES,35-44,0.194
2025-10-01,ES,45-54,0.134
2025-10-01,ES,55-64,0.059
2025-10-01,ES,65+,0.023
2025-10-01,ET,18-24,0.397
2025-10-01,ET,25-34,0.365
2025-10-01,ET,35-44,0.123
2025-10-01,ET,45-54,0.059
2025-10-01,ET,55-64,0.015
2025-10-01,ET,65+,0.041
2025-10-01,FI,18-24,0.299
2025-10-01,FI,25-34,0.379
2025-10-01,FI,35-44,0.197
2025-10-01,FI,45-54,0.061
2025-10-01,FI,55-64,0.029
2025-10-01,FI,65+,0.035
2025-10-01,FR,18-24,0.267
2025-10-01,FR,25-34,0.368
2025-10-01,FR,35-44,0.188
2025-10-01,FR,45-54,0.108
2025-10-01,FR,55-64,0.047
2025-10-01,FR,65+,0.022
2025-10-01,GB,18-24,0.248
2025-10-01,GB,25-34,0.357
2025-10-01,GB,35-44,0.226
2025-10-01,GB,45-54,0.111
2025-10-01,GB,55-64,0.042
2025-10-01,GB,65+,0.016
2025-10-01,GE,18-24,0.310
2025-10-01,GE,25-34,0.417
2025-10-01,GE,35-44,0.138
2025-10-01,GE,45-54,0.074
2025-10-01,GE,55-64,0.028
2025-10-01,GE,65+,0.033
2025-10-01,GH,18-24,0.322
2025-10-01,GH,25-34,0.401
2025-10-01,GH,35-44,0.203
2025-10-01,GH,45-54,0.036
2025-10-01,GH,55-64,0.029
2025-10-01,GH,65+,0.010
2025-10-01,GR,18-24,0.200
2025-10-01,GR,25-34,0.328
2025-10-01,GR,35-44,0.248
2025-10-01,GR,45-54,0.136
2025-10-01,GR,55-64,0.066
2025-10-01,GR,65+,0.023
2025-10-01,GT,18-24,0.358
2025-10-01,GT,25-34,0.392
2025-10-01,GT,35-44,0.134
2025-10-01,GT,45-54,0.068
2025-10-01,GT,55-64,0.032
2025-10-01,GT,65+,0.016
2025-10-01,HN,18-24,0.398
2025-10-01,HN,25-34,0.393
2025-10-01,HN,35-44,0.141
2025-10-01,HN,45-54,0.064
2025-10-01,HN,55-64,0.001
2025-10-01,HN,65+,0.002
2025-10-01,HR,18-24,0.264
2025-10-01,HR,25-34,0.354
2025-10-01,HR,35-44,0.204
2025-10-01,HR,45-54,0.095
2025-10-01,HR,55-64,0.028
2025-10-01,HR,65+,0.055
2025-10-01,HU,18-24,0.197
2025-10-01,HU,25-34,0.368
2025-10-01,HU,35-44,0.203
2025-10-01,HU,45-54,0.144
2025-10-01,HU,55-64,0.056
2025-10-01,HU,65+,0.032
2025-10-01,ID,18-24,0.490
2025-10-01,ID,25-34,0.352
2025-10-01,ID,35-44,0.091
2025-10-01,ID,45-54,0.038
2025-10-01,ID,55-64,0.012
2025-10-01,ID,65+,0.016
2025-10-01,IE,18-24,0.265
2025-10-01,IE,25-34,0.330
2025-10-01,IE,35-44,0.241
2025-10-01,IE,45-54,0.111
2025-10-01,IE,55-64,0.031
2025-10-01,IE,65+,0.023
2025-10-01,IL,18-24,0.261
2025-10-01,IL,25-34,0.329
2025-10-01,IL,35-44,0.185
2025-10-01,IL,45-54,0.119
2025-10-01,IL,55-64,0.052
2025-10-01,IL,65+,0.055
2025-10-01,IN,18-24,0.468
2025-10-01,IN,25-34,0.332
2025-10-01,IN,35-44,0.125
2025-10-01,IN,45-54,0.044
2025-10-01,IN,55-64,0.014
2025-10-01,IN,65+,0.018
2025-10-01,IQ,18-24,0.426
2025-10-01,IQ,25-34,0.356
2025-10-01,IQ,35-44,0.113
2025-10-01,IQ,45-54,0.043
2025-10-01,IQ,55-64,0.020
2025-10-01,IQ,65+,0.043
2025-10-01,IT,18-24,0.268
2025-10-01,IT,25-34,0.360
2025-10-01,IT,35-44,0.174
2025-10-01,IT,45-54,0.120
2025-10-01,IT,55-64,0.057
2025-10-01,IT,65+,0.021
2025-10-01,JO,18-24,0.384
2025-10-01,JO,25-34,0.334
2025-10-01,JO,35-44,0.157
2025-10-01,JO,45-54,0.059
2025-10-01,JO,55-64,0.037
2025-10-01,JO,65+,0.029
2025-10-01,JP,18-24,0.308
2025-10-01,JP,25-34,0.329
2025-10-01,JP,35-44,0.184
2025-10-01,JP,45-54,0.117
2025-10-01,JP,55-64,0.046
2025-10-01,JP,65+,0.016
2025-10-01,KE,18-24,0.430
2025-10-01,KE,25-34,0.399
2025-10-01,KE,35-44,0.094
2025-10-01,KE,45-54,0.054
2025-10-01,KE,55-64,0.017
2025-10-01,KE,65+,0.005
2025-10-01,KG,18-24,0.514
2025-10-01,KG,25-34,0.266
2025-10-01,KG,35-44,0.112
2025-10-01,KG,45-54,0.058
2025-10-01,KG,55-64,0.000
2025-10-01,KG,65+,0.050
2025-10-01,KH,18-24,0.257
2025-10-01,KH,25-34,0.466
2025-10-01,KH,35-44,0.224
2025-10-01,KH,45-54,0.016
2025-10-01,KH,55-64,0.005
2025-10-01,KH,65+,0.032
2025-10-01,KR,18-24,0.225
2025-10-01,KR,25-34,0.347
2025-10-01,KR,35-44,0.224
2025-10-01,KR,45-54,0.116
2025-10-01,KR,55-64,0.061
2025-10-01,KR,65+,0.027
2025-10-01,KW,18-24,0.278
2025-10-01,KW,25-34,0.391
2025-10-01,KW,35-44,0.229
2025-10-01,KW,45-54,0.050
2025-10-01,KW,55-64,0.044
2025-10-01,KW,65+,0.008
2025-10-01,KZ,18-24,0.443
2025-10-01,KZ,25-34,0.333
2025-10-01,KZ,35-44,0.127
2025-10-01,KZ,45-54,0.054
2025-10-01,KZ,55-64,0.024
2025-10-01,KZ,65+,0.019
2025-10-01,LB,18-24,0.333
2025-10-01,LB,25-34,0.373
2025-10-01,LB,35-44,0.166
2025-10-01,LB,45-54,0.061
2025-10-01,LB,55-64,0.032
2025-10-01,LB,65+,0.034
2025-10-01,LK,18-24,0.439
2025-10-01,LK,25-34,0.372
2025-10-01,LK,35-44,0.105
2025-10-01,LK,45-54,0.049
2025-10-01,LK,55-64,0.025
2025-10-01,LK,65+,0.009
2025-10-01,LT,18-24,0.233
2025-10-01,LT,25-34,0.392
2025-10-01,LT,35-44,0.242
2025-10-01,LT,45-54,0.075
2025-10-01,LT,55-64,0.017
2025-10-01,LT,65+,0.041
2025-10-01,LV,18-24,0.218
2025-10-01,LV,25-34,0.389
2025-10-01,LV,35-44,0.272
2025-10-01,LV,45-54,0.070
2025-10-01,LV,55-64,0.021
2025-10-01,LV,65+,0.030
2025-10-01,LY,18-24,0.466
2025-10-01,LY,25-34,0.354
2025-10-01,LY,35-44,0.103
2025-10-01,LY,45-54,0.044
2025-10-01,LY,55-64,0.007
2025-10-01,LY,65+,0.026
2025-10-01,MA,18-24,0.378
2025-10-01,MA,25-34,0.373
2025-10-01,MA,35-44,0.132
2025-10-01,MA,45-54,0.057
2025-10-01,MA,55-64,0.023
2025-10-01,MA,65+,0.037
2025-10-01,MD,18-24,0.325
2025-10-01,MD,25-34,0.373
2025-10-01,MD,35-44,0.145
2025-10-01,MD,45-54,0.074
2025-10-01,MD,55-64,0.033
2025-10-01,MD,65+,0.050
2025-10-01,MG,18-24,0.483
2025-10-01,MG,25-34,0.398
2025-10-01,MG,35-44,0.039
2025-10-01,MG,45-54,0.000
2025-10-01,MG,55-64,0.080
2025-10-01,MG,65+,0.000
2025-10-01,MK,18-24,0.277
2025-10-01,MK,25-34,0.361
2025-10-01,MK,35-44,0.136
2025-10-01,MK,45-54,0.129
2025-10-01,MK,55-64,0.058
2025-10-01,MK,65+,0.040
2025-10-01,MM,18-24,0.459
2025-10-01,MM,25-34,0.349
2025-10-01,MM,35-44,0.111
2025-10-01,MM,45-54,0.048
2025-10-01,MM,55-64,0.010
2025-10-01,MM,65+,0.022
2025-10-01,MN,18-24,0.501
2025-10-01,MN,25-34,0.317
2025-10-01,MN,35-44,0.119
2025-10-01,MN,45-54,0.049
2025-10-01,MN,55-64,0.010
2025-10-01,MN,65+,0.004
2025-10-01,MX,18-24,0.380
2025-10-01,MX,25-34,0.368
2025-10-01,MX,35-44,0.142
2025-10-01,MX,45-54,0.067
2025-10-01,MX,55-64,0.025
2025-10-01,MX,65+,0.018
2025-10-01,MY,18-24,0.326
2025-10-01,MY,25-34,0.373
2025-10-01,MY,35-44,0.196
2025-10-01,MY,45-54,0.067
2025-10-01,MY,55-64,0.021
2025-10-01,MY,65+,0.016
2025-10-01,MZ,18-24,0.444
2025-10-01,MZ,25-34,0.418
2025-10-01,MZ,35-44,0.082
2025-10-01,MZ,45-54,0.035
2025-10-01,MZ,55-64,0.000
2025-10-01,MZ,65+,0.021
2025-10-01,NG,18-24,0.431
2025-10-01,NG,25-34,0.365
2025-10-01,NG,35-44,0.121
2025-10-01,NG,45-54,0.045
2025-10-01,NG,55-64,0.015
2025-10-01,NG,65+,0.023
2025-10-01,NI,18-24,0.444
2025-10-01,NI,25-34,0.302
2025-10-01,NI,35-44,0.150
2025-10-01,NI,45-54,0.046
2025-10-01,NI,55-64,0.027
2025-10-01,NI,65+,0.031
2025-10-01,NL,18-24,0.284
2025-10-01,NL,25-34,0.387
2025-10-01,NL,35-44,0.183
2025-10-01,NL,45-54,0.093
2025-10-01,NL,55-64,0.038
2025-10-01,NL,65+,0.015
2025-10-01,NO,18-24,0.265
2025-10-01,NO,25-34,0.350
2025-10-01,NO,35-44,0.195
2025-10-01,NO,45-54,0.123
2025-10-01,NO,55-64,0.046
2025-10-01,NO,65+,0.021
2025-10-01,NP,18-24,0.423
2025-10-01,NP,25-34,0.322
2025-10-01,NP,35-44,0.114
2025-10-01,NP,45-54,0.049
2025-10-01,NP,55-64,0.044
2025-10-01,NP,65+,0.049
2025-10-01,NZ,18-24,0.215
2025-10-01,NZ,25-34,0.358
2025-10-01,NZ,35-44,0.222
2025-10-01,NZ,45-54,0.134
2025-10-01,NZ,55-64,0.051
2025-10-01,NZ,65+,0.021
2025-10-01,OM,18-24,0.374
2025-10-01,OM,25-34,0.389
2025-10-01,OM,35-44,0.178
2025-10-01,OM,45-54,0.038
2025-10-01,OM,55-64,0.008
2025-10-01,OM,65+,0.013
2025-10-01,PA,18-24,0.328
2025-10-01,PA,25-34,0.350
2025-10-01,PA,35-44,0.183
2025-10-01,PA,45-54,0.057
2025-10-01,PA,55-64,0.059
2025-10-01,PA,65+,0.022
2025-10-01,PE,18-24,0.395
2025-10-01,PE,25-34,0.366
2025-10-01,PE,35-44,0.131
2025-10-01,PE,45-54,0.062
2025-10-01,PE,55-64,0.023
2025-10-01,PE,65+,0.022
2025-10-01,PH,18-24,0.436
2025-10-01,PH,25-34,0.371
2025-10-01,PH,35-44,0.113
2025-10-01,PH,45-54,0.043
2025-10-01,PH,55-64,0.017
2025-10-01,PH,65+,0.020
2025-10-01,PK,18-24,0.488
2025-10-01,PK,25-34,0.339
2025-10-01,PK,35-44,0.109
2025-10-01,PK,45-54,0.037
2025-10-01,PK,55-64,0.011
2025-10-01,PK,65+,0.016
2025-10-01,PL,18-24,0.267
2025-10-01,PL,25-34,0.404
2025-10-01,PL,35-44,0.202
2025-10-01,PL,45-54,0.083
2025-10-01,PL,55-64,0.024
2025-10-01,PL,65+,0.020
2025-10-01,PR,18-24,0.187
2025-10-01,PR,25-34,0.363
2025-10-01,PR,35-44,0.254
2025-10-01,PR,45-54,0.156
2025-10-01,PR,55-64,0.031
2025-10-01,PR,65+,0.009
2025-10-01,PS,18-24,0.413
2025-10-01,PS,25-34,0.413
2025-10-01,PS,35-44,0.102
2025-10-01,PS,45-54,0.040
2025-10-01,PS,55-64,0.021
2025-10-01,PS,65+,0.011
2025-10-01,PT,18-24,0.242
2025-10-01,PT,25-34,0.382
2025-10-01,PT,35-44,0.216
2025-10-01,PT,45-54,0.108
2025-10-01,PT,55-64,0.035
2025-10-01,PT,65+,0.017
2025-10-01,PY,18-24,0.316
2025-10-01,PY,25-34,0.399
2025-10-01,PY,35-44,0.183
2025-10-01,PY,45-54,0.071
2025-10-01,PY,55-64,0.009
2025-10-01,PY,65+,0.022
2025-10-01,QA,18-24,0.210
2025-10-01,QA,25-34,0.410
2025-10-01,QA,35-44,0.265
2025-10-01,QA,45-54,0.093
2025-10-01,QA,55-64,0.022
2025-10-01,QA,65+,0.000
2025-10-01,RO,18-24,0.276
2025-10-01,RO,25-34,0.361
2025-10-01,RO,35-44,0.208
2025-10-01,RO,45-54,0.103
2025-10-01,RO,55-64,0.028
2025-10-01,RO,65+,0.024
2025-10-01,RS,18-24,0.259
2025-10-01,RS,25-34,0.367
2025-10-01,RS,35-44,0.212
2025-10-01,RS,45-54,0.094
2025-10-01,RS,55-64,0.049
2025-10-01,RS,65+,0.018
2025-10-01,RW,18-24,0.514
2025-10-01,RW,25-34,0.334
2025-10-01,RW,35-44,0.110
2025-10-01,RW,45-54,0.000
2025-10-01,RW,55-64,0.017
2025-10-01,RW,65+,0.025
2025-10-01,SA,18-24,0.365
2025-10-01,SA,25-34,0.411
2025-10-01,SA,35-44,0.143
2025-10-01,SA,45-54,0.045
2025-10-01,SA,55-64,0.014
2025-10-01,SA,65+,0.022
2025-10-01,SE,18-24,0.253
2025-10-01,SE,25-34,0.350
2025-10-01,SE,35-44,0.198
2025-10-01,SE,45-54,0.109
2025-10-01,SE,55-64,0.061
2025-10-01,SE,65+,0.028
2025-10-01,SG,18-24,0.242
2025-10-01,SG,25-34,0.426
2025-10-01,SG,35-44,0.195
2025-10-01,SG,45-54,0.075
2025-10-01,SG,55-64,0.033
2025-10-01,SG,65+,0.029
2025-10-01,SI,18-24,0.181
2025-10-01,SI,25-34,0.323
2025-10-01,SI,35-44,0.269
2025-10-01,SI,45-54,0.180
2025-10-01,SI,55-64,0.027
2025-10-01,SI,65+,0.021
2025-10-01,SK,18-24,0.243
2025-10-01,SK,25-34,0.342
2025-10-01,SK,35-44,0.241
2025-10-01,SK,45-54,0.141
2025-10-01,SK,55-64,0.031
2025-10-01,SK,65+,0.001
2025-10-01,SN,18-24,0.346
2025-10-01,SN,25-34,0.454
2025-10-01,SN,35-44,0.108
2025-10-01,SN,45-54,0.059
2025-10-01,SN,55-64,0.008
2025-10-01,SN,65+,0.024
2025-10-01,SO,18-24,0.472
2025-10-01,SO,25-34,0.348
2025-10-01,SO,35-44,0.082
2025-10-01,SO,45-54,0.031
2025-10-01,SO,55-64,0.017
2025-10-01,SO,65+,0.049
2025-10-01,SV,18-24,0.420
2025-10-01,SV,25-34,0.431
2025-10-01,SV,35-44,0.084
2025-10-01,SV,45-54,0.054
2025-10-01,SV,55-64,0.012
2025-10-01,SV,65+,0.000
2025-10-01,TH,18-24,0.383
2025-10-01,TH,25-34,0.357
2025-10-01,TH,35-44,0.151
2025-10-01,TH,45-54,0.061
2025-10-01,TH,55-64,0.020
2025-10-01,TH,65+,0.028
2025-10-01,TJ,18-24,0.517
2025-10-01,TJ,25-34,0.370
2025-10-01,TJ,35-44,0.042
2025-10-01,TJ,45-54,0.037
2025-10-01,TJ,55-64,0.013
2025-10-01,TJ,65+,0.022
2025-10-01,TN,18-24,0.355
2025-10-01,TN,25-34,0.381
2025-10-01,TN,35-44,0.143
2025-10-01,TN,45-54,0.055
2025-10-01,TN,55-64,0.019
2025-10-01,TN,65+,0.047
2025-10-01,TR,18-24,0.342
2025-10-01,TR,25-34,0.373
2025-10-01,TR,35-44,0.163
2025-10-01,TR,45-54,0.075
2025-10-01,TR,55-64,0.021
2025-10-01,TR,65+,0.026
2025-10-01,TW,18-24,0.217
2025-10-01,TW,25-34,0.398
2025-10-01,TW,35-44,0.220
2025-10-01,TW,45-54,0.102
2025-10-01,TW,55-64,0.041
2025-10-01,TW,65+,0.021
2025-10-01,TZ,18-24,0.325
2025-10-01,TZ,25-34,0.444
2025-10-01,TZ,35-44,0.093
2025-10-01,TZ,45-54,0.037
2025-10-01,TZ,55-64,0.062
2025-10-01,TZ,65+,0.040
2025-10-01,UA,18-24,0.298
2025-10-01,UA,25-34,0.399
2025-10-01,UA,35-44,0.179
2025-10-01,UA,45-54,0.078
2025-10-01,UA,55-64,0.017
2025-10-01,UA,65+,0.029
2025-10-01,UG,18-24,0.444
2025-10-01,UG,25-34,0.359
2025-10-01,UG,35-44,0.110
2025-10-01,UG,45-54,0.029
2025-10-01,UG,55-64,0.037
2025-10-01,UG,65+,0.020
2025-10-01,US,18-24,0.287
2025-10-01,US,25-34,0.346
2025-10-01,US,35-44,0.194
2025-10-01,US,45-54,0.102
2025-10-01,US,55-64,0.048
2025-10-01,US,65+,0.023
2025-10-01,UY,18-24,0.265
2025-10-01,UY,25-34,0.401
2025-10-01,UY,35-44,0.160
2025-10-01,UY,45-54,0.115
2025-10-01,UY,55-64,0.032
2025-10-01,UY,65+,0.027
2025-10-01,UZ,18-24,0.445
2025-10-01,UZ,25-34,0.293
2025-10-01,UZ,35-44,0.158
2025-10-01,UZ,45-54,0.049
2025-10-01,UZ,55-64,0.015
2025-10-01,UZ,65+,0.039
2025-10-01,VN,18-24,0.421
2025-10-01,VN,25-34,0.382
2025-10-01,VN,35-44,0.138
2025-10-01,VN,45-54,0.037
2025-10-01,VN,55-64,0.009
2025-10-01,VN,65+,0.013
2025-10-01,YE,18-24,0.373
2025-10-01,YE,25-34,0.368
2025-10-01,YE,35-44,0.129
2025-10-01,YE,45-54,0.051
2025-10-01,YE,55-64,0.027
2025-10-01,YE,65+,0.051
2025-10-01,ZA,18-24,0.404
2025-10-01,ZA,25-34,0.310
2025-10-01,ZA,35-44,0.162
2025-10-01,ZA,45-54,0.082
2025-10-01,ZA,55-64,0.025
2025-10-01,ZA,65+,0.017
2025-11-01,AE,18-24,0.191
2025-11-01,AE,25-34,0.461
2025-11-01,AE,35-44,0.259
2025-11-01,AE,45-54,0.063
2025-11-01,AE,55-64,0.021
2025-11-01,AE,65+,0.003
2025-11-01,AF,18-24,0.389
2025-11-01,AF,25-34,0.413
2025-11-01,AF,35-44,0.064
2025-11-01,AF,45-54,0.040
2025-11-01,AF,55-64,0.023
2025-11-01,AF,65+,0.071
2025-11-01,AL,18-24,0.230
2025-11-01,AL,25-34,0.434
2025-11-01,AL,35-44,0.173
2025-11-01,AL,45-54,0.093
2025-11-01,AL,55-64,0.022
2025-11-01,AL,65+,0.048
2025-11-01,AM,18-24,0.286
2025-11-01,AM,25-34,0.395
2025-11-01,AM,35-44,0.206
2025-11-01,AM,45-54,0.078
2025-11-01,AM,55-64,0.001
2025-11-01,AM,65+,0.034
2025-11-01,AO,18-24,0.495
2025-11-01,AO,25-34,0.373
2025-11-01,AO,35-44,0.060
2025-11-01,AO,45-54,0.035
2025-11-01,AO,55-64,0.033
2025-11-01,AO,65+,0.004
2025-11-01,AR,18-24,0.313
2025-11-01,AR,25-34,0.348
2025-11-01,AR,35-44,0.181
2025-11-01,AR,45-54,0.099
2025-11-01,AR,55-64,0.037
2025-11-01,AR,65+,0.022
2025-11-01,AT,18-24,0.263
2025-11-01,AT,25-34,0.353
2025-11-01,AT,35-44,0.212
2025-11-01,AT,45-54,0.116
2025-11-01,AT,55-64,0.032
2025-11-01,AT,65+,0.023
2025-11-01,AU,18-24,0.206
2025-11-01,AU,25-34,0.370
2025-11-01,AU,35-44,0.234
2025-11-01,AU,45-54,0.115
2025-11-01,AU,55-64,0.048
2025-11-01,AU,65+,0.027
2025-11-01,AZ,18-24,0.315
2025-11-01,AZ,25-34,0.325
2025-11-01,AZ,35-44,0.220
2025-11-01,AZ,45-54,0.071
2025-11-01,AZ,55-64,0.030
2025-11-01,AZ,65+,0.040
2025-11-01,BA,18-24,0.285
2025-11-01,BA,25-34,0.414
2025-11-01,BA,35-44,0.148
2025-11-01,BA,45-54,0.091
2025-11-01,BA,55-64,0.044
2025-11-01,BA,65+,0.018
2025-11-01,BD,18-24,0.518
2025-11-01,BD,25-34,0.339
2025-11-01,BD,35-44,0.075
2025-11-01,BD,45-54,0.031
2025-11-01,BD,55-64,0.011
2025-11-01,BD,65+,0.027
2025-11-01,BE,18-24,0.273
2025-11-01,BE,25-34,0.311
2025-11-01,BE,35-44,0.204
2025-11-01,BE,45-54,0.116
2025-11-01,BE,55-64,0.063
2025-11-01,BE,65+,0.033
2025-11-01,BG,18-24,0.263
2025-11-01,BG,25-34,0.332
2025-11-01,BG,35-44,0.193
2025-11-01,BG,45-54,0.130
2025-11-01,BG,55-64,0.031
2025-11-01,BG,65+,0.050
2025-11-01,BH,18-24,0.333
2025-11-01,BH,25-34,0.427
2025-11-01,BH,35-44,0.134
2025-11-01,BH,45-54,0.050
2025-11-01,BH,55-64,0.040
2025-11-01,BH,65+,0.014
2025-11-01,BO,18-24,0.421
2025-11-01,BO,25-34,0.374
2025-11-01,BO,35-44,0.097
2025-11-01,BO,45-54,0.061
2025-11-01,BO,55-64,0.033
2025-11-01,BO,65+,0.014
2025-11-01,BR,18-24,0.282
2025-11-01,BR,25-34,0.368
2025-11-01,BR,35-44,0.204
2025-11-01,BR,45-54,0.090
2025-11-01,BR,55-64,0.035
2025-11-01,BR,65+,0.021
2025-11-01,CA,18-24,0.269
2025-11-01,CA,25-34,0.341
2025-11-01,CA,35-44,0.206
2025-11-01,CA,45-54,0.112
2025-11-01,CA,55-64,0.045
2025-11-01,CA,65+,0.027
2025-11-01,CD,18-24,0.441
2025-11-01,CD,25-34,0.399
2025-11-01,CD,35-44,0.130
2025-11-01,CD,45-54,0.003
2025-11-01,CD,55-64,0.012
2025-11-01,CD,65+,0.014
2025-11-01,CH,18-24,0.226
2025-11-01,CH,25-34,0.336
2025-11-01,CH,35-44,0.225
2025-11-01,CH,45-54,0.132
2025-11-01,CH,55-64,0.061
2025-11-01,CH,65+,0.020
2025-11-01,CI,18-24,0.363
2025-11-01,CI,25-34,0.388
2025-11-01,CI,35-44,0.117
2025-11-01,CI,45-54,0.055
2025-11-01,CI,55-64,0.046
2025-11-01,CI,65+,0.033
2025-11-01,CL,18-24,0.302
2025-11-01,CL,25-34,0.356
2025-11-01,CL,35-44,0.206
2025-11-01,CL,45-54,0.085
2025-11-01,CL,55-64,0.032
2025-11-01,CL,65+,0.019
2025-11-01,CM,18-24,0.440
2025-11-01,CM,25-34,0.393
2025-11-01,CM,35-44,0.110
2025-11-01,CM,45-54,0.032
2025-11-01,CM,55-64,0.002
2025-11-01,CM,65+,0.023
2025-11-01,CO,18-24,0.319
2025-11-01,CO,25-34,0.382
2025-11-01,CO,35-44,0.171
2025-11-01,CO,45-54,0.085
2025-11-01,CO,55-64,0.024
2025-11-01,CO,65+,0.019
2025-11-01,CR,18-24,0.262
2025-11-01,CR,25-34,0.379
2025-11-01,CR,35-44,0.222
2025-11-01,CR,45-54,0.076
2025-11-01,CR,55-64,0.025
2025-11-01,CR,65+,0.036
2025-11-01,CY,18-24,0.118
2025-11-01,CY,25-34,0.336
2025-11-01,CY,35-44,0.231
2025-11-01,CY,45-54,0.186
2025-11-01,CY,55-64,0.078
2025-11-01,CY,65+,0.051
2025-11-01,CZ,18-24,0.304
2025-11-01,CZ,25-34,0.357
2025-11-01,CZ,35-44,0.193
2025-11-01,CZ,45-54,0.095
2025-11-01,CZ,55-64,0.029
2025-11-01,CZ,65+,0.022
2025-11-01,DE,18-24,0.251
2025-11-01,DE,25-34,0.372
2025-11-01,DE,35-44,0.217
2025-11-01,DE,45-54,0.096
2025-11-01,DE,55-64,0.043
2025-11-01,DE,65+,0.020
2025-11-01,DK,18-24,0.245
2025-11-01,DK,25-34,0.399
2025-11-01,DK,35-44,0.175
2025-11-01,DK,45-54,0.109
2025-11-01,DK,55-64,0.059
2025-11-01,DK,65+,0.013
2025-11-01,DO,18-24,0.365
2025-11-01,DO,25-34,0.440
2025-11-01,DO,35-44,0.133
2025-11-01,DO,45-54,0.018
2025-11-01,DO,55-64,0.024
2025-11-01,DO,65+,0.019
2025-11-01,DZ,18-24,0.403
2025-11-01,DZ,25-34,0.341
2025-11-01,DZ,35-44,0.126
2025-11-01,DZ,45-54,0.063
2025-11-01,DZ,55-64,0.023
2025-11-01,DZ,65+,0.045
2025-11-01,EC,18-24,0.362
2025-11-01,EC,25-34,0.343
2025-11-01,EC,35-44,0.173
2025-11-01,EC,45-54,0.073
2025-11-01,EC,55-64,0.020
2025-11-01,EC,65+,0.029
2025-11-01,EE,18-24,0.289
2025-11-01,EE,25-34,0.364
2025-11-01,EE,35-44,0.251
2025-11-01,EE,45-54,0.067
2025-11-01,EE,55-64,0.025
2025-11-01,EE,65+,0.003
2025-11-01,EG,18-24,0.452
2025-11-01,EG,25-34,0.337
2025-11-01,EG,35-44,0.121
2025-11-01,EG,45-54,0.048
2025-11-01,EG,55-64,0.019
2025-11-01,EG,65+,0.023
2025-11-01,ES,18-24,0.248
2025-11-01,ES,25-34,0.347
2025-11-01,ES,35-44,0.194
2025-11-01,ES,45-54,0.137
2025-11-01,ES,55-64,0.054
2025-11-01,ES,65+,0.020
2025-11-01,ET,18-24,0.369
2025-11-01,ET,25-34,0.418
2025-11-01,ET,35-44,0.129
2025-11-01,ET,45-54,0.046
2025-11-01,ET,55-64,0.014
2025-11-01,ET,65+,0.023
2025-11-01,FI,18-24,0.282
2025-11-01,FI,25-34,0.391
2025-11-01,FI,35-44,0.181
2025-11-01,FI,45-54,0.080
2025-11-01,FI,55-64,0.024
2025-11-01,FI,65+,0.042
2025-11-01,FR,18-24,0.283
2025-11-01,FR,25-34,0.351
2025-11-01,FR,35-44,0.187
2025-11-01,FR,45-54,0.109
2025-11-01,FR,55-64,0.047
2025-11-01,FR,65+,0.023
2025-11-01,GB,18-24,0.277
2025-11-01,GB,25-34,0.337
2025-11-01,GB,35-44,0.204
2025-11-01,GB,45-54,0.120
2025-11-01,GB,55-64,0.043
2025-11-01,GB,65+,0.020
2025-11-01,GE,18-24,0.313
2025-11-01,GE,25-34,0.346
2025-11-01,GE,35-44,0.187
2025-11-01,GE,45-54,0.081
2025-11-01,GE,55-64,0.041
2025-11-01,GE,65+,0.033
2025-11-01,GH,18-24,0.422
2025-11-01,GH,25-34,0.346
2025-11-01,GH,35-44,0.136
2025-11-01,GH,45-54,0.055
2025-11-01,GH,55-64,0.011
2025-11-01,GH,65+,0.029
2025-11-01,GR,18-24,0.202
2025-11-01,GR,25-34,0.356
2025-11-01,GR,35-44,0.213
2025-11-01,GR,45-54,0.139
2025-11-01,GR,55-64,0.072
2025-11-01,GR,65+,0.019
2025-11-01,GT,18-24,0.439
2025-11-01,GT,25-34,0.337
2025-11-01,GT,35-44,0.139
2025-11-01,GT,45-54,0.041
2025-11-01,GT,55-64,0.015
2025-11-01,GT,65+,0.029
2025-11-01,HN,18-24,0.400
2025-11-01,HN,25-34,0.318
2025-11-01,HN,35-44,0.160
2025-11-01,HN,45-54,0.026
2025-11-01,HN,55-64,0.039
2025-11-01,HN,65+,0.057
2025-11-01,HR,18-24,0.213
2025-11-01,HR,25-34,0.365
2025-11-01,HR,35-44,0.193
2025-11-01,HR,45-54,0.160
2025-11-01,HR,55-64,0.036
2025-11-01,HR,65+,0.032
2025-11-01,HU,18-24,0.271
2025-11-01,HU,25-34,0.347
2025-11-01,HU,35-44,0.183
2025-11-01,HU,45-54,0.137
2025-11-01,HU,55-64,0.036
2025-11-01,HU,65+,0.027
2025-11-01,ID,18-24,0.478
2025-11-01,ID,25-34,0.359
2025-11-01,ID,35-44,0.102
2025-11-01,ID,45-54,0.034
2025-11-01,ID,55-64,0.014
2025-11-01,ID,65+,0.013
2025-11-01,IE,18-24,0.290
2025-11-01,IE,25-34,0.346
2025-11-01,IE,35-44,0.228
2025-11-01,IE,45-54,0.094
2025-11-01,IE,55-64,0.040
2025-11-01,IE,65+,0.002
2025-11-01,IL,18-24,0.270
2025-11-01,IL,25-34,0.357
2025-11-01,IL,35-44,0.181
2025-11-01,IL,45-54,0.100
2025-11-01,IL,55-64,0.061
2025-11-01,IL,65+,0.032
2025-11-01,IN,18-24,0.494
2025-11-01,IN,25-34,0.320
2025-11-01,IN,35-44,0.118
2025-11-01,IN,45-54,0.038
2025-11-01,IN,55-64,0.013
2025-11-01,IN,65+,0.017
2025-11-01,IQ,18-24,0.449
2025-11-01,IQ,25-34,0.337
2025-11-01,IQ,35-44,0.105
2025-11-01,IQ,45-54,0.051
2025-11-01,IQ,55-64,0.019
2025-11-01,IQ,65+,0.039
2025-11-01,IT,18-24,0.270
2025-11-01,IT,25-34,0.332
2025-11-01,IT,35-44,0.168
2025-11-01,IT,45-54,0.130
2025-11-01,IT,55-64,0.073
2025-11-01,IT,65+,0.027
2025-11-01,JO,18-24,0.441
2025-11-01,JO,25-34,0.346
2025-11-01,JO,35-44,0.125
2025-11-01,JO,45-54,0.039
2025-11-01,JO,55-64,0.014
2025-11-01,JO,65+,0.034
2025-11-01,JP,18-24,0.298
2025-11-01,JP,25-34,0.331
2025-11-01,JP,35-44,0.181
2025-11-01,JP,45-54,0.124
2025-11-01,JP,55-64,0.049
2025-11-01,JP,65+,0.017
2025-11-01,KE,18-24,0.492
2025-11-01,KE,25-34,0.327
2025-11-01,KE,35-44,0.116
2025-11-01,KE,45-54,0.040
2025-11-01,KE,55-64,0.012
2025-11-01,KE,65+,0.013
2025-11-01,KG,18-24,0.482
2025-11-01,KG,25-34,0.294
2025-11-01,KG,35-44,0.122
2025-11-01,KG,45-54,0.027
2025-11-01,KG,55-64,0.049
2025-11-01,KG,65+,0.025
2025-11-01,KH,18-24,0.247
2025-11-01,KH,25-34,0.429
2025-11-01,KH,35-44,0.216
2025-11-01,KH,45-54,0.053
2025-11-01,KH,55-64,0.014
2025-11-01,KH,65+,0.041
2025-11-01,KR,18-24,0.227
2025-11-01,KR,25-34,0.338
2025-11-01,KR,35-44,0.226
2025-11-01,KR,45-54,0.128
2025-11-01,KR,55-64,0.057
2025-11-01,KR,65+,0.025
2025-11-01,KW,18-24,0.241
2025-11-01,KW,25-34,0.443
2025-11-01,KW,35-44,0.209
2025-11-01,KW,45-54,0.085
2025-11-01,KW,55-64,0.020
2025-11-01,KW,65+,0.001
2025-11-01,KZ,18-24,0.421
2025-11-01,KZ,25-34,0.327
2025-11-01,KZ,35-44,0.153
2025-11-01,KZ,45-54,0.053
2025-11-01,KZ,55-64,0.019
2025-11-01,KZ,65+,0.027
2025-11-01,LB,18-24,0.332
2025-11-01,LB,25-34,0.358
2025-11-01,LB,35-44,0.159
2025-11-01,LB,45-54,0.077
2025-11-01,LB,55-64,0.049
2025-11-01,LB,65+,0.026
2025-11-01,LK,18-24,0.393
2025-11-01,LK,25-34,0.387
2025-11-01,LK,35-44,0.144
2025-11-01,LK,45-54,0.058
2025-11-01,LK,55-64,0.008
2025-11-01,LK,65+,0.009
2025-11-01,LT,18-24,0.262
2025-11-01,LT,25-34,0.373
2025-11-01,LT,35-44,0.212
2025-11-01,LT,45-54,0.105
2025-11-01,LT,55-64,0.034
2025-11-01,LT,65+,0.015
2025-11-01,LV,18-24,0.235
2025-11-01,LV,25-34,0.403
2025-11-01,LV,35-44,0.225
2025-11-01,LV,45-54,0.072
2025-11-01,LV,55-64,0.044
2025-11-01,LV,65+,0.021
2025-11-01,LY,18-24,0.430
2025-11-01,LY,25-34,0.335
2025-11-01,LY,35-44,0.114
2025-11-01,LY,45-54,0.061
2025-11-01,LY,55-64,0.027
2025-11-01,LY,65+,0.033
2025-11-01,MA,18-24,0.383
2025-11-01,MA,25-34,0.371
2025-11-01,MA,35-44,0.143
2025-11-01,MA,45-54,0.048
2025-11-01,MA,55-64,0.020
2025-11-01,MA,65+,0.035
2025-11-01,MD,18-24,0.333
2025-11-01,MD,25-34,0.381
2025-11-01,MD,35-44,0.185
2025-11-01,MD,45-54,0.094
2025-11-01,MD,55-64,0.000
2025-11-01,MD,65+,0.008
2025-11-01,MG,18-24,0.401
2025-11-01,MG,25-34,0.386
2025-11-01,MG,35-44,0.091
2025-11-01,MG,45-54,0.101
2025-11-01,MG,55-64,0.003
2025-11-01,MG,65+,0.018
2025-11-01,MK,18-24,0.302
2025-11-01,MK,25-34,0.336
2025-11-01,MK,35-44,0.213
2025-11-01,MK,45-54,0.123
2025-11-01,MK,55-64,0.000
2025-11-01,MK,65+,0.026
2025-11-01,MM,18-24,0.523
2025-11-01,MM,25-34,0.323
2025-11-01,MM,35-44,0.103
2025-11-01,MM,45-54,0.037
2025-11-01,MM,55-64,0.012
2025-11-01,MM,65+,0.003
2025-11-01,MN,18-24,0.329
2025-11-01,MN,25-34,0.397
2025-11-01,MN,35-44,0.170
2025-11-01,MN,45-54,0.066
2025-11-01,MN,55-64,0.005
2025-11-01,MN,65+,0.033
2025-11-01,MX,18-24,0.392
2025-11-01,MX,25-34,0.370
2025-11-01,MX,35-44,0.133
2025-11-01,MX,45-54,0.064
2025-11-01,MX,55-64,0.021
2025-11-01,MX,65+,0.019
2025-11-01,MY,18-24,0.355
2025-11-01,MY,25-34,0.365
2025-11-01,MY,35-44,0.191
2025-11-01,MY,45-54,0.061
2025-11-01,MY,55-64,0.017
2025-11-01,MY,65+,0.011
2025-11-01,MZ,18-24,0.474
2025-11-01,MZ,25-34,0.292
2025-11-01,MZ,35-44,0.109
2025-11-01,MZ,45-54,0.069
2025-11-01,MZ,55-64,0.047
2025-11-01,MZ,65+,0.009
2025-11-01,NG,18-24,0.409
2025-11-01,NG,25-34,0.385
2025-11-01,NG,35-44,0.123
2025-11-01,NG,45-54,0.041
2025-11-01,NG,55-64,0.018
2025-11-01,NG,65+,0.023
2025-11-01,NI,18-24,0.337
2025-11-01,NI,25-34,0.363
2025-11-01,NI,35-44,0.172
2025-11-01,NI,45-54,0.048
2025-11-01,NI,55-64,0.012
2025-11-01,NI,65+,0.069
2025-11-01,NL,18-24,0.265
2025-11-01,NL,25-34,0.397
2025-11-01,NL,35-44,0.183
2025-11-01,NL,45-54,0.094
2025-11-01,NL,55-64,0.040
2025-11-01,NL,65+,0.022
2025-11-01,NO,18-24,0.211
2025-11-01,NO,25-34,0.375
2025-11-01,NO,35-44,0.215
2025-11-01,NO,45-54,0.105
2025-11-01,NO,55-64,0.054
2025-11-01,NO,65+,0.039
2025-11-01,NP,18-24,0.439
2025-11-01,NP,25-34,0.380
2025-11-01,NP,35-44,0.082
2025-11-01,NP,45-54,0.038
2025-11-01,NP,55-64,0.014
2025-11-01,NP,65+,0.047
2025-11-01,NZ,18-24,0.202
2025-11-01,NZ,25-34,0.328
2025-11-01,NZ,35-44,0.248
2025-11-01,NZ,45-54,0.159
2025-11-01,NZ,55-64,0.043
2025-11-01,NZ,65+,0.020
2025-11-01,OM,18-24,0.299
2025-11-01,OM,25-34,0.445
2025-11-01,OM,35-44,0.188
2025-11-01,OM,45-54,0.035
2025-11-01,OM,55-64,0.013
2025-11-01,OM,65+,0.020
2025-11-01,PA,18-24,0.285
2025-11-01,PA,25-34,0.379
2025-11-01,PA,35-44,0.204
2025-11-01,PA,45-54,0.091
2025-11-01,PA,55-64,0.011
2025-11-01,PA,65+,0.030
2025-11-01,PE,18-24,0.401
2025-11-01,PE,25-34,0.368
2025-11-01,PE,35-44,0.137
2025-11-01,PE,45-54,0.050
2025-11-01,PE,55-64,0.026
2025-11-01,PE,65+,0.019
2025-11-01,PH,18-24,0.423
2025-11-01,PH,25-34,0.391
2025-11-01,PH,35-44,0.109
2025-11-01,PH,45-54,0.042
2025-11-01,PH,55-64,0.016
2025-11-01,PH,65+,0.018
2025-11-01,PK,18-24,0.474
2025-11-01,PK,25-34,0.352
2025-11-01,PK,35-44,0.101
2025-11-01,PK,45-54,0.038
2025-11-01,PK,55-64,0.010
2025-11-01,PK,65+,0.025
2025-11-01,PL,18-24,0.268
2025-11-01,PL,25-34,0.402
2025-11-01,PL,35-44,0.198
2025-11-01,PL,45-54,0.089
2025-11-01,PL,55-64,0.024
2025-11-01,PL,65+,0.019
2025-11-01,PR,18-24,0.239
2025-11-01,PR,25-34,0.356
2025-11-01,PR,35-44,0.187
2025-11-01,PR,45-54,0.117
2025-11-01,PR,55-64,0.075
2025-11-01,PR,65+,0.026
2025-11-01,PS,18-24,0.461
2025-11-01,PS,25-34,0.318
2025-11-01,PS,35-44,0.110
2025-11-01,PS,45-54,0.058
2025-11-01,PS,55-64,0.003
2025-11-01,PS,65+,0.051
2025-11-01,PT,18-24,0.222
2025-11-01,PT,25-34,0.379
2025-11-01,PT,35-44,0.205
2025-11-01,PT,45-54,0.136
2025-11-01,PT,55-64,0.037
2025-11-01,PT,65+,0.022
2025-11-01,PY,18-24,0.353
2025-11-01,PY,25-34,0.402
2025-11-01,PY,35-44,0.162
2025-11-01,PY,45-54,0.062
2025-11-01,PY,55-64,0.000
2025-11-01,PY,65+,0.022
2025-11-01,QA,18-24,0.220
2025-11-01,QA,25-34,0.466
2025-11-01,QA,35-44,0.254
2025-11-01,QA,45-54,0.042
2025-11-01,QA,55-64,0.014
2025-11-01,QA,65+,0.005
2025-11-01,RO,18-24,0.272
2025-11-01,RO,25-34,0.369
2025-11-01,RO,35-44,0.175
2025-11-01,RO,45-54,0.119
2025-11-01,RO,55-64,0.033
2025-11-01,RO,65+,0.031
2025-11-01,RS,18-24,0.251
2025-11-01,RS,25-34,0.331
2025-11-01,RS,35-44,0.186
2025-11-01,RS,45-54,0.159
2025-11-01,RS,55-64,0.049
2025-11-01,RS,65+,0.024
2025-11-01,RW,18-24,0.426
2025-11-01,RW,25-34,0.384
2025-11-01,RW,35-44,0.135
2025-11-01,RW,45-54,0.029
2025-11-01,RW,55-64,0.009
2025-11-01,RW,65+,0.017
2025-11-01,SA,18-24,0.350
2025-11-01,SA,25-34,0.434
2025-11-01,SA,35-44,0.135
2025-11-01,SA,45-54,0.047
2025-11-01,SA,55-64,0.015
2025-11-01,SA,65+,0.018
2025-11-01,SD,18-24,0.455
2025-11-01,SD,25-34,0.360
2025-11-01,SD,35-44,0.081
2025-11-01,SD,45-54,0.054
2025-11-01,SD,55-64,0.050
2025-11-01,SD,65+,0.000
2025-11-01,SE,18-24,0.241
2025-11-01,SE,25-34,0.363
2025-11-01,SE,35-44,0.200
2025-11-01,SE,45-54,0.119
2025-11-01,SE,55-64,0.055
2025-11-01,SE,65+,0.022
2025-11-01,SG,18-24,0.262
2025-11-01,SG,25-34,0.441
2025-11-01,SG,35-44,0.179
2025-11-01,SG,45-54,0.085
2025-11-01,SG,55-64,0.021
2025-11-01,SG,65+,0.012
2025-11-01,SI,18-24,0.186
2025-11-01,SI,25-34,0.377
2025-11-01,SI,35-44,0.158
2025-11-01,SI,45-54,0.169
2025-11-01,SI,55-64,0.074
2025-11-01,SI,65+,0.036
2025-11-01,SK,18-24,0.238
2025-11-01,SK,25-34,0.401
2025-11-01,SK,35-44,0.185
2025-11-01,SK,45-54,0.107
2025-11-01,SK,55-64,0.054
2025-11-01,SK,65+,0.015
2025-11-01,SN,18-24,0.564
2025-11-01,SN,25-34,0.289
2025-11-01,SN,35-44,0.119
2025-11-01,SN,45-54,0.000
2025-11-01,SN,55-64,0.028
2025-11-01,SN,65+,0.000
2025-11-01,SO,18-24,0.495
2025-11-01,SO,25-34,0.357
2025-11-01,SO,35-44,0.105
2025-11-01,SO,45-54,0.005
2025-11-01,SO,55-64,0.000
2025-11-01,SO,65+,0.037
2025-11-01,SV,18-24,0.387
2025-11-01,SV,25-34,0.342
2025-11-01,SV,35-44,0.171
2025-11-01,SV,45-54,0.041
2025-11-01,SV,55-64,0.046
2025-11-01,SV,65+,0.013
2025-11-01,TH,18-24,0.375
2025-11-01,TH,25-34,0.362
2025-11-01,TH,35-44,0.148
2025-11-01,TH,45-54,0.056
2025-11-01,TH,55-64,0.027
2025-11-01,TH,65+,0.032
2025-11-01,TJ,18-24,0.484
2025-11-01,TJ,25-34,0.317
2025-11-01,TJ,35-44,0.077
2025-11-01,TJ,45-54,0.049
2025-11-01,TJ,55-64,0.055
2025-11-01,TJ,65+,0.018
2025-11-01,TN,18-24,0.356
2025-11-01,TN,25-34,0.358
2025-11-01,TN,35-44,0.155
2025-11-01,TN,45-54,0.062
2025-11-01,TN,55-64,0.022
2025-11-01,TN,65+,0.047
2025-11-01,TR,18-24,0.350
2025-11-01,TR,25-34,0.370
2025-11-01,TR,35-44,0.174
2025-11-01,TR,45-54,0.061
2025-11-01,TR,55-64,0.021
2025-11-01,TR,65+,0.023
2025-11-01,TW,18-24,0.235
2025-11-01,TW,25-34,0.362
2025-11-01,TW,35-44,0.236
2025-11-01,TW,45-54,0.112
2025-11-01,TW,55-64,0.039
2025-11-01,TW,65+,0.016
2025-11-01,TZ,18-24,0.352
2025-11-01,TZ,25-34,0.455
2025-11-01,TZ,35-44,0.126
2025-11-01,TZ,45-54,0.027
2025-11-01,TZ,55-64,0.000
2025-11-01,TZ,65+,0.040
2025-11-01,UA,18-24,0.300
2025-11-01,UA,25-34,0.405
2025-11-01,UA,35-44,0.164
2025-11-01,UA,45-54,0.077
2025-11-01,UA,55-64,0.031
2025-11-01,UA,65+,0.023
2025-11-01,UG,18-24,0.428
2025-11-01,UG,25-34,0.396
2025-11-01,UG,35-44,0.109
2025-11-01,UG,45-54,0.044
2025-11-01,UG,55-64,0.017
2025-11-01,UG,65+,0.006
2025-11-01,US,18-24,0.281
2025-11-01,US,25-34,0.343
2025-11-01,US,35-44,0.196
2025-11-01,US,45-54,0.105
2025-11-01,US,55-64,0.049
2025-11-01,US,65+,0.026
2025-11-01,UY,18-24,0.258
2025-11-01,UY,25-34,0.445
2025-11-01,UY,35-44,0.147
2025-11-01,UY,45-54,0.078
2025-11-01,UY,55-64,0.037
2025-11-01,UY,65+,0.035
2025-11-01,UZ,18-24,0.457
2025-11-01,UZ,25-34,0.265
2025-11-01,UZ,35-44,0.166
2025-11-01,UZ,45-54,0.047
2025-11-01,UZ,55-64,0.021
2025-11-01,UZ,65+,0.043
2025-11-01,VN,18-24,0.414
2025-11-01,VN,25-34,0.379
2025-11-01,VN,35-44,0.140
2025-11-01,VN,45-54,0.043
2025-11-01,VN,55-64,0.013
2025-11-01,VN,65+,0.011
2025-11-01,YE,18-24,0.416
2025-11-01,YE,25-34,0.368
2025-11-01,YE,35-44,0.130
2025-11-01,YE,45-54,0.039
2025-11-01,YE,55-64,0.011
2025-11-01,YE,65+,0.035
2025-11-01,ZA,18-24,0.364
2025-11-01,ZA,25-34,0.321
2025-11-01,ZA,35-44,0.194
2025-11-01,ZA,45-54,0.085
2025-11-01,ZA,55-64,0.026
2025-11-01,ZA,65+,0.010
2025-12-01,AE,18-24,0.194
2025-12-01,AE,25-34,0.480
2025-12-01,AE,35-44,0.219
2025-12-01,AE,45-54,0.080
2025-12-01,AE,55-64,0.014
2025-12-01,AE,65+,0.013
2025-12-01,AF,18-24,0.388
2025-12-01,AF,25-34,0.404
2025-12-01,AF,35-44,0.093
2025-12-01,AF,45-54,0.040
2025-12-01,AF,55-64,0.004
2025-12-01,AF,65+,0.071
2025-12-01,AL,18-24,0.226
2025-12-01,AL,25-34,0.401
2025-12-01,AL,35-44,0.191
2025-12-01,AL,45-54,0.105
2025-12-01,AL,55-64,0.038
2025-12-01,AL,65+,0.040
2025-12-01,AM,18-24,0.328
2025-12-01,AM,25-34,0.308
2025-12-01,AM,35-44,0.225
2025-12-01,AM,45-54,0.073
2025-12-01,AM,55-64,0.029
2025-12-01,AM,65+,0.038
2025-12-01,AO,18-24,0.417
2025-12-01,AO,25-34,0.438
2025-12-01,AO,35-44,0.073
2025-12-01,AO,45-54,0.047
2025-12-01,AO,55-64,0.000
2025-12-01,AO,65+,0.024
2025-12-01,AR,18-24,0.276
2025-12-01,AR,25-34,0.365
2025-12-01,AR,35-44,0.190
2025-12-01,AR,45-54,0.101
2025-12-01,AR,55-64,0.040
2025-12-01,AR,65+,0.028
2025-12-01,AT,18-24,0.250
2025-12-01,AT,25-34,0.368
2025-12-01,AT,35-44,0.205
2025-12-01,AT,45-54,0.105
2025-12-01,AT,55-64,0.049
2025-12-01,AT,65+,0.023
2025-12-01,AU,18-24,0.208
2025-12-01,AU,25-34,0.388
2025-12-01,AU,35-44,0.223
2025-12-01,AU,45-54,0.113
2025-12-01,AU,55-64,0.050
2025-12-01,AU,65+,0.017
2025-12-01,AZ,18-24,0.314
2025-12-01,AZ,25-34,0.343
2025-12-01,AZ,35-44,0.190
2025-12-01,AZ,45-54,0.077
2025-12-01,AZ,55-64,0.034
2025-12-01,AZ,65+,0.042
2025-12-01,BA,18-24,0.270
2025-12-01,BA,25-34,0.396
2025-12-01,BA,35-44,0.158
2025-12-01,BA,45-54,0.094
2025-12-01,BA,55-64,0.036
2025-12-01,BA,65+,0.045
2025-12-01,BD,18-24,0.499
2025-12-01,BD,25-34,0.331
2025-12-01,BD,35-44,0.092
2025-12-01,BD,45-54,0.039
2025-12-01,BD,55-64,0.014
2025-12-01,BD,65+,0.025
2025-12-01,BE,18-24,0.269
2025-12-01,BE,25-34,0.351
2025-12-01,BE,35-44,0.210
2025-12-01,BE,45-54,0.096
2025-12-01,BE,55-64,0.043
2025-12-01,BE,65+,0.030
2025-12-01,BG,18-24,0.215
2025-12-01,BG,25-34,0.379
2025-12-01,BG,35-44,0.240
2025-12-01,BG,45-54,0.106
2025-12-01,BG,55-64,0.043
2025-12-01,BG,65+,0.017
2025-12-01,BH,18-24,0.279
2025-12-01,BH,25-34,0.334
2025-12-01,BH,35-44,0.150
2025-12-01,BH,45-54,0.084
2025-12-01,BH,55-64,0.083
2025-12-01,BH,65+,0.070
2025-12-01,BO,18-24,0.450
2025-12-01,BO,25-34,0.297
2025-12-01,BO,35-44,0.135
2025-12-01,BO,45-54,0.059
2025-12-01,BO,55-64,0.014
2025-12-01,BO,65+,0.045
2025-12-01,BR,18-24,0.267
2025-12-01,BR,25-34,0.383
2025-12-01,BR,35-44,0.206
2025-12-01,BR,45-54,0.092
2025-12-01,BR,55-64,0.030
2025-12-01,BR,65+,0.022
2025-12-01,CA,18-24,0.264
2025-12-01,CA,25-34,0.359
2025-12-01,CA,35-44,0.206
2025-12-01,CA,45-54,0.109
2025-12-01,CA,55-64,0.039
2025-12-01,CA,65+,0.022
2025-12-01,CD,18-24,0.522
2025-12-01,CD,25-34,0.347
2025-12-01,CD,35-44,0.098
2025-12-01,CD,45-54,0.008
2025-12-01,CD,55-64,0.001
2025-12-01,CD,65+,0.022
2025-12-01,CH,18-24,0.237
2025-12-01,CH,25-34,0.335
2025-12-01,CH,35-44,0.229
2025-12-01,CH,45-54,0.125
2025-12-01,CH,55-64,0.053
2025-12-01,CH,65+,0.021
2025-12-01,CI,18-24,0.434
2025-12-01,CI,25-34,0.353
2025-12-01,CI,35-44,0.157
2025-12-01,CI,45-54,0.045
2025-12-01,CI,55-64,0.000
2025-12-01,CI,65+,0.010
2025-12-01,CL,18-24,0.245
2025-12-01,CL,25-34,0.396
2025-12-01,CL,35-44,0.221
2025-12-01,CL,45-54,0.080
2025-12-01,CL,55-64,0.037
2025-12-01,CL,65+,0.021
2025-12-01,CM,18-24,0.361
2025-12-01,CM,25-34,0.366
2025-12-01,CM,35-44,0.131
2025-12-01,CM,45-54,0.097
2025-12-01,CM,55-64,0.000
2025-12-01,CM,65+,0.044
2025-12-01,CO,18-24,0.269
2025-12-01,CO,25-34,0.435
2025-12-01,CO,35-44,0.179
2025-12-01,CO,45-54,0.072
2025-12-01,CO,55-64,0.028
2025-12-01,CO,65+,0.016
2025-12-01,CR,18-24,0.239
2025-12-01,CR,25-34,0.399
2025-12-01,CR,35-44,0.225
2025-12-01,CR,45-54,0.108
2025-12-01,CR,55-64,0.016
2025-12-01,CR,65+,0.013
2025-12-01,CY,18-24,0.205
2025-12-01,CY,25-34,0.301
2025-12-01,CY,35-44,0.326
2025-12-01,CY,45-54,0.092
2025-12-01,CY,55-64,0.058
2025-12-01,CY,65+,0.018
2025-12-01,CZ,18-24,0.254
2025-12-01,CZ,25-34,0.353
2025-12-01,CZ,35-44,0.205
2025-12-01,CZ,45-54,0.114
2025-12-01,CZ,55-64,0.045
2025-12-01,CZ,65+,0.029
2025-12-01,DE,18-24,0.257
2025-12-01,DE,25-34,0.381
2025-12-01,DE,35-44,0.203
2025-12-01,DE,45-54,0.096
2025-12-01,DE,55-64,0.040
2025-12-01,DE,65+,0.024
2025-12-01,DK,18-24,0.209
2025-12-01,DK,25-34,0.409
2025-12-01,DK,35-44,0.170
2025-12-01,DK,45-54,0.121
2025-12-01,DK,55-64,0.061
2025-12-01,DK,65+,0.031
2025-12-01,DO,18-24,0.326
2025-12-01,DO,25-34,0.399
2025-12-01,DO,35-44,0.174
2025-12-01,DO,45-54,0.063
2025-12-01,DO,55-64,0.015
2025-12-01,DO,65+,0.023
2025-12-01,DZ,18-24,0.406
2025-12-01,DZ,25-34,0.331
2025-12-01,DZ,35-44,0.131
2025-12-01,DZ,45-54,0.057
2025-12-01,DZ,55-64,0.027
2025-12-01,DZ,65+,0.047
2025-12-01,EC,18-24,0.365
2025-12-01,EC,25-34,0.365
2025-12-01,EC,35-44,0.163
2025-12-01,EC,45-54,0.076
2025-12-01,EC,55-64,0.014
2025-12-01,EC,65+,0.017
2025-12-01,EE,18-24,0.254
2025-12-01,EE,25-34,0.334
2025-12-01,EE,35-44,0.166
2025-12-01,EE,45-54,0.122
2025-12-01,EE,55-64,0.085
2025-12-01,EE,65+,0.039
2025-12-01,EG,18-24,0.453
2025-12-01,EG,25-34,0.345
2025-12-01,EG,35-44,0.112
2025-12-01,EG,45-54,0.050
2025-12-01,EG,55-64,0.017
2025-12-01,EG,65+,0.024
2025-12-01,ES,18-24,0.252
2025-12-01,ES,25-34,0.349
2025-12-01,ES,35-44,0.197
2025-12-01,ES,45-54,0.130
2025-12-01,ES,55-64,0.052
2025-12-01,ES,65+,0.020
2025-12-01,ET,18-24,0.313
2025-12-01,ET,25-34,0.451
2025-12-01,ET,35-44,0.144
2025-12-01,ET,45-54,0.041
2025-12-01,ET,55-64,0.026
2025-12-01,ET,65+,0.024
2025-12-01,FI,18-24,0.283
2025-12-01,FI,25-34,0.392
2025-12-01,FI,35-44,0.211
2025-12-01,FI,45-54,0.067
2025-12-01,FI,55-64,0.021
2025-12-01,FI,65+,0.026
2025-12-01,FR,18-24,0.267
2025-12-01,FR,25-34,0.364
2025-12-01,FR,35-44,0.193
2025-12-01,FR,45-54,0.107
2025-12-01,FR,55-64,0.046
2025-12-01,FR,65+,0.022
2025-12-01,GB,18-24,0.261
2025-12-01,GB,25-34,0.346
2025-12-01,GB,35-44,0.212
2025-12-01,GB,45-54,0.118
2025-12-01,GB,55-64,0.043
2025-12-01,GB,65+,0.020
2025-12-01,GE,18-24,0.329
2025-12-01,GE,25-34,0.348
2025-12-01,GE,35-44,0.180
2025-12-01,GE,45-54,0.080
2025-12-01,GE,55-64,0.033
2025-12-01,GE,65+,0.030
2025-12-01,GH,18-24,0.394
2025-12-01,GH,25-34,0.368
2025-12-01,GH,35-44,0.142
2025-12-01,GH,45-54,0.073
2025-12-01,GH,55-64,0.017
2025-12-01,GH,65+,0.006
2025-12-01,GR,18-24,0.217
2025-12-01,GR,25-34,0.334
2025-12-01,GR,35-44,0.227
2025-12-01,GR,45-54,0.134
2025-12-01,GR,55-64,0.044
2025-12-01,GR,65+,0.042
2025-12-01,GT,18-24,0.347
2025-12-01,GT,25-34,0.428
2025-12-01,GT,35-44,0.142
2025-12-01,GT,45-54,0.007
2025-12-01,GT,55-64,0.026
2025-12-01,GT,65+,0.049
2025-12-01,HN,18-24,0.335
2025-12-01,HN,25-34,0.419
2025-12-01,HN,35-44,0.130
2025-12-01,HN,45-54,0.094
2025-12-01,HN,55-64,0.014
2025-12-01,HN,65+,0.008
2025-12-01,HR,18-24,0.236
2025-12-01,HR,25-34,0.356
2025-12-01,HR,35-44,0.230
2025-12-01,HR,45-54,0.124
2025-12-01,HR,55-64,0.029
2025-12-01,HR,65+,0.024
2025-12-01,HU,18-24,0.251
2025-12-01,HU,25-34,0.334
2025-12-01,HU,35-44,0.203
2025-12-01,HU,45-54,0.143
2025-12-01,HU,55-64,0.039
2025-12-01,HU,65+,0.029
2025-12-01,ID,18-24,0.478
2025-12-01,ID,25-34,0.357
2025-12-01,ID,35-44,0.100
2025-12-01,ID,45-54,0.036
2025-12-01,ID,55-64,0.014
2025-12-01,ID,65+,0.015
2025-12-01,IE,18-24,0.290
2025-12-01,IE,25-34,0.339
2025-12-01,IE,35-44,0.203
2025-12-01,IE,45-54,0.117
2025-12-01,IE,55-64,0.032
2025-12-01,IE,65+,0.019
2025-12-01,IL,18-24,0.269
2025-12-01,IL,25-34,0.357
2025-12-01,IL,35-44,0.166
2025-12-01,IL,45-54,0.102
2025-12-01,IL,55-64,0.058
2025-12-01,IL,65+,0.048
2025-12-01,IN,18-24,0.483
2025-12-01,IN,25-34,0.324
2025-12-01,IN,35-44,0.122
2025-12-01,IN,45-54,0.043
2025-12-01,IN,55-64,0.014
2025-12-01,IN,65+,0.015
2025-12-01,IQ,18-24,0.450
2025-12-01,IQ,25-34,0.333
2025-12-01,IQ,35-44,0.115
2025-12-01,IQ,45-54,0.044
2025-12-01,IQ,55-64,0.021
2025-12-01,IQ,65+,0.037
2025-12-01,IT,18-24,0.265
2025-12-01,IT,25-34,0.342
2025-12-01,IT,35-44,0.183
2025-12-01,IT,45-54,0.121
2025-12-01,IT,55-64,0.063
2025-12-01,IT,65+,0.026
2025-12-01,JO,18-24,0.410
2025-12-01,JO,25-34,0.358
2025-12-01,JO,35-44,0.138
2025-12-01,JO,45-54,0.044
2025-12-01,JO,55-64,0.024
2025-12-01,JO,65+,0.026
2025-12-01,JP,18-24,0.294
2025-12-01,JP,25-34,0.322
2025-12-01,JP,35-44,0.189
2025-12-01,JP,45-54,0.129
2025-12-01,JP,55-64,0.047
2025-12-01,JP,65+,0.018
2025-12-01,KE,18-24,0.452
2025-12-01,KE,25-34,0.363
2025-12-01,KE,35-44,0.130
2025-12-01,KE,45-54,0.036
2025-12-01,KE,55-64,0.003
2025-12-01,KE,65+,0.016
2025-12-01,KG,18-24,0.520
2025-12-01,KG,25-34,0.270
2025-12-01,KG,35-44,0.108
2025-12-01,KG,45-54,0.040
2025-12-01,KG,55-64,0.024
2025-12-01,KG,65+,0.037
2025-12-01,KH,18-24,0.271
2025-12-01,KH,25-34,0.445
2025-12-01,KH,35-44,0.188
2025-12-01,KH,45-54,0.041
2025-12-01,KH,55-64,0.023
2025-12-01,KH,65+,0.031
2025-12-01,KR,18-24,0.205
2025-12-01,KR,25-34,0.344
2025-12-01,KR,35-44,0.232
2025-12-01,KR,45-54,0.137
2025-12-01,KR,55-64,0.057
2025-12-01,KR,65+,0.025
2025-12-01,KW,18-24,0.273
2025-12-01,KW,25-34,0.427
2025-12-01,KW,35-44,0.232
2025-12-01,KW,45-54,0.044
2025-12-01,KW,55-64,0.008
2025-12-01,KW,65+,0.016
2025-12-01,KZ,18-24,0.408
2025-12-01,KZ,25-34,0.362
2025-12-01,KZ,35-44,0.135
2025-12-01,KZ,45-54,0.053
2025-12-01,KZ,55-64,0.022
2025-12-01,KZ,65+,0.020
2025-12-01,LB,18-24,0.383
2025-12-01,LB,25-34,0.339
2025-12-01,LB,35-44,0.175
2025-12-01,LB,45-54,0.049
2025-12-01,LB,55-64,0.019
2025-12-01,LB,65+,0.035
2025-12-01,LK,18-24,0.433
2025-12-01,LK,25-34,0.340
2025-12-01,LK,35-44,0.146
2025-12-01,LK,45-54,0.058
2025-12-01,LK,55-64,0.020
2025-12-01,LK,65+,0.003
2025-12-01,LT,18-24,0.222
2025-12-01,LT,25-34,0.438
2025-12-01,LT,35-44,0.222
2025-12-01,LT,45-54,0.063
2025-12-01,LT,55-64,0.034
2025-12-01,LT,65+,0.020
2025-12-01,LV,18-24,0.280
2025-12-01,LV,25-34,0.287
2025-12-01,LV,35-44,0.182
2025-12-01,LV,45-54,0.210
2025-12-01,LV,55-64,0.022
2025-12-01,LV,65+,0.019
2025-12-01,LY,18-24,0.460
2025-12-01,LY,25-34,0.336
2025-12-01,LY,35-44,0.119
2025-12-01,LY,45-54,0.043
2025-12-01,LY,55-64,0.038
2025-12-01,LY,65+,0.003
2025-12-01,MA,18-24,0.403
2025-12-01,MA,25-34,0.349
2025-12-01,MA,35-44,0.136
2025-12-01,MA,45-54,0.050
2025-12-01,MA,55-64,0.028
2025-12-01,MA,65+,0.036
2025-12-01,MD,18-24,0.332
2025-12-01,MD,25-34,0.310
2025-12-01,MD,35-44,0.184
2025-12-01,MD,45-54,0.068
2025-12-01,MD,55-64,0.072
2025-12-01,MD,65+,0.034
2025-12-01,MG,18-24,0.459
2025-12-01,MG,25-34,0.450
2025-12-01,MG,35-44,0.087
2025-12-01,MG,45-54,0.005
2025-12-01,MG,55-64,0.000
2025-12-01,MG,65+,0.000
2025-12-01,MK,18-24,0.202
2025-12-01,MK,25-34,0.439
2025-12-01,MK,35-44,0.230
2025-12-01,MK,45-54,0.129
2025-12-01,MK,55-64,0.000
2025-12-01,MK,65+,0.000
2025-12-01,MM,18-24,0.581
2025-12-01,MM,25-34,0.307
2025-12-01,MM,35-44,0.096
2025-12-01,MM,45-54,0.008
2025-12-01,MM,55-64,0.000
2025-12-01,MM,65+,0.007
2025-12-01,MN,18-24,0.385
2025-12-01,MN,25-34,0.329
2025-12-01,MN,35-44,0.146
2025-12-01,MN,45-54,0.079
2025-12-01,MN,55-64,0.002
2025-12-01,MN,65+,0.059
2025-12-01,MX,18-24,0.371
2025-12-01,MX,25-34,0.388
2025-12-01,MX,35-44,0.137
2025-12-01,MX,45-54,0.061
2025-12-01,MX,55-64,0.026
2025-12-01,MX,65+,0.017
2025-12-01,MY,18-24,0.351
2025-12-01,MY,25-34,0.377
2025-12-01,MY,35-44,0.171
2025-12-01,MY,45-54,0.068
2025-12-01,MY,55-64,0.018
2025-12-01,MY,65+,0.015
2025-12-01,NG,18-24,0.427
2025-12-01,NG,25-34,0.386
2025-12-01,NG,35-44,0.109
2025-12-01,NG,45-54,0.047
2025-12-01,NG,55-64,0.017
2025-12-01,NG,65+,0.015
2025-12-01,NI,18-24,0.380
2025-12-01,NI,25-34,0.432
2025-12-01,NI,35-44,0.092
2025-12-01,NI,45-54,0.026
2025-12-01,NI,55-64,0.014
2025-12-01,NI,65+,0.057
2025-12-01,NL,18-24,0.276
2025-12-01,NL,25-34,0.379
2025-12-01,NL,35-44,0.189
2025-12-01,NL,45-54,0.098
2025-12-01,NL,55-64,0.034
2025-12-01,NL,65+,0.025
2025-12-01,NO,18-24,0.232
2025-12-01,NO,25-34,0.371
2025-12-01,NO,35-44,0.216
2025-12-01,NO,45-54,0.111
2025-12-01,NO,55-64,0.049
2025-12-01,NO,65+,0.021
2025-12-01,NP,18-24,0.428
2025-12-01,NP,25-34,0.350
2025-12-01,NP,35-44,0.097
2025-12-01,NP,45-54,0.044
2025-12-01,NP,55-64,0.024
2025-12-01,NP,65+,0.058
2025-12-01,NZ,18-24,0.209
2025-12-01,NZ,25-34,0.389
2025-12-01,NZ,35-44,0.271
2025-12-01,NZ,45-54,0.053
2025-12-01,NZ,55-64,0.055
2025-12-01,NZ,65+,0.024
2025-12-01,OM,18-24,0.290
2025-12-01,OM,25-34,0.441
2025-12-01,OM,35-44,0.149
2025-12-01,OM,45-54,0.040
2025-12-01,OM,55-64,0.030
2025-12-01,OM,65+,0.051
2025-12-01,PA,18-24,0.327
2025-12-01,PA,25-34,0.365
2025-12-01,PA,35-44,0.152
2025-12-01,PA,45-54,0.082
2025-12-01,PA,55-64,0.032
2025-12-01,PA,65+,0.042
2025-12-01,PE,18-24,0.363
2025-12-01,PE,25-34,0.361
2025-12-01,PE,35-44,0.158
2025-12-01,PE,45-54,0.073
2025-12-01,PE,55-64,0.023
2025-12-01,PE,65+,0.023
2025-12-01,PH,18-24,0.412
2025-12-01,PH,25-34,0.388
2025-12-01,PH,35-44,0.120
2025-12-01,PH,45-54,0.042
2025-12-01,PH,55-64,0.018
2025-12-01,PH,65+,0.019
2025-12-01,PK,18-24,0.488
2025-12-01,PK,25-34,0.341
2025-12-01,PK,35-44,0.103
2025-12-01,PK,45-54,0.034
2025-12-01,PK,55-64,0.009
2025-12-01,PK,65+,0.024
2025-12-01,PL,18-24,0.262
2025-12-01,PL,25-34,0.404
2025-12-01,PL,35-44,0.189
2025-12-01,PL,45-54,0.100
2025-12-01,PL,55-64,0.026
2025-12-01,PL,65+,0.018
2025-12-01,PR,18-24,0.157
2025-12-01,PR,25-34,0.423
2025-12-01,PR,35-44,0.215
2025-12-01,PR,45-54,0.120
2025-12-01,PR,55-64,0.030
2025-12-01,PR,65+,0.055
2025-12-01,PS,18-24,0.406
2025-12-01,PS,25-34,0.379
2025-12-01,PS,35-44,0.124
2025-12-01,PS,45-54,0.054
2025-12-01,PS,55-64,0.020
2025-12-01,PS,65+,0.019
2025-12-01,PT,18-24,0.231
2025-12-01,PT,25-34,0.411
2025-12-01,PT,35-44,0.195
2025-12-01,PT,45-54,0.115
2025-12-01,PT,55-64,0.042
2025-12-01,PT,65+,0.006
2025-12-01,PY,18-24,0.369
2025-12-01,PY,25-34,0.391
2025-12-01,PY,35-44,0.139
2025-12-01,PY,45-54,0.023
2025-12-01,PY,55-64,0.040
2025-12-01,PY,65+,0.039
2025-12-01,QA,18-24,0.224
2025-12-01,QA,25-34,0.430
2025-12-01,QA,35-44,0.283
2025-12-01,QA,45-54,0.064
2025-12-01,QA,55-64,0.000
2025-12-01,QA,65+,0.000
2025-12-01,RO,18-24,0.281
2025-12-01,RO,25-34,0.387
2025-12-01,RO,35-44,0.188
2025-12-01,RO,45-54,0.087
2025-12-01,RO,55-64,0.034
2025-12-01,RO,65+,0.022
2025-12-01,RS,18-24,0.284
2025-12-01,RS,25-34,0.373
2025-12-01,RS,35-44,0.179
2025-12-01,RS,45-54,0.099
2025-12-01,RS,55-64,0.039
2025-12-01,RS,65+,0.027
2025-12-01,SA,18-24,0.346
2025-12-01,SA,25-34,0.445
2025-12-01,SA,35-44,0.144
2025-12-01,SA,45-54,0.040
2025-12-01,SA,55-64,0.008
2025-12-01,SA,65+,0.016
2025-12-01,SE,18-24,0.246
2025-12-01,SE,25-34,0.365
2025-12-01,SE,35-44,0.209
2025-12-01,SE,45-54,0.107
2025-12-01,SE,55-64,0.048
2025-12-01,SE,65+,0.024
2025-12-01,SG,18-24,0.232
2025-12-01,SG,25-34,0.456
2025-12-01,SG,35-44,0.181
2025-12-01,SG,45-54,0.074
2025-12-01,SG,55-64,0.034
2025-12-01,SG,65+,0.022
2025-12-01,SI,18-24,0.184
2025-12-01,SI,25-34,0.361
2025-12-01,SI,35-44,0.252
2025-12-01,SI,45-54,0.112
2025-12-01,SI,55-64,0.047
2025-12-01,SI,65+,0.045
2025-12-01,SK,18-24,0.294
2025-12-01,SK,25-34,0.365
2025-12-01,SK,35-44,0.174
2025-12-01,SK,45-54,0.113
2025-12-01,SK,55-64,0.034
2025-12-01,SK,65+,0.020
2025-12-01,SN,18-24,0.580
2025-12-01,SN,25-34,0.290
2025-12-01,SN,35-44,0.116
2025-12-01,SN,45-54,0.005
2025-12-01,SN,55-64,0.000
2025-12-01,SN,65+,0.009
2025-12-01,SO,18-24,0.434
2025-12-01,SO,25-34,0.383
2025-12-01,SO,35-44,0.065
2025-12-01,SO,45-54,0.005
2025-12-01,SO,55-64,0.000
2025-12-01,SO,65+,0.113
2025-12-01,SV,18-24,0.388
2025-12-01,SV,25-34,0.424
2025-12-01,SV,35-44,0.117
2025-12-01,SV,45-54,0.035
2025-12-01,SV,55-64,0.013
2025-12-01,SV,65+,0.024
2025-12-01,TH,18-24,0.376
2025-12-01,TH,25-34,0.352
2025-12-01,TH,35-44,0.157
2025-12-01,TH,45-54,0.063
2025-12-01,TH,55-64,0.023
2025-12-01,TH,65+,0.030
2025-12-01,TJ,18-24,0.415
2025-12-01,TJ,25-34,0.332
2025-12-01,TJ,35-44,0.144
2025-12-01,TJ,45-54,0.025
2025-12-01,TJ,55-64,0.022
2025-12-01,TJ,65+,0.062
2025-12-01,TN,18-24,0.382
2025-12-01,TN,25-34,0.347
2025-12-01,TN,35-44,0.159
2025-12-01,TN,45-54,0.051
2025-12-01,TN,55-64,0.027
2025-12-01,TN,65+,0.034
2025-12-01,TR,18-24,0.355
2025-12-01,TR,25-34,0.368
2025-12-01,TR,35-44,0.161
2025-12-01,TR,45-54,0.070
2025-12-01,TR,55-64,0.021
2025-12-01,TR,65+,0.024
2025-12-01,TW,18-24,0.232
2025-12-01,TW,25-34,0.389
2025-12-01,TW,35-44,0.219
2025-12-01,TW,45-54,0.119
2025-12-01,TW,55-64,0.029
2025-12-01,TW,65+,0.012
2025-12-01,TZ,18-24,0.468
2025-12-01,TZ,25-34,0.351
2025-12-01,TZ,35-44,0.136
2025-12-01,TZ,45-54,0.020
2025-12-01,TZ,55-64,0.000
2025-12-01,TZ,65+,0.025
2025-12-01,UA,18-24,0.315
2025-12-01,UA,25-34,0.399
2025-12-01,UA,35-44,0.163
2025-12-01,UA,45-54,0.081
2025-12-01,UA,55-64,0.026
2025-12-01,UA,65+,0.017
2025-12-01,UG,18-24,0.392
2025-12-01,UG,25-34,0.434
2025-12-01,UG,35-44,0.139
2025-12-01,UG,45-54,0.000
2025-12-01,UG,55-64,0.013
2025-12-01,UG,65+,0.022
2025-12-01,US,18-24,0.266
2025-12-01,US,25-34,0.342
2025-12-01,US,35-44,0.205
2025-12-01,US,45-54,0.107
2025-12-01,US,55-64,0.051
2025-12-01,US,65+,0.029
2025-12-01,UY,18-24,0.210
2025-12-01,UY,25-34,0.379
2025-12-01,UY,35-44,0.173
2025-12-01,UY,45-54,0.116
2025-12-01,UY,55-64,0.072
2025-12-01,UY,65+,0.051
2025-12-01,UZ,18-24,0.451
2025-12-01,UZ,25-34,0.271
2025-12-01,UZ,35-44,0.157
2025-12-01,UZ,45-54,0.052
2025-12-01,UZ,55-64,0.027
2025-12-01,UZ,65+,0.043
2025-12-01,VN,18-24,0.400
2025-12-01,VN,25-34,0.394
2025-12-01,VN,35-44,0.143
2025-12-01,VN,45-54,0.041
2025-12-01,VN,55-64,0.009
2025-12-01,VN,65+,0.013
2025-12-01,YE,18-24,0.419
2025-12-01,YE,25-34,0.360
2025-12-01,YE,35-44,0.132
2025-12-01,YE,45-54,0.052
2025-12-01,YE,55-64,0.015
2025-12-01,YE,65+,0.023
2025-12-01,ZA,18-24,0.311
2025-12-01,ZA,25-34,0.362
2025-12-01,ZA,35-44,0.187
2025-12-01,ZA,45-54,0.084
2025-12-01,ZA,55-64,0.030
2025-12-01,ZA,65+,0.025
2026-01-01,AE,18-24,0.185
2026-01-01,AE,25-34,0.471
2026-01-01,AE,35-44,0.233
2026-01-01,AE,45-54,0.074
2026-01-01,AE,55-64,0.020
2026-01-01,AE,65+,0.017
2026-01-01,AF,18-24,0.413
2026-01-01,AF,25-34,0.386
2026-01-01,AF,35-44,0.090
2026-01-01,AF,45-54,0.021
2026-01-01,AF,55-64,0.018
2026-01-01,AF,65+,0.071
2026-01-01,AL,18-24,0.254
2026-01-01,AL,25-34,0.407
2026-01-01,AL,35-44,0.220
2026-01-01,AL,45-54,0.073
2026-01-01,AL,55-64,0.039
2026-01-01,AL,65+,0.008
2026-01-01,AM,18-24,0.306
2026-01-01,AM,25-34,0.346
2026-01-01,AM,35-44,0.225
2026-01-01,AM,45-54,0.061
2026-01-01,AM,55-64,0.026
2026-01-01,AM,65+,0.036
2026-01-01,AO,18-24,0.483
2026-01-01,AO,25-34,0.329
2026-01-01,AO,35-44,0.137
2026-01-01,AO,45-54,0.033
2026-01-01,AO,55-64,0.018
2026-01-01,AO,65+,0.000
2026-01-01,AR,18-24,0.262
2026-01-01,AR,25-34,0.364
2026-01-01,AR,35-44,0.211
2026-01-01,AR,45-54,0.099
2026-01-01,AR,55-64,0.037
2026-01-01,AR,65+,0.028
2026-01-01,AT,18-24,0.254
2026-01-01,AT,25-34,0.377
2026-01-01,AT,35-44,0.196
2026-01-01,AT,45-54,0.116
2026-01-01,AT,55-64,0.037
2026-01-01,AT,65+,0.019
2026-01-01,AU,18-24,0.188
2026-01-01,AU,25-34,0.403
2026-01-01,AU,35-44,0.232
2026-01-01,AU,45-54,0.115
2026-01-01,AU,55-64,0.044
2026-01-01,AU,65+,0.018
2026-01-01,AZ,18-24,0.316
2026-01-01,AZ,25-34,0.348
2026-01-01,AZ,35-44,0.185
2026-01-01,AZ,45-54,0.079
2026-01-01,AZ,55-64,0.036
2026-01-01,AZ,65+,0.036
2026-01-01,BA,18-24,0.322
2026-01-01,BA,25-34,0.348
2026-01-01,BA,35-44,0.211
2026-01-01,BA,45-54,0.072
2026-01-01,BA,55-64,0.008
2026-01-01,BA,65+,0.039
2026-01-01,BD,18-24,0.499
2026-01-01,BD,25-34,0.349
2026-01-01,BD,35-44,0.088
2026-01-01,BD,45-54,0.031
2026-01-01,BD,55-64,0.010
2026-01-01,BD,65+,0.023
2026-01-01,BE,18-24,0.271
2026-01-01,BE,25-34,0.346
2026-01-01,BE,35-44,0.211
2026-01-01,BE,45-54,0.097
2026-01-01,BE,55-64,0.045
2026-01-01,BE,65+,0.030
2026-01-01,BG,18-24,0.250
2026-01-01,BG,25-34,0.311
2026-01-01,BG,35-44,0.236
2026-01-01,BG,45-54,0.102
2026-01-01,BG,55-64,0.057
2026-01-01,BG,65+,0.045
2026-01-01,BH,18-24,0.347
2026-01-01,BH,25-34,0.394
2026-01-01,BH,35-44,0.188
2026-01-01,BH,45-54,0.070
2026-01-01,BH,55-64,0.000
2026-01-01,BH,65+,0.001
2026-01-01,BJ,18-24,0.377
2026-01-01,BJ,25-34,0.396
2026-01-01,BJ,35-44,0.042
2026-01-01,BJ,45-54,0.072
2026-01-01,BJ,55-64,0.044
2026-01-01,BJ,65+,0.068
2026-01-01,BO,18-24,0.393
2026-01-01,BO,25-34,0.403
2026-01-01,BO,35-44,0.110
2026-01-01,BO,45-54,0.068
2026-01-01,BO,55-64,0.003
2026-01-01,BO,65+,0.023
2026-01-01,BR,18-24,0.263
2026-01-01,BR,25-34,0.395
2026-01-01,BR,35-44,0.206
2026-01-01,BR,45-54,0.084
2026-01-01,BR,55-64,0.032
2026-01-01,BR,65+,0.020
2026-01-01,CA,18-24,0.243
2026-01-01,CA,25-34,0.356
2026-01-01,CA,35-44,0.217
2026-01-01,CA,45-54,0.115
2026-01-01,CA,55-64,0.049
2026-01-01,CA,65+,0.021
2026-01-01,CD,18-24,0.547
2026-01-01,CD,25-34,0.345
2026-01-01,CD,35-44,0.078
2026-01-01,CD,45-54,0.001
2026-01-01,CD,55-64,0.006
2026-01-01,CD,65+,0.024
2026-01-01,CH,18-24,0.233
2026-01-01,CH,25-34,0.371
2026-01-01,CH,35-44,0.203
2026-01-01,CH,45-54,0.130
2026-01-01,CH,55-64,0.046
2026-01-01,CH,65+,0.017
2026-01-01,CI,18-24,0.416
2026-01-01,CI,25-34,0.303
2026-01-01,CI,35-44,0.176
2026-01-01,CI,45-54,0.041
2026-01-01,CI,55-64,0.048
2026-01-01,CI,65+,0.016
2026-01-01,CL,18-24,0.231
2026-01-01,CL,25-34,0.407
2026-01-01,CL,35-44,0.210
2026-01-01,CL,45-54,0.091
2026-01-01,CL,55-64,0.035
2026-01-01,CL,65+,0.027
2026-01-01,CM,18-24,0.460
2026-01-01,CM,25-34,0.331
2026-01-01,CM,35-44,0.080
2026-01-01,CM,45-54,0.068
2026-01-01,CM,55-64,0.032
2026-01-01,CM,65+,0.029
2026-01-01,CO,18-24,0.254
2026-01-01,CO,25-34,0.429
2026-01-01,CO,35-44,0.192
2026-01-01,CO,45-54,0.074
2026-01-01,CO,55-64,0.030
2026-01-01,CO,65+,0.022
2026-01-01,CR,18-24,0.227
2026-01-01,CR,25-34,0.388
2026-01-01,CR,35-44,0.209
2026-01-01,CR,45-54,0.120
2026-01-01,CR,55-64,0.042
2026-01-01,CR,65+,0.014
2026-01-01,CY,18-24,0.170
2026-01-01,CY,25-34,0.414
2026-01-01,CY,35-44,0.197
2026-01-01,CY,45-54,0.146
2026-01-01,CY,55-64,0.054
2026-01-01,CY,65+,0.020
2026-01-01,CZ,18-24,0.260
2026-01-01,CZ,25-34,0.364
2026-01-01,CZ,35-44,0.205
2026-01-01,CZ,45-54,0.118
2026-01-01,CZ,55-64,0.036
2026-01-01,CZ,65+,0.017
2026-01-01,DE,18-24,0.234
2026-01-01,DE,25-34,0.387
2026-01-01,DE,35-44,0.217
2026-01-01,DE,45-54,0.100
2026-01-01,DE,55-64,0.042
2026-01-01,DE,65+,0.021
2026-01-01,DK,18-24,0.241
2026-01-01,DK,25-34,0.366
2026-01-01,DK,35-44,0.187
2026-01-01,DK,45-54,0.130
2026-01-01,DK,55-64,0.063
2026-01-01,DK,65+,0.014
2026-01-01,DO,18-24,0.314
2026-01-01,DO,25-34,0.395
2026-01-01,DO,35-44,0.179
2026-01-01,DO,45-54,0.050
2026-01-01,DO,55-64,0.022
2026-01-01,DO,65+,0.040
2026-01-01,DZ,18-24,0.404
2026-01-01,DZ,25-34,0.334
2026-01-01,DZ,35-44,0.135
2026-01-01,DZ,45-54,0.055
2026-01-01,DZ,55-64,0.030
2026-01-01,DZ,65+,0.043
2026-01-01,EC,18-24,0.328
2026-01-01,EC,25-34,0.399
2026-01-01,EC,35-44,0.168
2026-01-01,EC,45-54,0.056
2026-01-01,EC,55-64,0.024
2026-01-01,EC,65+,0.026
2026-01-01,EE,18-24,0.248
2026-01-01,EE,25-34,0.380
2026-01-01,EE,35-44,0.229
2026-01-01,EE,45-54,0.093
2026-01-01,EE,55-64,0.023
2026-01-01,EE,65+,0.028
2026-01-01,EG,18-24,0.435
2026-01-01,EG,25-34,0.350
2026-01-01,EG,35-44,0.130
2026-01-01,EG,45-54,0.041
2026-01-01,EG,55-64,0.019
2026-01-01,EG,65+,0.025
2026-01-01,ES,18-24,0.249
2026-01-01,ES,25-34,0.332
2026-01-01,ES,35-44,0.202
2026-01-01,ES,45-54,0.139
2026-01-01,ES,55-64,0.053
2026-01-01,ES,65+,0.026
2026-01-01,ET,18-24,0.389
2026-01-01,ET,25-34,0.388
2026-01-01,ET,35-44,0.117
2026-01-01,ET,45-54,0.055
2026-01-01,ET,55-64,0.014
2026-01-01,ET,65+,0.037
2026-01-01,FI,18-24,0.253
2026-01-01,FI,25-34,0.406
2026-01-01,FI,35-44,0.199
2026-01-01,FI,45-54,0.072
2026-01-01,FI,55-64,0.040
2026-01-01,FI,65+,0.029
2026-01-01,FR,18-24,0.251
2026-01-01,FR,25-34,0.371
2026-01-01,FR,35-44,0.193
2026-01-01,FR,45-54,0.112
2026-01-01,FR,55-64,0.050
2026-01-01,FR,65+,0.024
2026-01-01,GB,18-24,0.252
2026-01-01,GB,25-34,0.340
2026-01-01,GB,35-44,0.223
2026-01-01,GB,45-54,0.119
2026-01-01,GB,55-64,0.049
2026-01-01,GB,65+,0.018
2026-01-01,GE,18-24,0.326
2026-01-01,GE,25-34,0.372
2026-01-01,GE,35-44,0.171
2026-01-01,GE,45-54,0.069
2026-01-01,GE,55-64,0.033
2026-01-01,GE,65+,0.029
2026-01-01,GH,18-24,0.368
2026-01-01,GH,25-34,0.392
2026-01-01,GH,35-44,0.157
2026-01-01,GH,45-54,0.039
2026-01-01,GH,55-64,0.041
2026-01-01,GH,65+,0.002
2026-01-01,GR,18-24,0.213
2026-01-01,GR,25-34,0.349
2026-01-01,GR,35-44,0.229
2026-01-01,GR,45-54,0.141
2026-01-01,GR,55-64,0.047
2026-01-01,GR,65+,0.021
2026-01-01,GT,18-24,0.356
2026-01-01,GT,25-34,0.401
2026-01-01,GT,35-44,0.147
2026-01-01,GT,45-54,0.042
2026-01-01,GT,55-64,0.032
2026-01-01,GT,65+,0.022
2026-01-01,HN,18-24,0.327
2026-01-01,HN,25-34,0.488
2026-01-01,HN,35-44,0.142
2026-01-01,HN,45-54,0.018
2026-01-01,HN,55-64,0.007
2026-01-01,HN,65+,0.019
2026-01-01,HR,18-24,0.226
2026-01-01,HR,25-34,0.396
2026-01-01,HR,35-44,0.200
2026-01-01,HR,45-54,0.110
2026-01-01,HR,55-64,0.048
2026-01-01,HR,65+,0.020
2026-01-01,HT,18-24,0.440
2026-01-01,HT,25-34,0.421
2026-01-01,HT,35-44,0.090
2026-01-01,HT,45-54,0.000
2026-01-01,HT,55-64,0.009
2026-01-01,HT,65+,0.040
2026-01-01,HU,18-24,0.197
2026-01-01,HU,25-34,0.358
2026-01-01,HU,35-44,0.215
2026-01-01,HU,45-54,0.155
2026-01-01,HU,55-64,0.051
2026-01-01,HU,65+,0.024
2026-01-01,ID,18-24,0.435
2026-01-01,ID,25-34,0.377
2026-01-01,ID,35-44,0.108
2026-01-01,ID,45-54,0.043
2026-01-01,ID,55-64,0.017
2026-01-01,ID,65+,0.019
2026-01-01,IE,18-24,0.245
2026-01-01,IE,25-34,0.374
2026-01-01,IE,35-44,0.218
2026-01-01,IE,45-54,0.113
2026-01-01,IE,55-64,0.033
2026-01-01,IE,65+,0.017
2026-01-01,IL,18-24,0.255
2026-01-01,IL,25-34,0.344
2026-01-01,IL,35-44,0.197
2026-01-01,IL,45-54,0.116
2026-01-01,IL,55-64,0.059
2026-01-01,IL,65+,0.030
2026-01-01,IN,18-24,0.459
2026-01-01,IN,25-34,0.345
2026-01-01,IN,35-44,0.122
2026-01-01,IN,45-54,0.041
2026-01-01,IN,55-64,0.015
2026-01-01,IN,65+,0.018
2026-01-01,IQ,18-24,0.447
2026-01-01,IQ,25-34,0.341
2026-01-01,IQ,35-44,0.105
2026-01-01,IQ,45-54,0.047
2026-01-01,IQ,55-64,0.021
2026-01-01,IQ,65+,0.039
2026-01-01,IT,18-24,0.273
2026-01-01,IT,25-34,0.335
2026-01-01,IT,35-44,0.188
2026-01-01,IT,45-54,0.123
2026-01-01,IT,55-64,0.057
2026-01-01,IT,65+,0.024
2026-01-01,JO,18-24,0.396
2026-01-01,JO,25-34,0.361
2026-01-01,JO,35-44,0.155
2026-01-01,JO,45-54,0.036
2026-01-01,JO,55-64,0.018
2026-01-01,JO,65+,0.033
2026-01-01,JP,18-24,0.280
2026-01-01,JP,25-34,0.351
2026-01-01,JP,35-44,0.181
2026-01-01,JP,45-54,0.125
2026-01-01,JP,55-64,0.046
2026-01-01,JP,65+,0.017
2026-01-01,KE,18-24,0.469
2026-01-01,KE,25-34,0.329
2026-01-01,KE,35-44,0.117
2026-01-01,KE,45-54,0.059
2026-01-01,KE,55-64,0.012
2026-01-01,KE,65+,0.013
2026-01-01,KG,18-24,0.468
2026-01-01,KG,25-34,0.307
2026-01-01,KG,35-44,0.141
2026-01-01,KG,45-54,0.041
2026-01-01,KG,55-64,0.027
2026-01-01,KG,65+,0.016
2026-01-01,KH,18-24,0.326
2026-01-01,KH,25-34,0.419
2026-01-01,KH,35-44,0.191
2026-01-01,KH,45-54,0.037
2026-01-01,KH,55-64,0.000
2026-01-01,KH,65+,0.027
2026-01-01,KR,18-24,0.178
2026-01-01,KR,25-34,0.355
2026-01-01,KR,35-44,0.245
2026-01-01,KR,45-54,0.133
2026-01-01,KR,55-64,0.064
2026-01-01,KR,65+,0.025
2026-01-01,KW,18-24,0.264
2026-01-01,KW,25-34,0.457
2026-01-01,KW,35-44,0.194
2026-01-01,KW,45-54,0.084
2026-01-01,KW,55-64,0.000
2026-01-01,KW,65+,0.001
2026-01-01,KZ,18-24,0.397
2026-01-01,KZ,25-34,0.350
2026-01-01,KZ,35-44,0.151
2026-01-01,KZ,45-54,0.059
2026-01-01,KZ,55-64,0.016
2026-01-01,KZ,65+,0.026
2026-01-01,LB,18-24,0.337
2026-01-01,LB,25-34,0.341
2026-01-01,LB,35-44,0.200
2026-01-01,LB,45-54,0.054
2026-01-01,LB,55-64,0.034
2026-01-01,LB,65+,0.035
2026-01-01,LK,18-24,0.415
2026-01-01,LK,25-34,0.343
2026-01-01,LK,35-44,0.155
2026-01-01,LK,45-54,0.056
2026-01-01,LK,55-64,0.016
2026-01-01,LK,65+,0.016
2026-01-01,LT,18-24,0.186
2026-01-01,LT,25-34,0.396
2026-01-01,LT,35-44,0.243
2026-01-01,LT,45-54,0.098
2026-01-01,LT,55-64,0.039
2026-01-01,LT,65+,0.037
2026-01-01,LV,18-24,0.208
2026-01-01,LV,25-34,0.390
2026-01-01,LV,35-44,0.251
2026-01-01,LV,45-54,0.078
2026-01-01,LV,55-64,0.037
2026-01-01,LV,65+,0.035
2026-01-01,LY,18-24,0.422
2026-01-01,LY,25-34,0.373
2026-01-01,LY,35-44,0.134
2026-01-01,LY,45-54,0.045
2026-01-01,LY,55-64,0.000
2026-01-01,LY,65+,0.026
2026-01-01,MA,18-24,0.392
2026-01-01,MA,25-34,0.367
2026-01-01,MA,35-44,0.134
2026-01-01,MA,45-54,0.048
2026-01-01,MA,55-64,0.025
2026-01-01,MA,65+,0.034
2026-01-01,MD,18-24,0.218
2026-01-01,MD,25-34,0.403
2026-01-01,MD,35-44,0.172
2026-01-01,MD,45-54,0.108
2026-01-01,MD,55-64,0.050
2026-01-01,MD,65+,0.050
2026-01-01,ME,18-24,0.175
2026-01-01,ME,25-34,0.339
2026-01-01,ME,35-44,0.162
2026-01-01,ME,45-54,0.153
2026-01-01,ME,55-64,0.076
2026-01-01,ME,65+,0.095
2026-01-01,MG,18-24,0.454
2026-01-01,MG,25-34,0.415
2026-01-01,MG,35-44,0.069
2026-01-01,MG,45-54,0.041
2026-01-01,MG,55-64,0.014
2026-01-01,MG,65+,0.007
2026-01-01,MK,18-24,0.326
2026-01-01,MK,25-34,0.365
2026-01-01,MK,35-44,0.221
2026-01-01,MK,45-54,0.064
2026-01-01,MK,55-64,0.022
2026-01-01,MK,65+,0.002
2026-01-01,MM,18-24,0.462
2026-01-01,MM,25-34,0.367
2026-01-01,MM,35-44,0.115
2026-01-01,MM,45-54,0.039
2026-01-01,MM,55-64,0.000
2026-01-01,MM,65+,0.017
2026-01-01,MN,18-24,0.349
2026-01-01,MN,25-34,0.363
2026-01-01,MN,35-44,0.116
2026-01-01,MN,45-54,0.116
2026-01-01,MN,55-64,0.026
2026-01-01,MN,65+,0.029
2026-01-01,MX,18-24,0.339
2026-01-01,MX,25-34,0.396
2026-01-01,MX,35-44,0.160
2026-01-01,MX,45-54,0.067
2026-01-01,MX,55-64,0.021
2026-01-01,MX,65+,0.017
2026-01-01,MY,18-24,0.351
2026-01-01,MY,25-34,0.380
2026-01-01,MY,35-44,0.173
2026-01-01,MY,45-54,0.070
2026-01-01,MY,55-64,0.011
2026-01-01,MY,65+,0.014
2026-01-01,MZ,18-24,0.447
2026-01-01,MZ,25-34,0.340
2026-01-01,MZ,35-44,0.079
2026-01-01,MZ,45-54,0.069
2026-01-01,MZ,55-64,0.000
2026-01-01,MZ,65+,0.065
2026-01-01,NG,18-24,0.421
2026-01-01,NG,25-34,0.397
2026-01-01,NG,35-44,0.109
2026-01-01,NG,45-54,0.044
2026-01-01,NG,55-64,0.015
2026-01-01,NG,65+,0.015
2026-01-01,NI,18-24,0.457
2026-01-01,NI,25-34,0.351
2026-01-01,NI,35-44,0.152
2026-01-01,NI,45-54,0.035
2026-01-01,NI,55-64,0.004
2026-01-01,NI,65+,0.000
2026-01-01,NL,18-24,0.269
2026-01-01,NL,25-34,0.388
2026-01-01,NL,35-44,0.195
2026-01-01,NL,45-54,0.087
2026-01-01,NL,55-64,0.043
2026-01-01,NL,65+,0.018
2026-01-01,NO,18-24,0.247
2026-01-01,NO,25-34,0.327
2026-01-01,NO,35-44,0.224
2026-01-01,NO,45-54,0.092
2026-01-01,NO,55-64,0.074
2026-01-01,NO,65+,0.037
2026-01-01,NP,18-24,0.452
2026-01-01,NP,25-34,0.305
2026-01-01,NP,35-44,0.111
2026-01-01,NP,45-54,0.043
2026-01-01,NP,55-64,0.030
2026-01-01,NP,65+,0.057
2026-01-01,NZ,18-24,0.166
2026-01-01,NZ,25-34,0.357
2026-01-01,NZ,35-44,0.252
2026-01-01,NZ,45-54,0.113
2026-01-01,NZ,55-64,0.079
2026-01-01,NZ,65+,0.033
2026-01-01,OM,18-24,0.310
2026-01-01,OM,25-34,0.365
2026-01-01,OM,35-44,0.200
2026-01-01,OM,45-54,0.108
2026-01-01,OM,55-64,0.002
2026-01-01,OM,65+,0.015
2026-01-01,PA,18-24,0.304
2026-01-01,PA,25-34,0.394
2026-01-01,PA,35-44,0.150
2026-01-01,PA,45-54,0.103
2026-01-01,PA,55-64,0.007
2026-01-01,PA,65+,0.042
2026-01-01,PE,18-24,0.325
2026-01-01,PE,25-34,0.393
2026-01-01,PE,35-44,0.174
2026-01-01,PE,45-54,0.066
2026-01-01,PE,55-64,0.023
2026-01-01,PE,65+,0.019
2026-01-01,PH,18-24,0.400
2026-01-01,PH,25-34,0.387
2026-01-01,PH,35-44,0.124
2026-01-01,PH,45-54,0.050
2026-01-01,PH,55-64,0.019
2026-01-01,PH,65+,0.020
2026-01-01,PK,18-24,0.478
2026-01-01,PK,25-34,0.347
2026-01-01,PK,35-44,0.105
2026-01-01,PK,45-54,0.031
2026-01-01,PK,55-64,0.015
2026-01-01,PK,65+,0.023
2026-01-01,PL,18-24,0.241
2026-01-01,PL,25-34,0.424
2026-01-01,PL,35-44,0.196
2026-01-01,PL,45-54,0.096
2026-01-01,PL,55-64,0.024
2026-01-01,PL,65+,0.020
2026-01-01,PR,18-24,0.165
2026-01-01,PR,25-34,0.334
2026-01-01,PR,35-44,0.214
2026-01-01,PR,45-54,0.199
2026-01-01,PR,55-64,0.070
2026-01-01,PR,65+,0.018
2026-01-01,PS,18-24,0.462
2026-01-01,PS,25-34,0.330
2026-01-01,PS,35-44,0.149
2026-01-01,PS,45-54,0.031
2026-01-01,PS,55-64,0.005
2026-01-01,PS,65+,0.023
2026-01-01,PT,18-24,0.215
2026-01-01,PT,25-34,0.358
2026-01-01,PT,35-44,0.223
2026-01-01,PT,45-54,0.129
2026-01-01,PT,55-64,0.047
2026-01-01,PT,65+,0.027
2026-01-01,PY,18-24,0.375
2026-01-01,PY,25-34,0.422
2026-01-01,PY,35-44,0.145
2026-01-01,PY,45-54,0.025
2026-01-01,PY,55-64,0.000
2026-01-01,PY,65+,0.033
2026-01-01,QA,18-24,0.222
2026-01-01,QA,25-34,0.417
2026-01-01,QA,35-44,0.258
2026-01-01,QA,45-54,0.074
2026-01-01,QA,55-64,0.025
2026-01-01,QA,65+,0.004
2026-01-01,RO,18-24,0.286
2026-01-01,RO,25-34,0.358
2026-01-01,RO,35-44,0.187
2026-01-01,RO,45-54,0.113
2026-01-01,RO,55-64,0.033
2026-01-01,RO,65+,0.022
2026-01-01,RS,18-24,0.263
2026-01-01,RS,25-34,0.382
2026-01-01,RS,35-44,0.191
2026-01-01,RS,45-54,0.097
2026-01-01,RS,55-64,0.033
2026-01-01,RS,65+,0.034
2026-01-01,RW,18-24,0.343
2026-01-01,RW,25-34,0.384
2026-01-01,RW,35-44,0.227
2026-01-01,RW,45-54,0.037
2026-01-01,RW,55-64,0.001
2026-01-01,RW,65+,0.009
2026-01-01,SA,18-24,0.307
2026-01-01,SA,25-34,0.463
2026-01-01,SA,35-44,0.157
2026-01-01,SA,45-54,0.040
2026-01-01,SA,55-64,0.013
2026-01-01,SA,65+,0.019
2026-01-01,SD,18-24,0.453
2026-01-01,SD,25-34,0.352
2026-01-01,SD,35-44,0.103
2026-01-01,SD,45-54,0.031
2026-01-01,SD,55-64,0.019
2026-01-01,SD,65+,0.041
2026-01-01,SE,18-24,0.236
2026-01-01,SE,25-34,0.388
2026-01-01,SE,35-44,0.188
2026-01-01,SE,45-54,0.113
2026-01-01,SE,55-64,0.062
2026-01-01,SE,65+,0.013
2026-01-01,SG,18-24,0.236
2026-01-01,SG,25-34,0.439
2026-01-01,SG,35-44,0.210
2026-01-01,SG,45-54,0.070
2026-01-01,SG,55-64,0.028
2026-01-01,SG,65+,0.016
2026-01-01,SI,18-24,0.218
2026-01-01,SI,25-34,0.309
2026-01-01,SI,35-44,0.211
2026-01-01,SI,45-54,0.146
2026-01-01,SI,55-64,0.085
2026-01-01,SI,65+,0.031
2026-01-01,SK,18-24,0.236
2026-01-01,SK,25-34,0.389
2026-01-01,SK,35-44,0.226
2026-01-01,SK,45-54,0.094
2026-01-01,SK,55-64,0.031
2026-01-01,SK,65+,0.025
2026-01-01,SN,18-24,0.496
2026-01-01,SN,25-34,0.325
2026-01-01,SN,35-44,0.058
2026-01-01,SN,45-54,0.067
2026-01-01,SN,55-64,0.023
2026-01-01,SN,65+,0.032
2026-01-01,SO,18-24,0.526
2026-01-01,SO,25-34,0.306
2026-01-01,SO,35-44,0.047
2026-01-01,SO,45-54,0.035
2026-01-01,SO,55-64,0.047
2026-01-01,SO,65+,0.039
2026-01-01,SV,18-24,0.455
2026-01-01,SV,25-34,0.406
2026-01-01,SV,35-44,0.085
2026-01-01,SV,45-54,0.000
2026-01-01,SV,55-64,0.054
2026-01-01,SV,65+,0.000
2026-01-01,TH,18-24,0.370
2026-01-01,TH,25-34,0.358
2026-01-01,TH,35-44,0.150
2026-01-01,TH,45-54,0.066
2026-01-01,TH,55-64,0.026
2026-01-01,TH,65+,0.031
2026-01-01,TJ,18-24,0.414
2026-01-01,TJ,25-34,0.307
2026-01-01,TJ,35-44,0.173
2026-01-01,TJ,45-54,0.038
2026-01-01,TJ,55-64,0.058
2026-01-01,TJ,65+,0.011
2026-01-01,TN,18-24,0.347
2026-01-01,TN,25-34,0.364
2026-01-01,TN,35-44,0.153
2026-01-01,TN,45-54,0.062
2026-01-01,TN,55-64,0.030
2026-01-01,TN,65+,0.044
2026-01-01,TR,18-24,0.346
2026-01-01,TR,25-34,0.368
2026-01-01,TR,35-44,0.173
2026-01-01,TR,45-54,0.068
2026-01-01,TR,55-64,0.025
2026-01-01,TR,65+,0.020
2026-01-01,TW,18-24,0.196
2026-01-01,TW,25-34,0.375
2026-01-01,TW,35-44,0.243
2026-01-01,TW,45-54,0.118
2026-01-01,TW,55-64,0.051
2026-01-01,TW,65+,0.017
2026-01-01,TZ,18-24,0.464
2026-01-01,TZ,25-34,0.353
2026-01-01,TZ,35-44,0.093
2026-01-01,TZ,45-54,0.042
2026-01-01,TZ,55-64,0.021
2026-01-01,TZ,65+,0.027
2026-01-01,UA,18-24,0.256
2026-01-01,UA,25-34,0.405
2026-01-01,UA,35-44,0.203
2026-01-01,UA,45-54,0.081
2026-01-01,UA,55-64,0.028
2026-01-01,UA,65+,0.028
2026-01-01,US,18-24,0.232
2026-01-01,US,25-34,0.355
2026-01-01,US,35-44,0.215
2026-01-01,US,45-54,0.116
2026-01-01,US,55-64,0.055
2026-01-01,US,65+,0.027
2026-01-01,UY,18-24,0.247
2026-01-01,UY,25-34,0.358
2026-01-01,UY,35-44,0.180
2026-01-01,UY,45-54,0.118
2026-01-01,UY,55-64,0.072
2026-01-01,UY,65+,0.025
2026-01-01,UZ,18-24,0.414
2026-01-01,UZ,25-34,0.311
2026-01-01,UZ,35-44,0.163
2026-01-01,UZ,45-54,0.056
2026-01-01,UZ,55-64,0.022
2026-01-01,UZ,65+,0.033
2026-01-01,VN,18-24,0.376
2026-01-01,VN,25-34,0.400
2026-01-01,VN,35-44,0.153
2026-01-01,VN,45-54,0.046
2026-01-01,VN,55-64,0.012
2026-01-01,VN,65+,0.014
2026-01-01,YE,18-24,0.462
2026-01-01,YE,25-34,0.317
2026-01-01,YE,35-44,0.099
2026-01-01,YE,45-54,0.050
2026-01-01,YE,55-64,0.024
2026-01-01,YE,65+,0.048
2026-01-01,ZA,18-24,0.312
2026-01-01,ZA,25-34,0.369
2026-01-01,ZA,35-44,0.186
2026-01-01,ZA,45-54,0.066
2026-01-01,ZA,55-64,0.037
2026-01-01,ZA,65+,0.031
2026-02-01,AE,18-24,0.164
2026-02-01,AE,25-34,0.459
2026-02-01,AE,35-44,0.275
2026-02-01,AE,45-54,0.074
2026-02-01,AE,55-64,0.021
2026-02-01,AE,65+,0.007
2026-02-01,AF,18-24,0.403
2026-02-01,AF,25-34,0.369
2026-02-01,AF,35-44,0.113
2026-02-01,AF,45-54,0.021
2026-02-01,AF,55-64,0.020
2026-02-01,AF,65+,0.073
2026-02-01,AL,18-24,0.216
2026-02-01,AL,25-34,0.402
2026-02-01,AL,35-44,0.238
2026-02-01,AL,45-54,0.054
2026-02-01,AL,55-64,0.056
2026-02-01,AL,65+,0.035
2026-02-01,AM,18-24,0.248
2026-02-01,AM,25-34,0.403
2026-02-01,AM,35-44,0.182
2026-02-01,AM,45-54,0.078
2026-02-01,AM,55-64,0.040
2026-02-01,AM,65+,0.049
2026-02-01,AO,18-24,0.432
2026-02-01,AO,25-34,0.362
2026-02-01,AO,35-44,0.117
2026-02-01,AO,45-54,0.059
2026-02-01,AO,55-64,0.009
2026-02-01,AO,65+,0.021
2026-02-01,AR,18-24,0.258
2026-02-01,AR,25-34,0.376
2026-02-01,AR,35-44,0.196
2026-02-01,AR,45-54,0.103
2026-02-01,AR,55-64,0.041
2026-02-01,AR,65+,0.027
2026-02-01,AT,18-24,0.256
2026-02-01,AT,25-34,0.360
2026-02-01,AT,35-44,0.211
2026-02-01,AT,45-54,0.118
2026-02-01,AT,55-64,0.040
2026-02-01,AT,65+,0.016
2026-02-01,AU,18-24,0.190
2026-02-01,AU,25-34,0.369
2026-02-01,AU,35-44,0.246
2026-02-01,AU,45-54,0.125
2026-02-01,AU,55-64,0.048
2026-02-01,AU,65+,0.021
2026-02-01,AZ,18-24,0.327
2026-02-01,AZ,25-34,0.341
2026-02-01,AZ,35-44,0.190
2026-02-01,AZ,45-54,0.067
2026-02-01,AZ,55-64,0.025
2026-02-01,AZ,65+,0.050
2026-02-01,BA,18-24,0.305
2026-02-01,BA,25-34,0.324
2026-02-01,BA,35-44,0.237
2026-02-01,BA,45-54,0.061
2026-02-01,BA,55-64,0.044
2026-02-01,BA,65+,0.028
2026-02-01,BD,18-24,0.495
2026-02-01,BD,25-34,0.334
2026-02-01,BD,35-44,0.095
2026-02-01,BD,45-54,0.038
2026-02-01,BD,55-64,0.012
2026-02-01,BD,65+,0.026
2026-02-01,BE,18-24,0.216
2026-02-01,BE,25-34,0.349
2026-02-01,BE,35-44,0.228
2026-02-01,BE,45-54,0.122
2026-02-01,BE,55-64,0.060
2026-02-01,BE,65+,0.025
2026-02-01,BG,18-24,0.199
2026-02-01,BG,25-34,0.356
2026-02-01,BG,35-44,0.247
2026-02-01,BG,45-54,0.163
2026-02-01,BG,55-64,0.016
2026-02-01,BG,65+,0.020
2026-02-01,BH,18-24,0.244
2026-02-01,BH,25-34,0.384
2026-02-01,BH,35-44,0.228
2026-02-01,BH,45-54,0.138
2026-02-01,BH,55-64,0.000
2026-02-01,BH,65+,0.006
2026-02-01,BO,18-24,0.395
2026-02-01,BO,25-34,0.367
2026-02-01,BO,35-44,0.156
2026-02-01,BO,45-54,0.079
2026-02-01,BO,55-64,0.000
2026-02-01,BO,65+,0.003
2026-02-01,BR,18-24,0.252
2026-02-01,BR,25-34,0.385
2026-02-01,BR,35-44,0.214
2026-02-01,BR,45-54,0.099
2026-02-01,BR,55-64,0.032
2026-02-01,BR,65+,0.019
2026-02-01,CA,18-24,0.249
2026-02-01,CA,25-34,0.353
2026-02-01,CA,35-44,0.212
2026-02-01,CA,45-54,0.115
2026-02-01,CA,55-64,0.053
2026-02-01,CA,65+,0.018
2026-02-01,CD,18-24,0.507
2026-02-01,CD,25-34,0.324
2026-02-01,CD,35-44,0.112
2026-02-01,CD,45-54,0.033
2026-02-01,CD,55-64,0.008
2026-02-01,CD,65+,0.016
2026-02-01,CH,18-24,0.200
2026-02-01,CH,25-34,0.355
2026-02-01,CH,35-44,0.237
2026-02-01,CH,45-54,0.123
2026-02-01,CH,55-64,0.056
2026-02-01,CH,65+,0.028
2026-02-01,CI,18-24,0.433
2026-02-01,CI,25-34,0.331
2026-02-01,CI,35-44,0.155
2026-02-01,CI,45-54,0.029
2026-02-01,CI,55-64,0.015
2026-02-01,CI,65+,0.037
2026-02-01,CL,18-24,0.218
2026-02-01,CL,25-34,0.395
2026-02-01,CL,35-44,0.227
2026-02-01,CL,45-54,0.091
2026-02-01,CL,55-64,0.038
2026-02-01,CL,65+,0.029
2026-02-01,CM,18-24,0.573
2026-02-01,CM,25-34,0.299
2026-02-01,CM,35-44,0.097
2026-02-01,CM,45-54,0.000
2026-02-01,CM,55-64,0.016
2026-02-01,CM,65+,0.014
2026-02-01,CO,18-24,0.277
2026-02-01,CO,25-34,0.389
2026-02-01,CO,35-44,0.201
2026-02-01,CO,45-54,0.081
2026-02-01,CO,55-64,0.032
2026-02-01,CO,65+,0.020
2026-02-01,CR,18-24,0.255
2026-02-01,CR,25-34,0.409
2026-02-01,CR,35-44,0.195
2026-02-01,CR,45-54,0.099
2026-02-01,CR,55-64,0.033
2026-02-01,CR,65+,0.010
2026-02-01,CY,18-24,0.189
2026-02-01,CY,25-34,0.352
2026-02-01,CY,35-44,0.235
2026-02-01,CY,45-54,0.149
2026-02-01,CY,55-64,0.032
2026-02-01,CY,65+,0.043
2026-02-01,CZ,18-24,0.237
2026-02-01,CZ,25-34,0.342
2026-02-01,CZ,35-44,0.223
2026-02-01,CZ,45-54,0.137
2026-02-01,CZ,55-64,0.039
2026-02-01,CZ,65+,0.022
2026-02-01,DE,18-24,0.242
2026-02-01,DE,25-34,0.373
2026-02-01,DE,35-44,0.212
2026-02-01,DE,45-54,0.106
2026-02-01,DE,55-64,0.047
2026-02-01,DE,65+,0.020
2026-02-01,DK,18-24,0.187
2026-02-01,DK,25-34,0.375
2026-02-01,DK,35-44,0.199
2026-02-01,DK,45-54,0.154
2026-02-01,DK,55-64,0.061
2026-02-01,DK,65+,0.024
2026-02-01,DO,18-24,0.367
2026-02-01,DO,25-34,0.385
2026-02-01,DO,35-44,0.131
2026-02-01,DO,45-54,0.065
2026-02-01,DO,55-64,0.014
2026-02-01,DO,65+,0.038
2026-02-01,DZ,18-24,0.386
2026-02-01,DZ,25-34,0.330
2026-02-01,DZ,35-44,0.135
2026-02-01,DZ,45-54,0.074
2026-02-01,DZ,55-64,0.024
2026-02-01,DZ,65+,0.052
2026-02-01,EC,18-24,0.323
2026-02-01,EC,25-34,0.368
2026-02-01,EC,35-44,0.204
2026-02-01,EC,45-54,0.054
2026-02-01,EC,55-64,0.028
2026-02-01,EC,65+,0.022
2026-02-01,EE,18-24,0.237
2026-02-01,EE,25-34,0.317
2026-02-01,EE,35-44,0.271
2026-02-01,EE,45-54,0.124
2026-02-01,EE,55-64,0.051
2026-02-01,EE,65+,0.000
2026-02-01,EG,18-24,0.409
2026-02-01,EG,25-34,0.364
2026-02-01,EG,35-44,0.133
2026-02-01,EG,45-54,0.044
2026-02-01,EG,55-64,0.022
2026-02-01,EG,65+,0.028
2026-02-01,ES,18-24,0.215
2026-02-01,ES,25-34,0.324
2026-02-01,ES,35-44,0.220
2026-02-01,ES,45-54,0.161
2026-02-01,ES,55-64,0.055
2026-02-01,ES,65+,0.025
2026-02-01,ET,18-24,0.379
2026-02-01,ET,25-34,0.413
2026-02-01,ET,35-44,0.109
2026-02-01,ET,45-54,0.046
2026-02-01,ET,55-64,0.007
2026-02-01,ET,65+,0.046
2026-02-01,FI,18-24,0.225
2026-02-01,FI,25-34,0.417
2026-02-01,FI,35-44,0.200
2026-02-01,FI,45-54,0.095
2026-02-01,FI,55-64,0.048
2026-02-01,FI,65+,0.015
2026-02-01,FR,18-24,0.245
2026-02-01,FR,25-34,0.356
2026-02-01,FR,35-44,0.199
2026-02-01,FR,45-54,0.120
2026-02-01,FR,55-64,0.053
2026-02-01,FR,65+,0.026
2026-02-01,GB,18-24,0.234
2026-02-01,GB,25-34,0.342
2026-02-01,GB,35-44,0.236
2026-02-01,GB,45-54,0.118
2026-02-01,GB,55-64,0.052
2026-02-01,GB,65+,0.017
2026-02-01,GE,18-24,0.257
2026-02-01,GE,25-34,0.355
2026-02-01,GE,35-44,0.217
2026-02-01,GE,45-54,0.108
2026-02-01,GE,55-64,0.031
2026-02-01,GE,65+,0.032
2026-02-01,GH,18-24,0.449
2026-02-01,GH,25-34,0.352
2026-02-01,GH,35-44,0.151
2026-02-01,GH,45-54,0.030
2026-02-01,GH,55-64,0.001
2026-02-01,GH,65+,0.017
2026-02-01,GR,18-24,0.200
2026-02-01,GR,25-34,0.350
2026-02-01,GR,35-44,0.214
2026-02-01,GR,45-54,0.149
2026-02-01,GR,55-64,0.056
2026-02-01,GR,65+,0.031
2026-02-01,GT,18-24,0.402
2026-02-01,GT,25-34,0.389
2026-02-01,GT,35-44,0.116
2026-02-01,GT,45-54,0.045
2026-02-01,GT,55-64,0.025
2026-02-01,GT,65+,0.023
2026-02-01,HN,18-24,0.352
2026-02-01,HN,25-34,0.426
2026-02-01,HN,35-44,0.155
2026-02-01,HN,45-54,0.040
2026-02-01,HN,55-64,0.007
2026-02-01,HN,65+,0.019
2026-02-01,HR,18-24,0.200
2026-02-01,HR,25-34,0.384
2026-02-01,HR,35-44,0.240
2026-02-01,HR,45-54,0.121
2026-02-01,HR,55-64,0.034
2026-02-01,HR,65+,0.021
2026-02-01,HT,18-24,0.370
2026-02-01,HT,25-34,0.398
2026-02-01,HT,35-44,0.113
2026-02-01,HT,45-54,0.005
2026-02-01,HT,55-64,0.059
2026-02-01,HT,65+,0.055
2026-02-01,HU,18-24,0.207
2026-02-01,HU,25-34,0.360
2026-02-01,HU,35-44,0.206
2026-02-01,HU,45-54,0.157
2026-02-01,HU,55-64,0.040
2026-02-01,HU,65+,0.029
2026-02-01,ID,18-24,0.437
2026-02-01,ID,25-34,0.380
2026-02-01,ID,35-44,0.112
2026-02-01,ID,45-54,0.039
2026-02-01,ID,55-64,0.014
2026-02-01,ID,65+,0.018
2026-02-01,IE,18-24,0.181
2026-02-01,IE,25-34,0.421
2026-02-01,IE,35-44,0.236
2026-02-01,IE,45-54,0.103
2026-02-01,IE,55-64,0.039
2026-02-01,IE,65+,0.020
2026-02-01,IL,18-24,0.254
2026-02-01,IL,25-34,0.345
2026-02-01,IL,35-44,0.173
2026-02-01,IL,45-54,0.121
2026-02-01,IL,55-64,0.056
2026-02-01,IL,65+,0.052
2026-02-01,IN,18-24,0.469
2026-02-01,IN,25-34,0.324
2026-02-01,IN,35-44,0.128
2026-02-01,IN,45-54,0.045
2026-02-01,IN,55-64,0.015
2026-02-01,IN,65+,0.019
2026-02-01,IQ,18-24,0.423
2026-02-01,IQ,25-34,0.375
2026-02-01,IQ,35-44,0.106
2026-02-01,IQ,45-54,0.044
2026-02-01,IQ,55-64,0.016
2026-02-01,IQ,65+,0.036
2026-02-01,IT,18-24,0.232
2026-02-01,IT,25-34,0.346
2026-02-01,IT,35-44,0.192
2026-02-01,IT,45-54,0.138
2026-02-01,IT,55-64,0.071
2026-02-01,IT,65+,0.021
2026-02-01,JO,18-24,0.346
2026-02-01,JO,25-34,0.372
2026-02-01,JO,35-44,0.152
2026-02-01,JO,45-54,0.067
2026-02-01,JO,55-64,0.027
2026-02-01,JO,65+,0.036
2026-02-01,JP,18-24,0.249
2026-02-01,JP,25-34,0.338
2026-02-01,JP,35-44,0.201
2026-02-01,JP,45-54,0.141
2026-02-01,JP,55-64,0.054
2026-02-01,JP,65+,0.017
2026-02-01,KE,18-24,0.478
2026-02-01,KE,25-34,0.340
2026-02-01,KE,35-44,0.123
2026-02-01,KE,45-54,0.028
2026-02-01,KE,55-64,0.010
2026-02-01,KE,65+,0.020
2026-02-01,KG,18-24,0.439
2026-02-01,KG,25-34,0.327
2026-02-01,KG,35-44,0.139
2026-02-01,KG,45-54,0.037
2026-02-01,KG,55-64,0.019
2026-02-01,KG,65+,0.039
2026-02-01,KH,18-24,0.405
2026-02-01,KH,25-34,0.442
2026-02-01,KH,35-44,0.109
2026-02-01,KH,45-54,0.033
2026-02-01,KH,55-64,0.002
2026-02-01,KH,65+,0.008
2026-02-01,KR,18-24,0.158
2026-02-01,KR,25-34,0.340
2026-02-01,KR,35-44,0.257
2026-02-01,KR,45-54,0.143
2026-02-01,KR,55-64,0.072
2026-02-01,KR,65+,0.031
2026-02-01,KW,18-24,0.262
2026-02-01,KW,25-34,0.416
2026-02-01,KW,35-44,0.241
2026-02-01,KW,45-54,0.042
2026-02-01,KW,55-64,0.018
2026-02-01,KW,65+,0.021
2026-02-01,KZ,18-24,0.381
2026-02-01,KZ,25-34,0.338
2026-02-01,KZ,35-44,0.162
2026-02-01,KZ,45-54,0.068
2026-02-01,KZ,55-64,0.021
2026-02-01,KZ,65+,0.029
2026-02-01,LB,18-24,0.310
2026-02-01,LB,25-34,0.326
2026-02-01,LB,35-44,0.194
2026-02-01,LB,45-54,0.080
2026-02-01,LB,55-64,0.049
2026-02-01,LB,65+,0.040
2026-02-01,LK,18-24,0.436
2026-02-01,LK,25-34,0.342
2026-02-01,LK,35-44,0.141
2026-02-01,LK,45-54,0.053
2026-02-01,LK,55-64,0.014
2026-02-01,LK,65+,0.014
2026-02-01,LT,18-24,0.235
2026-02-01,LT,25-34,0.358
2026-02-01,LT,35-44,0.219
2026-02-01,LT,45-54,0.138
2026-02-01,LT,55-64,0.044
2026-02-01,LT,65+,0.007
2026-02-01,LV,18-24,0.201
2026-02-01,LV,25-34,0.330
2026-02-01,LV,35-44,0.245
2026-02-01,LV,45-54,0.133
2026-02-01,LV,55-64,0.045
2026-02-01,LV,65+,0.047
2026-02-01,LY,18-24,0.398
2026-02-01,LY,25-34,0.345
2026-02-01,LY,35-44,0.140
2026-02-01,LY,45-54,0.073
2026-02-01,LY,55-64,0.016
2026-02-01,LY,65+,0.029
2026-02-01,MA,18-24,0.376
2026-02-01,MA,25-34,0.358
2026-02-01,MA,35-44,0.139
2026-02-01,MA,45-54,0.050
2026-02-01,MA,55-64,0.031
2026-02-01,MA,65+,0.046
2026-02-01,MD,18-24,0.380
2026-02-01,MD,25-34,0.327
2026-02-01,MD,35-44,0.134
2026-02-01,MD,45-54,0.083
2026-02-01,MD,55-64,0.057
2026-02-01,MD,65+,0.019
2026-02-01,MG,18-24,0.470
2026-02-01,MG,25-34,0.319
2026-02-01,MG,35-44,0.107
2026-02-01,MG,45-54,0.064
2026-02-01,MG,55-64,0.041
2026-02-01,MG,65+,0.000
2026-02-01,MK,18-24,0.165
2026-02-01,MK,25-34,0.349
2026-02-01,MK,35-44,0.212
2026-02-01,MK,45-54,0.085
2026-02-01,MK,55-64,0.086
2026-02-01,MK,65+,0.102
2026-02-01,MM,18-24,0.534
2026-02-01,MM,25-34,0.334
2026-02-01,MM,35-44,0.072
2026-02-01,MM,45-54,0.020
2026-02-01,MM,55-64,0.011
2026-02-01,MM,65+,0.029
2026-02-01,MN,18-24,0.335
2026-02-01,MN,25-34,0.364
2026-02-01,MN,35-44,0.170
2026-02-01,MN,45-54,0.072
2026-02-01,MN,55-64,0.011
2026-02-01,MN,65+,0.047
2026-02-01,MX,18-24,0.378
2026-02-01,MX,25-34,0.380
2026-02-01,MX,35-44,0.146
2026-02-01,MX,45-54,0.061
2026-02-01,MX,55-64,0.020
2026-02-01,MX,65+,0.015
2026-02-01,MY,18-24,0.299
2026-02-01,MY,25-34,0.394
2026-02-01,MY,35-44,0.198
2026-02-01,MY,45-54,0.070
2026-02-01,MY,55-64,0.019
2026-02-01,MY,65+,0.019
2026-02-01,MZ,18-24,0.403
2026-02-01,MZ,25-34,0.364
2026-02-01,MZ,35-44,0.093
2026-02-01,MZ,45-54,0.000
2026-02-01,MZ,55-64,0.031
2026-02-01,MZ,65+,0.109
2026-02-01,NG,18-24,0.446
2026-02-01,NG,25-34,0.379
2026-02-01,NG,35-44,0.097
2026-02-01,NG,45-54,0.044
2026-02-01,NG,55-64,0.013
2026-02-01,NG,65+,0.020
2026-02-01,NI,18-24,0.396
2026-02-01,NI,25-34,0.311
2026-02-01,NI,35-44,0.135
2026-02-01,NI,45-54,0.077
2026-02-01,NI,55-64,0.000
2026-02-01,NI,65+,0.081
2026-02-01,NL,18-24,0.266
2026-02-01,NL,25-34,0.381
2026-02-01,NL,35-44,0.197
2026-02-01,NL,45-54,0.089
2026-02-01,NL,55-64,0.045
2026-02-01,NL,65+,0.022
2026-02-01,NO,18-24,0.215
2026-02-01,NO,25-34,0.377
2026-02-01,NO,35-44,0.208
2026-02-01,NO,45-54,0.143
2026-02-01,NO,55-64,0.048
2026-02-01,NO,65+,0.009
2026-02-01,NP,18-24,0.456
2026-02-01,NP,25-34,0.321
2026-02-01,NP,35-44,0.106
2026-02-01,NP,45-54,0.031
2026-02-01,NP,55-64,0.016
2026-02-01,NP,65+,0.070
2026-02-01,NZ,18-24,0.153
2026-02-01,NZ,25-34,0.354
2026-02-01,NZ,35-44,0.239
2026-02-01,NZ,45-54,0.117
2026-02-01,NZ,55-64,0.096
2026-02-01,NZ,65+,0.042
2026-02-01,OM,18-24,0.358
2026-02-01,OM,25-34,0.376
2026-02-01,OM,35-44,0.140
2026-02-01,OM,45-54,0.088
2026-02-01,OM,55-64,0.024
2026-02-01,OM,65+,0.014
2026-02-01,PA,18-24,0.310
2026-02-01,PA,25-34,0.350
2026-02-01,PA,35-44,0.189
2026-02-01,PA,45-54,0.088
2026-02-01,PA,55-64,0.039
2026-02-01,PA,65+,0.024
2026-02-01,PE,18-24,0.311
2026-02-01,PE,25-34,0.400
2026-02-01,PE,35-44,0.170
2026-02-01,PE,45-54,0.070
2026-02-01,PE,55-64,0.025
2026-02-01,PE,65+,0.024
2026-02-01,PH,18-24,0.407
2026-02-01,PH,25-34,0.384
2026-02-01,PH,35-44,0.129
2026-02-01,PH,45-54,0.043
2026-02-01,PH,55-64,0.018
2026-02-01,PH,65+,0.018
2026-02-01,PK,18-24,0.475
2026-02-01,PK,25-34,0.347
2026-02-01,PK,35-44,0.107
2026-02-01,PK,45-54,0.033
2026-02-01,PK,55-64,0.013
2026-02-01,PK,65+,0.025
2026-02-01,PL,18-24,0.245
2026-02-01,PL,25-34,0.386
2026-02-01,PL,35-44,0.227
2026-02-01,PL,45-54,0.088
2026-02-01,PL,55-64,0.033
2026-02-01,PL,65+,0.020
2026-02-01,PR,18-24,0.213
2026-02-01,PR,25-34,0.348
2026-02-01,PR,35-44,0.170
2026-02-01,PR,45-54,0.159
2026-02-01,PR,55-64,0.062
2026-02-01,PR,65+,0.048
2026-02-01,PS,18-24,0.406
2026-02-01,PS,25-34,0.376
2026-02-01,PS,35-44,0.143
2026-02-01,PS,45-54,0.038
2026-02-01,PS,55-64,0.022
2026-02-01,PS,65+,0.015
2026-02-01,PT,18-24,0.191
2026-02-01,PT,25-34,0.340
2026-02-01,PT,35-44,0.227
2026-02-01,PT,45-54,0.153
2026-02-01,PT,55-64,0.057
2026-02-01,PT,65+,0.033
2026-02-01,PY,18-24,0.371
2026-02-01,PY,25-34,0.342
2026-02-01,PY,35-44,0.197
2026-02-01,PY,45-54,0.070
2026-02-01,PY,55-64,0.000
2026-02-01,PY,65+,0.020
2026-02-01,QA,18-24,0.207
2026-02-01,QA,25-34,0.440
2026-02-01,QA,35-44,0.247
2026-02-01,QA,45-54,0.080
2026-02-01,QA,55-64,0.022
2026-02-01,QA,65+,0.004
2026-02-01,RE,18-24,0.262
2026-02-01,RE,25-34,0.305
2026-02-01,RE,35-44,0.277
2026-02-01,RE,45-54,0.056
2026-02-01,RE,55-64,0.081
2026-02-01,RE,65+,0.019
2026-02-01,RO,18-24,0.244
2026-02-01,RO,25-34,0.357
2026-02-01,RO,35-44,0.208
2026-02-01,RO,45-54,0.114
2026-02-01,RO,55-64,0.046
2026-02-01,RO,65+,0.032
2026-02-01,RS,18-24,0.213
2026-02-01,RS,25-34,0.345
2026-02-01,RS,35-44,0.231
2026-02-01,RS,45-54,0.131
2026-02-01,RS,55-64,0.054
2026-02-01,RS,65+,0.026
2026-02-01,RW,18-24,0.437
2026-02-01,RW,25-34,0.317
2026-02-01,RW,35-44,0.126
2026-02-01,RW,45-54,0.071
2026-02-01,RW,55-64,0.034
2026-02-01,RW,65+,0.015
2026-02-01,SA,18-24,0.316
2026-02-01,SA,25-34,0.437
2026-02-01,SA,35-44,0.164
2026-02-01,SA,45-54,0.048
2026-02-01,SA,55-64,0.015
2026-02-01,SA,65+,0.020
2026-02-01,SD,18-24,0.536
2026-02-01,SD,25-34,0.314
2026-02-01,SD,35-44,0.049
2026-02-01,SD,45-54,0.086
2026-02-01,SD,55-64,0.016
2026-02-01,SD,65+,0.000
2026-02-01,SE,18-24,0.237
2026-02-01,SE,25-34,0.351
2026-02-01,SE,35-44,0.211
2026-02-01,SE,45-54,0.110
2026-02-01,SE,55-64,0.061
2026-02-01,SE,65+,0.030
2026-02-01,SG,18-24,0.223
2026-02-01,SG,25-34,0.443
2026-02-01,SG,35-44,0.224
2026-02-01,SG,45-54,0.075
2026-02-01,SG,55-64,0.022
2026-02-01,SG,65+,0.014
2026-02-01,SI,18-24,0.192
2026-02-01,SI,25-34,0.338
2026-02-01,SI,35-44,0.244
2026-02-01,SI,45-54,0.120
2026-02-01,SI,55-64,0.062
2026-02-01,SI,65+,0.043
2026-02-01,SK,18-24,0.182
2026-02-01,SK,25-34,0.384
2026-02-01,SK,35-44,0.193
2026-02-01,SK,45-54,0.157
2026-02-01,SK,55-64,0.041
2026-02-01,SK,65+,0.043
2026-02-01,SN,18-24,0.496
2026-02-01,SN,25-34,0.375
2026-02-01,SN,35-44,0.100
2026-02-01,SN,45-54,0.028
2026-02-01,SN,55-64,0.000
2026-02-01,SN,65+,0.000
2026-02-01,SO,18-24,0.422
2026-02-01,SO,25-34,0.348
2026-02-01,SO,35-44,0.099
2026-02-01,SO,45-54,0.032
2026-02-01,SO,55-64,0.016
2026-02-01,SO,65+,0.082
2026-02-01,SV,18-24,0.429
2026-02-01,SV,25-34,0.367
2026-02-01,SV,35-44,0.129
2026-02-01,SV,45-54,0.006
2026-02-01,SV,55-64,0.058
2026-02-01,SV,65+,0.010
2026-02-01,TH,18-24,0.369
2026-02-01,TH,25-34,0.353
2026-02-01,TH,35-44,0.153
2026-02-01,TH,45-54,0.071
2026-02-01,TH,55-64,0.024
2026-02-01,TH,65+,0.030
2026-02-01,TJ,18-24,0.400
2026-02-01,TJ,25-34,0.324
2026-02-01,TJ,35-44,0.125
2026-02-01,TJ,45-54,0.084
2026-02-01,TJ,55-64,0.025
2026-02-01,TJ,65+,0.042
2026-02-01,TN,18-24,0.359
2026-02-01,TN,25-34,0.347
2026-02-01,TN,35-44,0.161
2026-02-01,TN,45-54,0.070
2026-02-01,TN,55-64,0.022
2026-02-01,TN,65+,0.042
2026-02-01,TR,18-24,0.320
2026-02-01,TR,25-34,0.381
2026-02-01,TR,35-44,0.180
2026-02-01,TR,45-54,0.077
2026-02-01,TR,55-64,0.023
2026-02-01,TR,65+,0.020
2026-02-01,TW,18-24,0.159
2026-02-01,TW,25-34,0.409
2026-02-01,TW,35-44,0.260
2026-02-01,TW,45-54,0.114
2026-02-01,TW,55-64,0.039
2026-02-01,TW,65+,0.019
2026-02-01,TZ,18-24,0.500
2026-02-01,TZ,25-34,0.348
2026-02-01,TZ,35-44,0.105
2026-02-01,TZ,45-54,0.032
2026-02-01,TZ,55-64,0.000
2026-02-01,TZ,65+,0.015
2026-02-01,UA,18-24,0.266
2026-02-01,UA,25-34,0.391
2026-02-01,UA,35-44,0.205
2026-02-01,UA,45-54,0.081
2026-02-01,UA,55-64,0.033
2026-02-01,UA,65+,0.024
2026-02-01,UG,18-24,0.442
2026-02-01,UG,25-34,0.452
2026-02-01,UG,35-44,0.099
2026-02-01,UG,45-54,0.000
2026-02-01,UG,55-64,0.000
2026-02-01,UG,65+,0.007
2026-02-01,US,18-24,0.257
2026-02-01,US,25-34,0.336
2026-02-01,US,35-44,0.202
2026-02-01,US,45-54,0.120
2026-02-01,US,55-64,0.057
2026-02-01,US,65+,0.027
2026-02-01,UY,18-24,0.255
2026-02-01,UY,25-34,0.407
2026-02-01,UY,35-44,0.197
2026-02-01,UY,45-54,0.097
2026-02-01,UY,55-64,0.041
2026-02-01,UY,65+,0.004
2026-02-01,UZ,18-24,0.403
2026-02-01,UZ,25-34,0.309
2026-02-01,UZ,35-44,0.166
2026-02-01,UZ,45-54,0.051
2026-02-01,UZ,55-64,0.034
2026-02-01,UZ,65+,0.036
2026-02-01,VN,18-24,0.363
2026-02-01,VN,25-34,0.407
2026-02-01,VN,35-44,0.157
2026-02-01,VN,45-54,0.043
2026-02-01,VN,55-64,0.016
2026-02-01,VN,65+,0.015
2026-02-01,YE,18-24,0.460
2026-02-01,YE,25-34,0.342
2026-02-01,YE,35-44,0.122
2026-02-01,YE,45-54,0.025
2026-02-01,YE,55-64,0.010
2026-02-01,YE,65+,0.041
2026-02-01,ZA,18-24,0.325
2026-02-01,ZA,25-34,0.353
2026-02-01,ZA,35-44,0.190
2026-02-01,ZA,45-54,0.073
2026-02-01,ZA,55-64,0.036
2026-02-01,ZA,65+,0.023
2026-03-01,AE,18-24,0.180
2026-03-01,AE,25-34,0.467
2026-03-01,AE,35-44,0.232
2026-03-01,AE,45-54,0.085
2026-03-01,AE,55-64,0.019
2026-03-01,AE,65+,0.017
2026-03-01,AF,18-24,0.408
2026-03-01,AF,25-34,0.353
2026-03-01,AF,35-44,0.084
2026-03-01,AF,45-54,0.033
2026-03-01,AF,55-64,0.010
2026-03-01,AF,65+,0.112
2026-03-01,AL,18-24,0.253
2026-03-01,AL,25-34,0.364
2026-03-01,AL,35-44,0.198
2026-03-01,AL,45-54,0.100
2026-03-01,AL,55-64,0.050
2026-03-01,AL,65+,0.034
2026-03-01,AM,18-24,0.315
2026-03-01,AM,25-34,0.372
2026-03-01,AM,35-44,0.181
2026-03-01,AM,45-54,0.069
2026-03-01,AM,55-64,0.038
2026-03-01,AM,65+,0.024
2026-03-01,AO,18-24,0.437
2026-03-01,AO,25-34,0.385
2026-03-01,AO,35-44,0.096
2026-03-01,AO,45-54,0.060
2026-03-01,AO,55-64,0.011
2026-03-01,AO,65+,0.012
2026-03-01,AR,18-24,0.254
2026-03-01,AR,25-34,0.348
2026-03-01,AR,35-44,0.206
2026-03-01,AR,45-54,0.111
2026-03-01,AR,55-64,0.048
2026-03-01,AR,65+,0.034
2026-03-01,AT,18-24,0.248
2026-03-01,AT,25-34,0.390
2026-03-01,AT,35-44,0.202
2026-03-01,AT,45-54,0.100
2026-03-01,AT,55-64,0.045
2026-03-01,AT,65+,0.016
2026-03-01,AU,18-24,0.242
2026-03-01,AU,25-34,0.364
2026-03-01,AU,35-44,0.219
2026-03-01,AU,45-54,0.111
2026-03-01,AU,55-64,0.043
2026-03-01,AU,65+,0.021
2026-03-01,AZ,18-24,0.291
2026-03-01,AZ,25-34,0.366
2026-03-01,AZ,35-44,0.191
2026-03-01,AZ,45-54,0.075
2026-03-01,AZ,55-64,0.036
2026-03-01,AZ,65+,0.042
2026-03-01,BA,18-24,0.283
2026-03-01,BA,25-34,0.341
2026-03-01,BA,35-44,0.207
2026-03-01,BA,45-54,0.112
2026-03-01,BA,55-64,0.014
2026-03-01,BA,65+,0.043
2026-03-01,BD,18-24,0.498
2026-03-01,BD,25-34,0.332
2026-03-01,BD,35-44,0.103
2026-03-01,BD,45-54,0.033
2026-03-01,BD,55-64,0.016
2026-03-01,BD,65+,0.018
2026-03-01,BE,18-24,0.236
2026-03-01,BE,25-34,0.347
2026-03-01,BE,35-44,0.235
2026-03-01,BE,45-54,0.112
2026-03-01,BE,55-64,0.050
2026-03-01,BE,65+,0.019
2026-03-01,BG,18-24,0.210
2026-03-01,BG,25-34,0.316
2026-03-01,BG,35-44,0.268
2026-03-01,BG,45-54,0.117
2026-03-01,BG,55-64,0.070
2026-03-01,BG,65+,0.018
2026-03-01,BH,18-24,0.292
2026-03-01,BH,25-34,0.390
2026-03-01,BH,35-44,0.205
2026-03-01,BH,45-54,0.085
2026-03-01,BH,55-64,0.023
2026-03-01,BH,65+,0.005
2026-03-01,BJ,18-24,0.424
2026-03-01,BJ,25-34,0.283
2026-03-01,BJ,35-44,0.169
2026-03-01,BJ,45-54,0.084
2026-03-01,BJ,55-64,0.032
2026-03-01,BJ,65+,0.007
2026-03-01,BO,18-24,0.449
2026-03-01,BO,25-34,0.359
2026-03-01,BO,35-44,0.096
2026-03-01,BO,45-54,0.047
2026-03-01,BO,55-64,0.016
2026-03-01,BO,65+,0.033
2026-03-01,BR,18-24,0.254
2026-03-01,BR,25-34,0.377
2026-03-01,BR,35-44,0.216
2026-03-01,BR,45-54,0.098
2026-03-01,BR,55-64,0.034
2026-03-01,BR,65+,0.022
2026-03-01,CA,18-24,0.235
2026-03-01,CA,25-34,0.337
2026-03-01,CA,35-44,0.228
2026-03-01,CA,45-54,0.118
2026-03-01,CA,55-64,0.052
2026-03-01,CA,65+,0.029
2026-03-01,CD,18-24,0.484
2026-03-01,CD,25-34,0.317
2026-03-01,CD,35-44,0.098
2026-03-01,CD,45-54,0.034
2026-03-01,CD,55-64,0.022
2026-03-01,CD,65+,0.045
2026-03-01,CH,18-24,0.221
2026-03-01,CH,25-34,0.336
2026-03-01,CH,35-44,0.230
2026-03-01,CH,45-54,0.132
2026-03-01,CH,55-64,0.061
2026-03-01,CH,65+,0.020
2026-03-01,CI,18-24,0.392
2026-03-01,CI,25-34,0.372
2026-03-01,CI,35-44,0.128
2026-03-01,CI,45-54,0.061
2026-03-01,CI,55-64,0.019
2026-03-01,CI,65+,0.028
2026-03-01,CL,18-24,0.238
2026-03-01,CL,25-34,0.385
2026-03-01,CL,35-44,0.220
2026-03-01,CL,45-54,0.100
2026-03-01,CL,55-64,0.034
2026-03-01,CL,65+,0.022
2026-03-01,CM,18-24,0.430
2026-03-01,CM,25-34,0.408
2026-03-01,CM,35-44,0.119
2026-03-01,CM,45-54,0.041
2026-03-01,CM,55-64,0.000
2026-03-01,CM,65+,0.002
2026-03-01,CO,18-24,0.292
2026-03-01,CO,25-34,0.384
2026-03-01,CO,35-44,0.193
2026-03-01,CO,45-54,0.082
2026-03-01,CO,55-64,0.030
2026-03-01,CO,65+,0.019
2026-03-01,CR,18-24,0.277
2026-03-01,CR,25-34,0.418
2026-03-01,CR,35-44,0.176
2026-03-01,CR,45-54,0.067
2026-03-01,CR,55-64,0.050
2026-03-01,CR,65+,0.012
2026-03-01,CY,18-24,0.189
2026-03-01,CY,25-34,0.370
2026-03-01,CY,35-44,0.262
2026-03-01,CY,45-54,0.107
2026-03-01,CY,55-64,0.072
2026-03-01,CY,65+,0.000
2026-03-01,CZ,18-24,0.233
2026-03-01,CZ,25-34,0.333
2026-03-01,CZ,35-44,0.230
2026-03-01,CZ,45-54,0.134
2026-03-01,CZ,55-64,0.044
2026-03-01,CZ,65+,0.027
2026-03-01,DE,18-24,0.221
2026-03-01,DE,25-34,0.382
2026-03-01,DE,35-44,0.217
2026-03-01,DE,45-54,0.106
2026-03-01,DE,55-64,0.049
2026-03-01,DE,65+,0.024
2026-03-01,DK,18-24,0.196
2026-03-01,DK,25-34,0.345
2026-03-01,DK,35-44,0.216
2026-03-01,DK,45-54,0.141
2026-03-01,DK,55-64,0.077
2026-03-01,DK,65+,0.026
2026-03-01,DO,18-24,0.327
2026-03-01,DO,25-34,0.405
2026-03-01,DO,35-44,0.151
2026-03-01,DO,45-54,0.061
2026-03-01,DO,55-64,0.034
2026-03-01,DO,65+,0.022
2026-03-01,DZ,18-24,0.371
2026-03-01,DZ,25-34,0.337
2026-03-01,DZ,35-44,0.149
2026-03-01,DZ,45-54,0.067
2026-03-01,DZ,55-64,0.030
2026-03-01,DZ,65+,0.046
2026-03-01,EC,18-24,0.323
2026-03-01,EC,25-34,0.387
2026-03-01,EC,35-44,0.154
2026-03-01,EC,45-54,0.092
2026-03-01,EC,55-64,0.014
2026-03-01,EC,65+,0.030
2026-03-01,EE,18-24,0.172
2026-03-01,EE,25-34,0.371
2026-03-01,EE,35-44,0.168
2026-03-01,EE,45-54,0.176
2026-03-01,EE,55-64,0.088
2026-03-01,EE,65+,0.025
2026-03-01,EG,18-24,0.414
2026-03-01,EG,25-34,0.353
2026-03-01,EG,35-44,0.138
2026-03-01,EG,45-54,0.052
2026-03-01,EG,55-64,0.020
2026-03-01,EG,65+,0.024
2026-03-01,ES,18-24,0.211
2026-03-01,ES,25-34,0.343
2026-03-01,ES,35-44,0.223
2026-03-01,ES,45-54,0.146
2026-03-01,ES,55-64,0.055
2026-03-01,ES,65+,0.022
2026-03-01,ET,18-24,0.371
2026-03-01,ET,25-34,0.395
2026-03-01,ET,35-44,0.151
2026-03-01,ET,45-54,0.043
2026-03-01,ET,55-64,0.000
2026-03-01,ET,65+,0.041
2026-03-01,FI,18-24,0.223
2026-03-01,FI,25-34,0.391
2026-03-01,FI,35-44,0.208
2026-03-01,FI,45-54,0.122
2026-03-01,FI,55-64,0.040
2026-03-01,FI,65+,0.016
2026-03-01,FR,18-24,0.255
2026-03-01,FR,25-34,0.338
2026-03-01,FR,35-44,0.209
2026-03-01,FR,45-54,0.113
2026-03-01,FR,55-64,0.056
2026-03-01,FR,65+,0.029
2026-03-01,GB,18-24,0.240
2026-03-01,GB,25-34,0.340
2026-03-01,GB,35-44,0.224
2026-03-01,GB,45-54,0.119
2026-03-01,GB,55-64,0.056
2026-03-01,GB,65+,0.020
2026-03-01,GE,18-24,0.282
2026-03-01,GE,25-34,0.370
2026-03-01,GE,35-44,0.213
2026-03-01,GE,45-54,0.085
2026-03-01,GE,55-64,0.045
2026-03-01,GE,65+,0.005
2026-03-01,GH,18-24,0.444
2026-03-01,GH,25-34,0.327
2026-03-01,GH,35-44,0.151
2026-03-01,GH,45-54,0.048
2026-03-01,GH,55-64,0.012
2026-03-01,GH,65+,0.018
2026-03-01,GR,18-24,0.198
2026-03-01,GR,25-34,0.309
2026-03-01,GR,35-44,0.248
2026-03-01,GR,45-54,0.152
2026-03-01,GR,55-64,0.055
2026-03-01,GR,65+,0.038
2026-03-01,GT,18-24,0.390
2026-03-01,GT,25-34,0.382
2026-03-01,GT,35-44,0.124
2026-03-01,GT,45-54,0.041
2026-03-01,GT,55-64,0.022
2026-03-01,GT,65+,0.041
2026-03-01,HN,18-24,0.306
2026-03-01,HN,25-34,0.371
2026-03-01,HN,35-44,0.182
2026-03-01,HN,45-54,0.075
2026-03-01,HN,55-64,0.004
2026-03-01,HN,65+,0.062
2026-03-01,HR,18-24,0.184
2026-03-01,HR,25-34,0.339
2026-03-01,HR,35-44,0.267
2026-03-01,HR,45-54,0.115
2026-03-01,HR,55-64,0.042
2026-03-01,HR,65+,0.053
2026-03-01,HT,18-24,0.372
2026-03-01,HT,25-34,0.328
2026-03-01,HT,35-44,0.099
2026-03-01,HT,45-54,0.043
2026-03-01,HT,55-64,0.066
2026-03-01,HT,65+,0.092
2026-03-01,HU,18-24,0.204
2026-03-01,HU,25-34,0.363
2026-03-01,HU,35-44,0.213
2026-03-01,HU,45-54,0.139
2026-03-01,HU,55-64,0.050
2026-03-01,HU,65+,0.029
2026-03-01,ID,18-24,0.452
2026-03-01,ID,25-34,0.371
2026-03-01,ID,35-44,0.102
2026-03-01,ID,45-54,0.045
2026-03-01,ID,55-64,0.015
2026-03-01,ID,65+,0.015
2026-03-01,IE,18-24,0.236
2026-03-01,IE,25-34,0.370
2026-03-01,IE,35-44,0.226
2026-03-01,IE,45-54,0.102
2026-03-01,IE,55-64,0.036
2026-03-01,IE,65+,0.030
2026-03-01,IL,18-24,0.259
2026-03-01,IL,25-34,0.321
2026-03-01,IL,35-44,0.182
2026-03-01,IL,45-54,0.142
2026-03-01,IL,55-64,0.044
2026-03-01,IL,65+,0.052
2026-03-01,IN,18-24,0.460
2026-03-01,IN,25-34,0.328
2026-03-01,IN,35-44,0.135
2026-03-01,IN,45-54,0.043
2026-03-01,IN,55-64,0.015
2026-03-01,IN,65+,0.020
2026-03-01,IQ,18-24,0.410
2026-03-01,IQ,25-34,0.377
2026-03-01,IQ,35-44,0.099
2026-03-01,IQ,45-54,0.055
2026-03-01,IQ,55-64,0.017
2026-03-01,IQ,65+,0.041
2026-03-01,IT,18-24,0.231
2026-03-01,IT,25-34,0.341
2026-03-01,IT,35-44,0.200
2026-03-01,IT,45-54,0.136
2026-03-01,IT,55-64,0.065
2026-03-01,IT,65+,0.028
2026-03-01,JO,18-24,0.365
2026-03-01,JO,25-34,0.360
2026-03-01,JO,35-44,0.133
2026-03-01,JO,45-54,0.076
2026-03-01,JO,55-64,0.020
2026-03-01,JO,65+,0.046
2026-03-01,JP,18-24,0.228
2026-03-01,JP,25-34,0.329
2026-03-01,JP,35-44,0.208
2026-03-01,JP,45-54,0.151
2026-03-01,JP,55-64,0.063
2026-03-01,JP,65+,0.020
2026-03-01,KE,18-24,0.492
2026-03-01,KE,25-34,0.323
2026-03-01,KE,35-44,0.117
2026-03-01,KE,45-54,0.042
2026-03-01,KE,55-64,0.009
2026-03-01,KE,65+,0.017
2026-03-01,KG,18-24,0.443
2026-03-01,KG,25-34,0.345
2026-03-01,KG,35-44,0.139
2026-03-01,KG,45-54,0.051
2026-03-01,KG,55-64,0.000
2026-03-01,KG,65+,0.022
2026-03-01,KH,18-24,0.346
2026-03-01,KH,25-34,0.387
2026-03-01,KH,35-44,0.217
2026-03-01,KH,45-54,0.028
2026-03-01,KH,55-64,0.011
2026-03-01,KH,65+,0.010
2026-03-01,KR,18-24,0.185
2026-03-01,KR,25-34,0.336
2026-03-01,KR,35-44,0.240
2026-03-01,KR,45-54,0.141
2026-03-01,KR,55-64,0.067
2026-03-01,KR,65+,0.031
2026-03-01,KW,18-24,0.254
2026-03-01,KW,25-34,0.434
2026-03-01,KW,35-44,0.194
2026-03-01,KW,45-54,0.081
2026-03-01,KW,55-64,0.029
2026-03-01,KW,65+,0.008
2026-03-01,KZ,18-24,0.377
2026-03-01,KZ,25-34,0.351
2026-03-01,KZ,35-44,0.162
2026-03-01,KZ,45-54,0.056
2026-03-01,KZ,55-64,0.024
2026-03-01,KZ,65+,0.030
2026-03-01,LB,18-24,0.322
2026-03-01,LB,25-34,0.355
2026-03-01,LB,35-44,0.187
2026-03-01,LB,45-54,0.081
2026-03-01,LB,55-64,0.027
2026-03-01,LB,65+,0.027
2026-03-01,LK,18-24,0.429
2026-03-01,LK,25-34,0.352
2026-03-01,LK,35-44,0.137
2026-03-01,LK,45-54,0.069
2026-03-01,LK,55-64,0.013
2026-03-01,LK,65+,0.000
2026-03-01,LT,18-24,0.201
2026-03-01,LT,25-34,0.385
2026-03-01,LT,35-44,0.264
2026-03-01,LT,45-54,0.098
2026-03-01,LT,55-64,0.037
2026-03-01,LT,65+,0.015
2026-03-01,LV,18-24,0.204
2026-03-01,LV,25-34,0.411
2026-03-01,LV,35-44,0.251
2026-03-01,LV,45-54,0.093
2026-03-01,LV,55-64,0.041
2026-03-01,LV,65+,0.000
2026-03-01,LY,18-24,0.406
2026-03-01,LY,25-34,0.357
2026-03-01,LY,35-44,0.154
2026-03-01,LY,45-54,0.048
2026-03-01,LY,55-64,0.000
2026-03-01,LY,65+,0.035
2026-03-01,MA,18-24,0.367
2026-03-01,MA,25-34,0.375
2026-03-01,MA,35-44,0.138
2026-03-01,MA,45-54,0.051
2026-03-01,MA,55-64,0.026
2026-03-01,MA,65+,0.044
2026-03-01,MD,18-24,0.362
2026-03-01,MD,25-34,0.365
2026-03-01,MD,35-44,0.206
2026-03-01,MD,45-54,0.060
2026-03-01,MD,55-64,0.000
2026-03-01,MD,65+,0.007
2026-03-01,MG,18-24,0.515
2026-03-01,MG,25-34,0.315
2026-03-01,MG,35-44,0.129
2026-03-01,MG,45-54,0.001
2026-03-01,MG,55-64,0.019
2026-03-01,MG,65+,0.022
2026-03-01,MK,18-24,0.302
2026-03-01,MK,25-34,0.424
2026-03-01,MK,35-44,0.201
2026-03-01,MK,45-54,0.072
2026-03-01,MK,55-64,0.000
2026-03-01,MK,65+,0.000
2026-03-01,MM,18-24,0.490
2026-03-01,MM,25-34,0.343
2026-03-01,MM,35-44,0.102
2026-03-01,MM,45-54,0.036
2026-03-01,MM,55-64,0.006
2026-03-01,MM,65+,0.024
2026-03-01,MN,18-24,0.333
2026-03-01,MN,25-34,0.397
2026-03-01,MN,35-44,0.182
2026-03-01,MN,45-54,0.088
2026-03-01,MN,55-64,0.000
2026-03-01,MN,65+,0.000
2026-03-01,MX,18-24,0.363
2026-03-01,MX,25-34,0.390
2026-03-01,MX,35-44,0.146
2026-03-01,MX,45-54,0.061
2026-03-01,MX,55-64,0.023
2026-03-01,MX,65+,0.017
2026-03-01,MY,18-24,0.306
2026-03-01,MY,25-34,0.357
2026-03-01,MY,35-44,0.218
2026-03-01,MY,45-54,0.085
2026-03-01,MY,55-64,0.017
2026-03-01,MY,65+,0.018
2026-03-01,MZ,18-24,0.455
2026-03-01,MZ,25-34,0.344
2026-03-01,MZ,35-44,0.120
2026-03-01,MZ,45-54,0.029
2026-03-01,MZ,55-64,0.000
2026-03-01,MZ,65+,0.052
2026-03-01,NG,18-24,0.440
2026-03-01,NG,25-34,0.355
2026-03-01,NG,35-44,0.112
2026-03-01,NG,45-54,0.051
2026-03-01,NG,55-64,0.018
2026-03-01,NG,65+,0.025
2026-03-01,NI,18-24,0.383
2026-03-01,NI,25-34,0.342
2026-03-01,NI,35-44,0.154
2026-03-01,NI,45-54,0.067
2026-03-01,NI,55-64,0.014
2026-03-01,NI,65+,0.040
2026-03-01,NL,18-24,0.279
2026-03-01,NL,25-34,0.364
2026-03-01,NL,35-44,0.195
2026-03-01,NL,45-54,0.096
2026-03-01,NL,55-64,0.048
2026-03-01,NL,65+,0.017
2026-03-01,NO,18-24,0.233
2026-03-01,NO,25-34,0.301
2026-03-01,NO,35-44,0.238
2026-03-01,NO,45-54,0.146
2026-03-01,NO,55-64,0.063
2026-03-01,NO,65+,0.019
2026-03-01,NP,18-24,0.402
2026-03-01,NP,25-34,0.328
2026-03-01,NP,35-44,0.117
2026-03-01,NP,45-54,0.046
2026-03-01,NP,55-64,0.023
2026-03-01,NP,65+,0.083
2026-03-01,NZ,18-24,0.228
2026-03-01,NZ,25-34,0.385
2026-03-01,NZ,35-44,0.177
2026-03-01,NZ,45-54,0.120
2026-03-01,NZ,55-64,0.068
2026-03-01,NZ,65+,0.022
2026-03-01,OM,18-24,0.254
2026-03-01,OM,25-34,0.527
2026-03-01,OM,35-44,0.136
2026-03-01,OM,45-54,0.054
2026-03-01,OM,55-64,0.000
2026-03-01,OM,65+,0.029
2026-03-01,PA,18-24,0.238
2026-03-01,PA,25-34,0.402
2026-03-01,PA,35-44,0.156
2026-03-01,PA,45-54,0.120
2026-03-01,PA,55-64,0.039
2026-03-01,PA,65+,0.044
2026-03-01,PE,18-24,0.312
2026-03-01,PE,25-34,0.394
2026-03-01,PE,35-44,0.177
2026-03-01,PE,45-54,0.069
2026-03-01,PE,55-64,0.030
2026-03-01,PE,65+,0.017
2026-03-01,PH,18-24,0.403
2026-03-01,PH,25-34,0.385
2026-03-01,PH,35-44,0.125
2026-03-01,PH,45-54,0.049
2026-03-01,PH,55-64,0.018
2026-03-01,PH,65+,0.020
2026-03-01,PK,18-24,0.448
2026-03-01,PK,25-34,0.360
2026-03-01,PK,35-44,0.107
2026-03-01,PK,45-54,0.043
2026-03-01,PK,55-64,0.012
2026-03-01,PK,65+,0.030
2026-03-01,PL,18-24,0.245
2026-03-01,PL,25-34,0.381
2026-03-01,PL,35-44,0.216
2026-03-01,PL,45-54,0.106
2026-03-01,PL,55-64,0.036
2026-03-01,PL,65+,0.016
2026-03-01,PR,18-24,0.194
2026-03-01,PR,25-34,0.331
2026-03-01,PR,35-44,0.249
2026-03-01,PR,45-54,0.125
2026-03-01,PR,55-64,0.073
2026-03-01,PR,65+,0.028
2026-03-01,PS,18-24,0.351
2026-03-01,PS,25-34,0.372
2026-03-01,PS,35-44,0.139
2026-03-01,PS,45-54,0.102
2026-03-01,PS,55-64,0.000
2026-03-01,PS,65+,0.036
2026-03-01,PT,18-24,0.208
2026-03-01,PT,25-34,0.333
2026-03-01,PT,35-44,0.218
2026-03-01,PT,45-54,0.156
2026-03-01,PT,55-64,0.062
2026-03-01,PT,65+,0.023
2026-03-01,PY,18-24,0.345
2026-03-01,PY,25-34,0.408
2026-03-01,PY,35-44,0.127
2026-03-01,PY,45-54,0.093
2026-03-01,PY,55-64,0.017
2026-03-01,PY,65+,0.011
2026-03-01,QA,18-24,0.191
2026-03-01,QA,25-34,0.494
2026-03-01,QA,35-44,0.194
2026-03-01,QA,45-54,0.100
2026-03-01,QA,55-64,0.002
2026-03-01,QA,65+,0.019
2026-03-01,RE,18-24,0.322
2026-03-01,RE,25-34,0.334
2026-03-01,RE,35-44,0.199
2026-03-01,RE,45-54,0.064
2026-03-01,RE,55-64,0.037
2026-03-01,RE,65+,0.045
2026-03-01,RO,18-24,0.244
2026-03-01,RO,25-34,0.345
2026-03-01,RO,35-44,0.227
2026-03-01,RO,45-54,0.107
2026-03-01,RO,55-64,0.047
2026-03-01,RO,65+,0.030
2026-03-01,RS,18-24,0.203
2026-03-01,RS,25-34,0.399
2026-03-01,RS,35-44,0.215
2026-03-01,RS,45-54,0.124
2026-03-01,RS,55-64,0.037
2026-03-01,RS,65+,0.022
2026-03-01,RW,18-24,0.458
2026-03-01,RW,25-34,0.379
2026-03-01,RW,35-44,0.116
2026-03-01,RW,45-54,0.015
2026-03-01,RW,55-64,0.000
2026-03-01,RW,65+,0.032
2026-03-01,SA,18-24,0.300
2026-03-01,SA,25-34,0.449
2026-03-01,SA,35-44,0.160
2026-03-01,SA,45-54,0.051
2026-03-01,SA,55-64,0.015
2026-03-01,SA,65+,0.026
2026-03-01,SD,18-24,0.516
2026-03-01,SD,25-34,0.232
2026-03-01,SD,35-44,0.125
2026-03-01,SD,45-54,0.077
2026-03-01,SD,55-64,0.049
2026-03-01,SD,65+,0.000
2026-03-01,SE,18-24,0.221
2026-03-01,SE,25-34,0.358
2026-03-01,SE,35-44,0.205
2026-03-01,SE,45-54,0.127
2026-03-01,SE,55-64,0.062
2026-03-01,SE,65+,0.026
2026-03-01,SG,18-24,0.225
2026-03-01,SG,25-34,0.441
2026-03-01,SG,35-44,0.219
2026-03-01,SG,45-54,0.075
2026-03-01,SG,55-64,0.024
2026-03-01,SG,65+,0.015
2026-03-01,SI,18-24,0.226
2026-03-01,SI,25-34,0.342
2026-03-01,SI,35-44,0.264
2026-03-01,SI,45-54,0.116
2026-03-01,SI,55-64,0.052
2026-03-01,SI,65+,0.000
2026-03-01,SK,18-24,0.207
2026-03-01,SK,25-34,0.360
2026-03-01,SK,35-44,0.203
2026-03-01,SK,45-54,0.135
2026-03-01,SK,55-64,0.056
2026-03-01,SK,65+,0.040
2026-03-01,SN,18-24,0.451
2026-03-01,SN,25-34,0.387
2026-03-01,SN,35-44,0.121
2026-03-01,SN,45-54,0.035
2026-03-01,SN,55-64,0.000
2026-03-01,SN,65+,0.007
2026-03-01,SO,18-24,0.461
2026-03-01,SO,25-34,0.310
2026-03-01,SO,35-44,0.089
2026-03-01,SO,45-54,0.010
2026-03-01,SO,55-64,0.000
2026-03-01,SO,65+,0.130
2026-03-01,SV,18-24,0.377
2026-03-01,SV,25-34,0.384
2026-03-01,SV,35-44,0.084
2026-03-01,SV,45-54,0.068
2026-03-01,SV,55-64,0.044
2026-03-01,SV,65+,0.043
2026-03-01,TH,18-24,0.346
2026-03-01,TH,25-34,0.370
2026-03-01,TH,35-44,0.156
2026-03-01,TH,45-54,0.072
2026-03-01,TH,55-64,0.026
2026-03-01,TH,65+,0.031
2026-03-01,TJ,18-24,0.405
2026-03-01,TJ,25-34,0.349
2026-03-01,TJ,35-44,0.140
2026-03-01,TJ,45-54,0.073
2026-03-01,TJ,55-64,0.027
2026-03-01,TJ,65+,0.005
2026-03-01,TN,18-24,0.406
2026-03-01,TN,25-34,0.324
2026-03-01,TN,35-44,0.142
2026-03-01,TN,45-54,0.070
2026-03-01,TN,55-64,0.033
2026-03-01,TN,65+,0.025
2026-03-01,TR,18-24,0.330
2026-03-01,TR,25-34,0.372
2026-03-01,TR,35-44,0.171
2026-03-01,TR,45-54,0.081
2026-03-01,TR,55-64,0.026
2026-03-01,TR,65+,0.020
2026-03-01,TW,18-24,0.188
2026-03-01,TW,25-34,0.402
2026-03-01,TW,35-44,0.210
2026-03-01,TW,45-54,0.133
2026-03-01,TW,55-64,0.045
2026-03-01,TW,65+,0.022
2026-03-01,TZ,18-24,0.504
2026-03-01,TZ,25-34,0.333
2026-03-01,TZ,35-44,0.104
2026-03-01,TZ,45-54,0.037
2026-03-01,TZ,55-64,0.022
2026-03-01,TZ,65+,0.000
2026-03-01,UA,18-24,0.259
2026-03-01,UA,25-34,0.401
2026-03-01,UA,35-44,0.204
2026-03-01,UA,45-54,0.089
2026-03-01,UA,55-64,0.025
2026-03-01,UA,65+,0.022
2026-03-01,UG,18-24,0.460
2026-03-01,UG,25-34,0.306
2026-03-01,UG,35-44,0.137
2026-03-01,UG,45-54,0.083
2026-03-01,UG,55-64,0.000
2026-03-01,UG,65+,0.014
2026-03-01,US,18-24,0.245
2026-03-01,US,25-34,0.330
2026-03-01,US,35-44,0.216
2026-03-01,US,45-54,0.119
2026-03-01,US,55-64,0.059
2026-03-01,US,65+,0.030
2026-03-01,UY,18-24,0.180
2026-03-01,UY,25-34,0.384
2026-03-01,UY,35-44,0.281
2026-03-01,UY,45-54,0.109
2026-03-01,UY,55-64,0.034
2026-03-01,UY,65+,0.011
2026-03-01,UZ,18-24,0.403
2026-03-01,UZ,25-34,0.300
2026-03-01,UZ,35-44,0.177
2026-03-01,UZ,45-54,0.059
2026-03-01,UZ,55-64,0.023
2026-03-01,UZ,65+,0.039
2026-03-01,VN,18-24,0.384
2026-03-01,VN,25-34,0.391
2026-03-01,VN,35-44,0.158
2026-03-01,VN,45-54,0.041
2026-03-01,VN,55-64,0.012
2026-03-01,VN,65+,0.014
2026-03-01,YE,18-24,0.436
2026-03-01,YE,25-34,0.364
2026-03-01,YE,35-44,0.113
2026-03-01,YE,45-54,0.069
2026-03-01,YE,55-64,0.018
2026-03-01,YE,65+,0.000
2026-03-01,ZA,18-24,0.343
2026-03-01,ZA,25-34,0.359
2026-03-01,ZA,35-44,0.163
2026-03-01,ZA,45-54,0.078
2026-03-01,ZA,55-64,0.038
2026-03-01,ZA,65+,0.019
2026-03-01,ZM,18-24,0.372
2026-03-01,ZM,25-34,0.325
2026-03-01,ZM,35-44,0.201
2026-03-01,ZM,45-54,0.088
2026-03-01,ZM,55-64,0.014
2026-03-01,ZM,65+,0.000
2026-03-01,ZW,18-24,0.349
2026-03-01,ZW,25-34,0.379
2026-03-01,ZW,35-44,0.190
2026-03-01,ZW,45-54,0.060
2026-03-01,ZW,55-64,0.000
2026-03-01,ZW,65+,0.022
2026-04-01,AE,18-24,0.173
2026-04-01,AE,25-34,0.477
2026-04-01,AE,35-44,0.242
2026-04-01,AE,45-54,0.078
2026-04-01,AE,55-64,0.012
2026-04-01,AE,65+,0.018
2026-04-01,AF,18-24,0.423
2026-04-01,AF,25-34,0.350
2026-04-01,AF,35-44,0.095
2026-04-01,AF,45-54,0.045
2026-04-01,AF,55-64,0.026
2026-04-01,AF,65+,0.062
2026-04-01,AL,18-24,0.277
2026-04-01,AL,25-34,0.448
2026-04-01,AL,35-44,0.186
2026-04-01,AL,45-54,0.051
2026-04-01,AL,55-64,0.025
2026-04-01,AL,65+,0.014
2026-04-01,AM,18-24,0.323
2026-04-01,AM,25-34,0.304
2026-04-01,AM,35-44,0.189
2026-04-01,AM,45-54,0.098
2026-04-01,AM,55-64,0.030
2026-04-01,AM,65+,0.057
2026-04-01,AO,18-24,0.407
2026-04-01,AO,25-34,0.352
2026-04-01,AO,35-44,0.129
2026-04-01,AO,45-54,0.056
2026-04-01,AO,55-64,0.041
2026-04-01,AO,65+,0.016
2026-04-01,AR,18-24,0.277
2026-04-01,AR,25-34,0.353
2026-04-01,AR,35-44,0.187
2026-04-01,AR,45-54,0.109
2026-04-01,AR,55-64,0.045
2026-04-01,AR,65+,0.028
2026-04-01,AT,18-24,0.192
2026-04-01,AT,25-34,0.390
2026-04-01,AT,35-44,0.226
2026-04-01,AT,45-54,0.125
2026-04-01,AT,55-64,0.055
2026-04-01,AT,65+,0.012
2026-04-01,AU,18-24,0.221
2026-04-01,AU,25-34,0.369
2026-04-01,AU,35-44,0.231
2026-04-01,AU,45-54,0.108
2026-04-01,AU,55-64,0.050
2026-04-01,AU,65+,0.021
2026-04-01,AZ,18-24,0.307
2026-04-01,AZ,25-34,0.370
2026-04-01,AZ,35-44,0.161
2026-04-01,AZ,45-54,0.094
2026-04-01,AZ,55-64,0.045
2026-04-01,AZ,65+,0.023
2026-04-01,BA,18-24,0.239
2026-04-01,BA,25-34,0.363
2026-04-01,BA,35-44,0.198
2026-04-01,BA,45-54,0.109
2026-04-01,BA,55-64,0.052
2026-04-01,BA,65+,0.040
2026-04-01,BD,18-24,0.493
2026-04-01,BD,25-34,0.352
2026-04-01,BD,35-44,0.082
2026-04-01,BD,45-54,0.034
2026-04-01,BD,55-64,0.015
2026-04-01,BD,65+,0.024
2026-04-01,BE,18-24,0.237
2026-04-01,BE,25-34,0.363
2026-04-01,BE,35-44,0.213
2026-04-01,BE,45-54,0.121
2026-04-01,BE,55-64,0.044
2026-04-01,BE,65+,0.022
2026-04-01,BG,18-24,0.225
2026-04-01,BG,25-34,0.367
2026-04-01,BG,35-44,0.198
2026-04-01,BG,45-54,0.138
2026-04-01,BG,55-64,0.032
2026-04-01,BG,65+,0.039
2026-04-01,BH,18-24,0.310
2026-04-01,BH,25-34,0.378
2026-04-01,BH,35-44,0.202
2026-04-01,BH,45-54,0.053
2026-04-01,BH,55-64,0.028
2026-04-01,BH,65+,0.029
2026-04-01,BJ,18-24,0.442
2026-04-01,BJ,25-34,0.295
2026-04-01,BJ,35-44,0.179
2026-04-01,BJ,45-54,0.015
2026-04-01,BJ,55-64,0.000
2026-04-01,BJ,65+,0.070
2026-04-01,BO,18-24,0.450
2026-04-01,BO,25-34,0.309
2026-04-01,BO,35-44,0.111
2026-04-01,BO,45-54,0.082
2026-04-01,BO,55-64,0.010
2026-04-01,BO,65+,0.038
2026-04-01,BR,18-24,0.243
2026-04-01,BR,25-34,0.381
2026-04-01,BR,35-44,0.220
2026-04-01,BR,45-54,0.099
2026-04-01,BR,55-64,0.033
2026-04-01,BR,65+,0.023
2026-04-01,CA,18-24,0.233
2026-04-01,CA,25-34,0.351
2026-04-01,CA,35-44,0.224
2026-04-01,CA,45-54,0.114
2026-04-01,CA,55-64,0.053
2026-04-01,CA,65+,0.024
2026-04-01,CD,18-24,0.435
2026-04-01,CD,25-34,0.356
2026-04-01,CD,35-44,0.118
2026-04-01,CD,45-54,0.029
2026-04-01,CD,55-64,0.047
2026-04-01,CD,65+,0.016
2026-04-01,CH,18-24,0.218
2026-04-01,CH,25-34,0.378
2026-04-01,CH,35-44,0.209
2026-04-01,CH,45-54,0.121
2026-04-01,CH,55-64,0.053
2026-04-01,CH,65+,0.022
2026-04-01,CI,18-24,0.402
2026-04-01,CI,25-34,0.359
2026-04-01,CI,35-44,0.134
2026-04-01,CI,45-54,0.079
2026-04-01,CI,55-64,0.019
2026-04-01,CI,65+,0.007
2026-04-01,CL,18-24,0.241
2026-04-01,CL,25-34,0.388
2026-04-01,CL,35-44,0.237
2026-04-01,CL,45-54,0.087
2026-04-01,CL,55-64,0.026
2026-04-01,CL,65+,0.021
2026-04-01,CM,18-24,0.423
2026-04-01,CM,25-34,0.400
2026-04-01,CM,35-44,0.104
2026-04-01,CM,45-54,0.054
2026-04-01,CM,55-64,0.002
2026-04-01,CM,65+,0.018
2026-04-01,CO,18-24,0.265
2026-04-01,CO,25-34,0.402
2026-04-01,CO,35-44,0.200
2026-04-01,CO,45-54,0.081
2026-04-01,CO,55-64,0.033
2026-04-01,CO,65+,0.019
2026-04-01,CR,18-24,0.259
2026-04-01,CR,25-34,0.367
2026-04-01,CR,35-44,0.230
2026-04-01,CR,45-54,0.093
2026-04-01,CR,55-64,0.036
2026-04-01,CR,65+,0.016
2026-04-01,CY,18-24,0.127
2026-04-01,CY,25-34,0.304
2026-04-01,CY,35-44,0.242
2026-04-01,CY,45-54,0.245
2026-04-01,CY,55-64,0.034
2026-04-01,CY,65+,0.049
2026-04-01,CZ,18-24,0.251
2026-04-01,CZ,25-34,0.379
2026-04-01,CZ,35-44,0.201
2026-04-01,CZ,45-54,0.107
2026-04-01,CZ,55-64,0.039
2026-04-01,CZ,65+,0.022
2026-04-01,DE,18-24,0.232
2026-04-01,DE,25-34,0.388
2026-04-01,DE,35-44,0.212
2026-04-01,DE,45-54,0.102
2026-04-01,DE,55-64,0.045
2026-04-01,DE,65+,0.022
2026-04-01,DK,18-24,0.215
2026-04-01,DK,25-34,0.353
2026-04-01,DK,35-44,0.208
2026-04-01,DK,45-54,0.134
2026-04-01,DK,55-64,0.059
2026-04-01,DK,65+,0.031
2026-04-01,DO,18-24,0.315
2026-04-01,DO,25-34,0.388
2026-04-01,DO,35-44,0.164
2026-04-01,DO,45-54,0.074
2026-04-01,DO,55-64,0.034
2026-04-01,DO,65+,0.025
2026-04-01,DZ,18-24,0.383
2026-04-01,DZ,25-34,0.328
2026-04-01,DZ,35-44,0.159
2026-04-01,DZ,45-54,0.061
2026-04-01,DZ,55-64,0.026
2026-04-01,DZ,65+,0.043
2026-04-01,EC,18-24,0.314
2026-04-01,EC,25-34,0.375
2026-04-01,EC,35-44,0.179
2026-04-01,EC,45-54,0.078
2026-04-01,EC,55-64,0.017
2026-04-01,EC,65+,0.036
2026-04-01,EE,18-24,0.260
2026-04-01,EE,25-34,0.341
2026-04-01,EE,35-44,0.170
2026-04-01,EE,45-54,0.149
2026-04-01,EE,55-64,0.071
2026-04-01,EE,65+,0.010
2026-04-01,EG,18-24,0.421
2026-04-01,EG,25-34,0.364
2026-04-01,EG,35-44,0.128
2026-04-01,EG,45-54,0.048
2026-04-01,EG,55-64,0.018
2026-04-01,EG,65+,0.021
2026-04-01,ES,18-24,0.226
2026-04-01,ES,25-34,0.324
2026-04-01,ES,35-44,0.216
2026-04-01,ES,45-54,0.155
2026-04-01,ES,55-64,0.053
2026-04-01,ES,65+,0.026
2026-04-01,ET,18-24,0.324
2026-04-01,ET,25-34,0.424
2026-04-01,ET,35-44,0.142
2026-04-01,ET,45-54,0.051
2026-04-01,ET,55-64,0.008
2026-04-01,ET,65+,0.051
2026-04-01,FI,18-24,0.307
2026-04-01,FI,25-34,0.338
2026-04-01,FI,35-44,0.194
2026-04-01,FI,45-54,0.100
2026-04-01,FI,55-64,0.033
2026-04-01,FI,65+,0.029
2026-04-01,FR,18-24,0.247
2026-04-01,FR,25-34,0.354
2026-04-01,FR,35-44,0.207
2026-04-01,FR,45-54,0.115
2026-04-01,FR,55-64,0.052
2026-04-01,FR,65+,0.025
2026-04-01,GB,18-24,0.256
2026-04-01,GB,25-34,0.325
2026-04-01,GB,35-44,0.228
2026-04-01,GB,45-54,0.122
2026-04-01,GB,55-64,0.050
2026-04-01,GB,65+,0.020
2026-04-01,GE,18-24,0.302
2026-04-01,GE,25-34,0.361
2026-04-01,GE,35-44,0.195
2026-04-01,GE,45-54,0.079
2026-04-01,GE,55-64,0.026
2026-04-01,GE,65+,0.037
2026-04-01,GH,18-24,0.444
2026-04-01,GH,25-34,0.326
2026-04-01,GH,35-44,0.162
2026-04-01,GH,45-54,0.040
2026-04-01,GH,55-64,0.002
2026-04-01,GH,65+,0.027
2026-04-01,GR,18-24,0.204
2026-04-01,GR,25-34,0.332
2026-04-01,GR,35-44,0.232
2026-04-01,GR,45-54,0.137
2026-04-01,GR,55-64,0.059
2026-04-01,GR,65+,0.036
2026-04-01,GT,18-24,0.389
2026-04-01,GT,25-34,0.364
2026-04-01,GT,35-44,0.137
2026-04-01,GT,45-54,0.058
2026-04-01,GT,55-64,0.024
2026-04-01,GT,65+,0.027
2026-04-01,HN,18-24,0.376
2026-04-01,HN,25-34,0.408
2026-04-01,HN,35-44,0.137
2026-04-01,HN,45-54,0.049
2026-04-01,HN,55-64,0.010
2026-04-01,HN,65+,0.021
2026-04-01,HR,18-24,0.213
2026-04-01,HR,25-34,0.364
2026-04-01,HR,35-44,0.214
2026-04-01,HR,45-54,0.116
2026-04-01,HR,55-64,0.044
2026-04-01,HR,65+,0.049
2026-04-01,HT,18-24,0.389
2026-04-01,HT,25-34,0.401
2026-04-01,HT,35-44,0.138
2026-04-01,HT,45-54,0.017
2026-04-01,HT,55-64,0.020
2026-04-01,HT,65+,0.035
2026-04-01,HU,18-24,0.234
2026-04-01,HU,25-34,0.342
2026-04-01,HU,35-44,0.209
2026-04-01,HU,45-54,0.143
2026-04-01,HU,55-64,0.044
2026-04-01,HU,65+,0.028
2026-04-01,ID,18-24,0.474
2026-04-01,ID,25-34,0.355
2026-04-01,ID,35-44,0.099
2026-04-01,ID,45-54,0.042
2026-04-01,ID,55-64,0.016
2026-04-01,ID,65+,0.015
2026-04-01,IE,18-24,0.256
2026-04-01,IE,25-34,0.321
2026-04-01,IE,35-44,0.249
2026-04-01,IE,45-54,0.124
2026-04-01,IE,55-64,0.032
2026-04-01,IE,65+,0.019
2026-04-01,IL,18-24,0.258
2026-04-01,IL,25-34,0.313
2026-04-01,IL,35-44,0.200
2026-04-01,IL,45-54,0.132
2026-04-01,IL,55-64,0.051
2026-04-01,IL,65+,0.045
2026-04-01,IN,18-24,0.461
2026-04-01,IN,25-34,0.327
2026-04-01,IN,35-44,0.135
2026-04-01,IN,45-54,0.042
2026-04-01,IN,55-64,0.015
2026-04-01,IN,65+,0.020
2026-04-01,IQ,18-24,0.367
2026-04-01,IQ,25-34,0.391
2026-04-01,IQ,35-44,0.129
2026-04-01,IQ,45-54,0.036
2026-04-01,IQ,55-64,0.024
2026-04-01,IQ,65+,0.054
2026-04-01,IT,18-24,0.235
2026-04-01,IT,25-34,0.337
2026-04-01,IT,35-44,0.191
2026-04-01,IT,45-54,0.132
2026-04-01,IT,55-64,0.077
2026-04-01,IT,65+,0.027
2026-04-01,JM,18-24,0.192
2026-04-01,JM,25-34,0.479
2026-04-01,JM,35-44,0.205
2026-04-01,JM,45-54,0.059
2026-04-01,JM,55-64,0.041
2026-04-01,JM,65+,0.025
2026-04-01,JO,18-24,0.378
2026-04-01,JO,25-34,0.371
2026-04-01,JO,35-44,0.142
2026-04-01,JO,45-54,0.055
2026-04-01,JO,55-64,0.024
2026-04-01,JO,65+,0.030
2026-04-01,JP,18-24,0.254
2026-04-01,JP,25-34,0.341
2026-04-01,JP,35-44,0.199
2026-04-01,JP,45-54,0.136
2026-04-01,JP,55-64,0.054
2026-04-01,JP,65+,0.016
2026-04-01,KE,18-24,0.464
2026-04-01,KE,25-34,0.337
2026-04-01,KE,35-44,0.132
2026-04-01,KE,45-54,0.040
2026-04-01,KE,55-64,0.006
2026-04-01,KE,65+,0.021
2026-04-01,KG,18-24,0.410
2026-04-01,KG,25-34,0.346
2026-04-01,KG,35-44,0.145
2026-04-01,KG,45-54,0.067
2026-04-01,KG,55-64,0.023
2026-04-01,KG,65+,0.010
2026-04-01,KH,18-24,0.392
2026-04-01,KH,25-34,0.392
2026-04-01,KH,35-44,0.157
2026-04-01,KH,45-54,0.035
2026-04-01,KH,55-64,0.019
2026-04-01,KH,65+,0.004
2026-04-01,KR,18-24,0.200
2026-04-01,KR,25-34,0.330
2026-04-01,KR,35-44,0.228
2026-04-01,KR,45-54,0.146
2026-04-01,KR,55-64,0.069
2026-04-01,KR,65+,0.026
2026-04-01,KW,18-24,0.304
2026-04-01,KW,25-34,0.370
2026-04-01,KW,35-44,0.183
2026-04-01,KW,45-54,0.109
2026-04-01,KW,55-64,0.015
2026-04-01,KW,65+,0.019
2026-04-01,KZ,18-24,0.368
2026-04-01,KZ,25-34,0.343
2026-04-01,KZ,35-44,0.164
2026-04-01,KZ,45-54,0.071
2026-04-01,KZ,55-64,0.027
2026-04-01,KZ,65+,0.027
2026-04-01,LB,18-24,0.313
2026-04-01,LB,25-34,0.344
2026-04-01,LB,35-44,0.188
2026-04-01,LB,45-54,0.078
2026-04-01,LB,55-64,0.053
2026-04-01,LB,65+,0.024
2026-04-01,LK,18-24,0.431
2026-04-01,LK,25-34,0.388
2026-04-01,LK,35-44,0.111
2026-04-01,LK,45-54,0.050
2026-04-01,LK,55-64,0.020
2026-04-01,LK,65+,0.001
2026-04-01,LT,18-24,0.243
2026-04-01,LT,25-34,0.384
2026-04-01,LT,35-44,0.225
2026-04-01,LT,45-54,0.078
2026-04-01,LT,55-64,0.055
2026-04-01,LT,65+,0.016
2026-04-01,LV,18-24,0.280
2026-04-01,LV,25-34,0.329
2026-04-01,LV,35-44,0.178
2026-04-01,LV,45-54,0.149
2026-04-01,LV,55-64,0.013
2026-04-01,LV,65+,0.051
2026-04-01,LY,18-24,0.382
2026-04-01,LY,25-34,0.365
2026-04-01,LY,35-44,0.104
2026-04-01,LY,45-54,0.070
2026-04-01,LY,55-64,0.015
2026-04-01,LY,65+,0.063
2026-04-01,MA,18-24,0.387
2026-04-01,MA,25-34,0.374
2026-04-01,MA,35-44,0.119
2026-04-01,MA,45-54,0.057
2026-04-01,MA,55-64,0.028
2026-04-01,MA,65+,0.035
2026-04-01,MD,18-24,0.325
2026-04-01,MD,25-34,0.351
2026-04-01,MD,35-44,0.208
2026-04-01,MD,45-54,0.051
2026-04-01,MD,55-64,0.030
2026-04-01,MD,65+,0.035
2026-04-01,MG,18-24,0.423
2026-04-01,MG,25-34,0.368
2026-04-01,MG,35-44,0.151
2026-04-01,MG,45-54,0.049
2026-04-01,MG,55-64,0.000
2026-04-01,MG,65+,0.008
2026-04-01,MK,18-24,0.238
2026-04-01,MK,25-34,0.406
2026-04-01,MK,35-44,0.155
2026-04-01,MK,45-54,0.106
2026-04-01,MK,55-64,0.066
2026-04-01,MK,65+,0.028
2026-04-01,MM,18-24,0.492
2026-04-01,MM,25-34,0.303
2026-04-01,MM,35-44,0.096
2026-04-01,MM,45-54,0.026
2026-04-01,MM,55-64,0.032
2026-04-01,MM,65+,0.051
2026-04-01,MN,18-24,0.357
2026-04-01,MN,25-34,0.353
2026-04-01,MN,35-44,0.149
2026-04-01,MN,45-54,0.055
2026-04-01,MN,55-64,0.059
2026-04-01,MN,65+,0.027
2026-04-01,MX,18-24,0.355
2026-04-01,MX,25-34,0.382
2026-04-01,MX,35-44,0.158
2026-04-01,MX,45-54,0.065
2026-04-01,MX,55-64,0.023
2026-04-01,MX,65+,0.017
2026-04-01,MY,18-24,0.325
2026-04-01,MY,25-34,0.376
2026-04-01,MY,35-44,0.193
2026-04-01,MY,45-54,0.071
2026-04-01,MY,55-64,0.022
2026-04-01,MY,65+,0.013
2026-04-01,MZ,18-24,0.411
2026-04-01,MZ,25-34,0.399
2026-04-01,MZ,35-44,0.122
2026-04-01,MZ,45-54,0.038
2026-04-01,MZ,55-64,0.030
2026-04-01,MZ,65+,0.000
2026-04-01,NG,18-24,0.434
2026-04-01,NG,25-34,0.363
2026-04-01,NG,35-44,0.111
2026-04-01,NG,45-54,0.048
2026-04-01,NG,55-64,0.024
2026-04-01,NG,65+,0.020
2026-04-01,NI,18-24,0.382
2026-04-01,NI,25-34,0.331
2026-04-01,NI,35-44,0.152
2026-04-01,NI,45-54,0.047
2026-04-01,NI,55-64,0.000
2026-04-01,NI,65+,0.089
2026-04-01,NL,18-24,0.270
2026-04-01,NL,25-34,0.388
2026-04-01,NL,35-44,0.179
2026-04-01,NL,45-54,0.094
2026-04-01,NL,55-64,0.045
2026-04-01,NL,65+,0.024
2026-04-01,NO,18-24,0.207
2026-04-01,NO,25-34,0.316
2026-04-01,NO,35-44,0.267
2026-04-01,NO,45-54,0.124
2026-04-01,NO,55-64,0.059
2026-04-01,NO,65+,0.027
2026-04-01,NP,18-24,0.471
2026-04-01,NP,25-34,0.320
2026-04-01,NP,35-44,0.096
2026-04-01,NP,45-54,0.037
2026-04-01,NP,55-64,0.021
2026-04-01,NP,65+,0.054
2026-04-01,NZ,18-24,0.183
2026-04-01,NZ,25-34,0.406
2026-04-01,NZ,35-44,0.242
2026-04-01,NZ,45-54,0.103
2026-04-01,NZ,55-64,0.038
2026-04-01,NZ,65+,0.029
2026-04-01,OM,18-24,0.292
2026-04-01,OM,25-34,0.415
2026-04-01,OM,35-44,0.167
2026-04-01,OM,45-54,0.083
2026-04-01,OM,55-64,0.015
2026-04-01,OM,65+,0.028
2026-04-01,PA,18-24,0.262
2026-04-01,PA,25-34,0.408
2026-04-01,PA,35-44,0.214
2026-04-01,PA,45-54,0.034
2026-04-01,PA,55-64,0.036
2026-04-01,PA,65+,0.046
2026-04-01,PE,18-24,0.348
2026-04-01,PE,25-34,0.384
2026-04-01,PE,35-44,0.150
2026-04-01,PE,45-54,0.070
2026-04-01,PE,55-64,0.026
2026-04-01,PE,65+,0.023
2026-04-01,PH,18-24,0.375
2026-04-01,PH,25-34,0.399
2026-04-01,PH,35-44,0.140
2026-04-01,PH,45-54,0.048
2026-04-01,PH,55-64,0.019
2026-04-01,PH,65+,0.018
2026-04-01,PK,18-24,0.483
2026-04-01,PK,25-34,0.327
2026-04-01,PK,35-44,0.109
2026-04-01,PK,45-54,0.040
2026-04-01,PK,55-64,0.014
2026-04-01,PK,65+,0.027
2026-04-01,PL,18-24,0.237
2026-04-01,PL,25-34,0.383
2026-04-01,PL,35-44,0.220
2026-04-01,PL,45-54,0.112
2026-04-01,PL,55-64,0.025
2026-04-01,PL,65+,0.023
2026-04-01,PR,18-24,0.174
2026-04-01,PR,25-34,0.344
2026-04-01,PR,35-44,0.209
2026-04-01,PR,45-54,0.148
2026-04-01,PR,55-64,0.070
2026-04-01,PR,65+,0.055
2026-04-01,PS,18-24,0.413
2026-04-01,PS,25-34,0.374
2026-04-01,PS,35-44,0.113
2026-04-01,PS,45-54,0.050
2026-04-01,PS,55-64,0.023
2026-04-01,PS,65+,0.027
2026-04-01,PT,18-24,0.201
2026-04-01,PT,25-34,0.380
2026-04-01,PT,35-44,0.219
2026-04-01,PT,45-54,0.118
2026-04-01,PT,55-64,0.052
2026-04-01,PT,65+,0.030
2026-04-01,PY,18-24,0.304
2026-04-01,PY,25-34,0.466
2026-04-01,PY,35-44,0.160
2026-04-01,PY,45-54,0.038
2026-04-01,PY,55-64,0.014
2026-04-01,PY,65+,0.018
2026-04-01,QA,18-24,0.190
2026-04-01,QA,25-34,0.508
2026-04-01,QA,35-44,0.212
2026-04-01,QA,45-54,0.067
2026-04-01,QA,55-64,0.024
2026-04-01,QA,65+,0.000
2026-04-01,RE,18-24,0.173
2026-04-01,RE,25-34,0.377
2026-04-01,RE,35-44,0.226
2026-04-01,RE,45-54,0.098
2026-04-01,RE,55-64,0.073
2026-04-01,RE,65+,0.054
2026-04-01,RO,18-24,0.254
2026-04-01,RO,25-34,0.359
2026-04-01,RO,35-44,0.203
2026-04-01,RO,45-54,0.122
2026-04-01,RO,55-64,0.041
2026-04-01,RO,65+,0.020
2026-04-01,RS,18-24,0.237
2026-04-01,RS,25-34,0.346
2026-04-01,RS,35-44,0.215
2026-04-01,RS,45-54,0.117
2026-04-01,RS,55-64,0.031
2026-04-01,RS,65+,0.054
2026-04-01,RW,18-24,0.424
2026-04-01,RW,25-34,0.403
2026-04-01,RW,35-44,0.079
2026-04-01,RW,45-54,0.060
2026-04-01,RW,55-64,0.019
2026-04-01,RW,65+,0.015
2026-04-01,SA,18-24,0.307
2026-04-01,SA,25-34,0.449
2026-04-01,SA,35-44,0.164
2026-04-01,SA,45-54,0.047
2026-04-01,SA,55-64,0.012
2026-04-01,SA,65+,0.020
2026-04-01,SD,18-24,0.417
2026-04-01,SD,25-34,0.414
2026-04-01,SD,35-44,0.104
2026-04-01,SD,45-54,0.055
2026-04-01,SD,55-64,0.010
2026-04-01,SD,65+,0.000
2026-04-01,SE,18-24,0.217
2026-04-01,SE,25-34,0.361
2026-04-01,SE,35-44,0.218
2026-04-01,SE,45-54,0.121
2026-04-01,SE,55-64,0.052
2026-04-01,SE,65+,0.031
2026-04-01,SG,18-24,0.256
2026-04-01,SG,25-34,0.413
2026-04-01,SG,35-44,0.197
2026-04-01,SG,45-54,0.082
2026-04-01,SG,55-64,0.035
2026-04-01,SG,65+,0.017
2026-04-01,SI,18-24,0.203
2026-04-01,SI,25-34,0.340
2026-04-01,SI,35-44,0.216
2026-04-01,SI,45-54,0.154
2026-04-01,SI,55-64,0.059
2026-04-01,SI,65+,0.028
2026-04-01,SK,18-24,0.220
2026-04-01,SK,25-34,0.402
2026-04-01,SK,35-44,0.215
2026-04-01,SK,45-54,0.102
2026-04-01,SK,55-64,0.039
2026-04-01,SK,65+,0.022
2026-04-01,SN,18-24,0.465
2026-04-01,SN,25-34,0.300
2026-04-01,SN,35-44,0.113
2026-04-01,SN,45-54,0.037
2026-04-01,SN,55-64,0.029
2026-04-01,SN,65+,0.056
2026-04-01,SO,18-24,0.503
2026-04-01,SO,25-34,0.371
2026-04-01,SO,35-44,0.066
2026-04-01,SO,45-54,0.023
2026-04-01,SO,55-64,0.000
2026-04-01,SO,65+,0.037
2026-04-01,SV,18-24,0.378
2026-04-01,SV,25-34,0.433
2026-04-01,SV,35-44,0.118
2026-04-01,SV,45-54,0.054
2026-04-01,SV,55-64,0.000
2026-04-01,SV,65+,0.017
2026-04-01,TH,18-24,0.331
2026-04-01,TH,25-34,0.369
2026-04-01,TH,35-44,0.166
2026-04-01,TH,45-54,0.082
2026-04-01,TH,55-64,0.018
2026-04-01,TH,65+,0.034
2026-04-01,TJ,18-24,0.450
2026-04-01,TJ,25-34,0.257
2026-04-01,TJ,35-44,0.160
2026-04-01,TJ,45-54,0.049
2026-04-01,TJ,55-64,0.020
2026-04-01,TJ,65+,0.065
2026-04-01,TN,18-24,0.349
2026-04-01,TN,25-34,0.333
2026-04-01,TN,35-44,0.176
2026-04-01,TN,45-54,0.075
2026-04-01,TN,55-64,0.022
2026-04-01,TN,65+,0.045
2026-04-01,TR,18-24,0.319
2026-04-01,TR,25-34,0.391
2026-04-01,TR,35-44,0.172
2026-04-01,TR,45-54,0.076
2026-04-01,TR,55-64,0.020
2026-04-01,TR,65+,0.021
2026-04-01,TW,18-24,0.201
2026-04-01,TW,25-34,0.398
2026-04-01,TW,35-44,0.203
2026-04-01,TW,45-54,0.123
2026-04-01,TW,55-64,0.053
2026-04-01,TW,65+,0.023
2026-04-01,TZ,18-24,0.437
2026-04-01,TZ,25-34,0.352
2026-04-01,TZ,35-44,0.147
2026-04-01,TZ,45-54,0.035
2026-04-01,TZ,55-64,0.008
2026-04-01,TZ,65+,0.021
2026-04-01,UA,18-24,0.244
2026-04-01,UA,25-34,0.408
2026-04-01,UA,35-44,0.200
2026-04-01,UA,45-54,0.082
2026-04-01,UA,55-64,0.037
2026-04-01,UA,65+,0.030
2026-04-01,UG,18-24,0.473
2026-04-01,UG,25-34,0.389
2026-04-01,UG,35-44,0.085
2026-04-01,UG,45-54,0.052
2026-04-01,UG,55-64,0.000
2026-04-01,UG,65+,0.000
2026-04-01,US,18-24,0.238
2026-04-01,US,25-34,0.338
2026-04-01,US,35-44,0.212
2026-04-01,US,45-54,0.120
2026-04-01,US,55-64,0.062
2026-04-01,US,65+,0.030
2026-04-01,UY,18-24,0.227
2026-04-01,UY,25-34,0.390
2026-04-01,UY,35-44,0.217
2026-04-01,UY,45-54,0.108
2026-04-01,UY,55-64,0.035
2026-04-01,UY,65+,0.024
2026-04-01,UZ,18-24,0.382
2026-04-01,UZ,25-34,0.302
2026-04-01,UZ,35-44,0.198
2026-04-01,UZ,45-54,0.049
2026-04-01,UZ,55-64,0.029
2026-04-01,UZ,65+,0.039
2026-04-01,VN,18-24,0.382
2026-04-01,VN,25-34,0.388
2026-04-01,VN,35-44,0.163
2026-04-01,VN,45-54,0.042
2026-04-01,VN,55-64,0.011
2026-04-01,VN,65+,0.014
2026-04-01,YE,18-24,0.368
2026-04-01,YE,25-34,0.390
2026-04-01,YE,35-44,0.151
2026-04-01,YE,45-54,0.072
2026-04-01,YE,55-64,0.019
2026-04-01,YE,65+,0.000
2026-04-01,ZA,18-24,0.356
2026-04-01,ZA,25-34,0.348
2026-04-01,ZA,35-44,0.164
2026-04-01,ZA,45-54,0.090
2026-04-01,ZA,55-64,0.025
2026-04-01,ZA,65+,0.016
2026-04-01,ZM,18-24,0.476
2026-04-01,ZM,25-34,0.327
2026-04-01,ZM,35-44,0.073
2026-04-01,ZM,45-54,0.064
2026-04-01,ZM,55-64,0.041
2026-04-01,ZM,65+,0.019
2026-04-01,ZW,18-24,0.342
2026-04-01,ZW,25-34,0.346
2026-04-01,ZW,35-44,0.187
2026-04-01,ZW,45-54,0.084
2026-04-01,ZW,55-64,0.024
2026-04-01,ZW,65+,0.017
2026-05-01,AE,18-24,0.191
2026-05-01,AE,25-34,0.441
2026-05-01,AE,35-44,0.264
2026-05-01,AE,45-54,0.074
2026-05-01,AE,55-64,0.018
2026-05-01,AE,65+,0.013
2026-05-01,AF,18-24,0.476
2026-05-01,AF,25-34,0.288
2026-05-01,AF,35-44,0.069
2026-05-01,AF,45-54,0.038
2026-05-01,AF,55-64,0.036
2026-05-01,AF,65+,0.092
2026-05-01,AL,18-24,0.276
2026-05-01,AL,25-34,0.406
2026-05-01,AL,35-44,0.179
2026-05-01,AL,45-54,0.072
2026-05-01,AL,55-64,0.052
2026-05-01,AL,65+,0.014
2026-05-01,AM,18-24,0.308
2026-05-01,AM,25-34,0.369
2026-05-01,AM,35-44,0.211
2026-05-01,AM,45-54,0.043
2026-05-01,AM,55-64,0.031
2026-05-01,AM,65+,0.039
2026-05-01,AO,18-24,0.430
2026-05-01,AO,25-34,0.335
2026-05-01,AO,35-44,0.137
2026-05-01,AO,45-54,0.037
2026-05-01,AO,55-64,0.042
2026-05-01,AO,65+,0.019
2026-05-01,AR,18-24,0.288
2026-05-01,AR,25-34,0.339
2026-05-01,AR,35-44,0.198
2026-05-01,AR,45-54,0.119
2026-05-01,AR,55-64,0.032
2026-05-01,AR,65+,0.024
2026-05-01,AT,18-24,0.220
2026-05-01,AT,25-34,0.407
2026-05-01,AT,35-44,0.220
2026-05-01,AT,45-54,0.104
2026-05-01,AT,55-64,0.028
2026-05-01,AT,65+,0.020
2026-05-01,AU,18-24,0.234
2026-05-01,AU,25-34,0.387
2026-05-01,AU,35-44,0.219
2026-05-01,AU,45-54,0.112
2026-05-01,AU,55-64,0.030
2026-05-01,AU,65+,0.019
2026-05-01,AZ,18-24,0.290
2026-05-01,AZ,25-34,0.372
2026-05-01,AZ,35-44,0.198
2026-05-01,AZ,45-54,0.061
2026-05-01,AZ,55-64,0.028
2026-05-01,AZ,65+,0.050
2026-05-01,BA,18-24,0.264
2026-05-01,BA,25-34,0.373
2026-05-01,BA,35-44,0.226
2026-05-01,BA,45-54,0.092
2026-05-01,BA,55-64,0.012
2026-05-01,BA,65+,0.034
2026-05-01,BD,18-24,0.486
2026-05-01,BD,25-34,0.336
2026-05-01,BD,35-44,0.086
2026-05-01,BD,45-54,0.034
2026-05-01,BD,55-64,0.017
2026-05-01,BD,65+,0.042
2026-05-01,BE,18-24,0.263
2026-05-01,BE,25-34,0.311
2026-05-01,BE,35-44,0.223
2026-05-01,BE,45-54,0.128
2026-05-01,BE,55-64,0.057
2026-05-01,BE,65+,0.017
2026-05-01,BG,18-24,0.204
2026-05-01,BG,25-34,0.365
2026-05-01,BG,35-44,0.212
2026-05-01,BG,45-54,0.151
2026-05-01,BG,55-64,0.040
2026-05-01,BG,65+,0.028
2026-05-01,BH,18-24,0.254
2026-05-01,BH,25-34,0.434
2026-05-01,BH,35-44,0.245
2026-05-01,BH,45-54,0.048
2026-05-01,BH,55-64,0.003
2026-05-01,BH,65+,0.016
2026-05-01,BJ,18-24,0.354
2026-05-01,BJ,25-34,0.399
2026-05-01,BJ,35-44,0.055
2026-05-01,BJ,45-54,0.079
2026-05-01,BJ,55-64,0.057
2026-05-01,BJ,65+,0.055
2026-05-01,BO,18-24,0.409
2026-05-01,BO,25-34,0.325
2026-05-01,BO,35-44,0.160
2026-05-01,BO,45-54,0.050
2026-05-01,BO,55-64,0.043
2026-05-01,BO,65+,0.014
2026-05-01,BR,18-24,0.254
2026-05-01,BR,25-34,0.374
2026-05-01,BR,35-44,0.220
2026-05-01,BR,45-54,0.100
2026-05-01,BR,55-64,0.032
2026-05-01,BR,65+,0.021
2026-05-01,CA,18-24,0.209
2026-05-01,CA,25-34,0.361
2026-05-01,CA,35-44,0.216
2026-05-01,CA,45-54,0.122
2026-05-01,CA,55-64,0.063
2026-05-01,CA,65+,0.028
2026-05-01,CD,18-24,0.519
2026-05-01,CD,25-34,0.309
2026-05-01,CD,35-44,0.085
2026-05-01,CD,45-54,0.036
2026-05-01,CD,55-64,0.022
2026-05-01,CD,65+,0.029
2026-05-01,CH,18-24,0.229
2026-05-01,CH,25-34,0.345
2026-05-01,CH,35-44,0.213
2026-05-01,CH,45-54,0.124
2026-05-01,CH,55-64,0.060
2026-05-01,CH,65+,0.028
2026-05-01,CI,18-24,0.369
2026-05-01,CI,25-34,0.369
2026-05-01,CI,35-44,0.134
2026-05-01,CI,45-54,0.087
2026-05-01,CI,55-64,0.029
2026-05-01,CI,65+,0.012
2026-05-01,CL,18-24,0.252
2026-05-01,CL,25-34,0.391
2026-05-01,CL,35-44,0.228
2026-05-01,CL,45-54,0.090
2026-05-01,CL,55-64,0.022
2026-05-01,CL,65+,0.017
2026-05-01,CM,18-24,0.552
2026-05-01,CM,25-34,0.322
2026-05-01,CM,35-44,0.082
2026-05-01,CM,45-54,0.025
2026-05-01,CM,55-64,0.014
2026-05-01,CM,65+,0.005
2026-05-01,CO,18-24,0.275
2026-05-01,CO,25-34,0.392
2026-05-01,CO,35-44,0.200
2026-05-01,CO,45-54,0.082
2026-05-01,CO,55-64,0.032
2026-05-01,CO,65+,0.019
2026-05-01,CR,18-24,0.235
2026-05-01,CR,25-34,0.412
2026-05-01,CR,35-44,0.198
2026-05-01,CR,45-54,0.092
2026-05-01,CR,55-64,0.038
2026-05-01,CR,65+,0.026
2026-05-01,CY,18-24,0.216
2026-05-01,CY,25-34,0.392
2026-05-01,CY,35-44,0.302
2026-05-01,CY,45-54,0.022
2026-05-01,CY,55-64,0.049
2026-05-01,CY,65+,0.018
2026-05-01,CZ,18-24,0.238
2026-05-01,CZ,25-34,0.346
2026-05-01,CZ,35-44,0.209
2026-05-01,CZ,45-54,0.147
2026-05-01,CZ,55-64,0.040
2026-05-01,CZ,65+,0.021
2026-05-01,DE,18-24,0.241
2026-05-01,DE,25-34,0.375
2026-05-01,DE,35-44,0.216
2026-05-01,DE,45-54,0.104
2026-05-01,DE,55-64,0.046
2026-05-01,DE,65+,0.019
2026-05-01,DK,18-24,0.191
2026-05-01,DK,25-34,0.327
2026-05-01,DK,35-44,0.232
2026-05-01,DK,45-54,0.163
2026-05-01,DK,55-64,0.071
2026-05-01,DK,65+,0.017
2026-05-01,DO,18-24,0.347
2026-05-01,DO,25-34,0.398
2026-05-01,DO,35-44,0.173
2026-05-01,DO,45-54,0.058
2026-05-01,DO,55-64,0.011
2026-05-01,DO,65+,0.013
2026-05-01,DZ,18-24,0.400
2026-05-01,DZ,25-34,0.340
2026-05-01,DZ,35-44,0.134
2026-05-01,DZ,45-54,0.070
2026-05-01,DZ,55-64,0.022
2026-05-01,DZ,65+,0.033
2026-05-01,EC,18-24,0.359
2026-05-01,EC,25-34,0.342
2026-05-01,EC,35-44,0.168
2026-05-01,EC,45-54,0.086
2026-05-01,EC,55-64,0.020
2026-05-01,EC,65+,0.026
2026-05-01,EE,18-24,0.212
2026-05-01,EE,25-34,0.408
2026-05-01,EE,35-44,0.192
2026-05-01,EE,45-54,0.151
2026-05-01,EE,55-64,0.037
2026-05-01,EE,65+,0.000
2026-05-01,EG,18-24,0.420
2026-05-01,EG,25-34,0.341
2026-05-01,EG,35-44,0.147
2026-05-01,EG,45-54,0.049
2026-05-01,EG,55-64,0.018
2026-05-01,EG,65+,0.024
2026-05-01,ES,18-24,0.233
2026-05-01,ES,25-34,0.333
2026-05-01,ES,35-44,0.208
2026-05-01,ES,45-54,0.144
2026-05-01,ES,55-64,0.058
2026-05-01,ES,65+,0.024
2026-05-01,ET,18-24,0.341
2026-05-01,ET,25-34,0.426
2026-05-01,ET,35-44,0.116
2026-05-01,ET,45-54,0.063
2026-05-01,ET,55-64,0.017
2026-05-01,ET,65+,0.037
2026-05-01,FI,18-24,0.263
2026-05-01,FI,25-34,0.358
2026-05-01,FI,35-44,0.201
2026-05-01,FI,45-54,0.089
2026-05-01,FI,55-64,0.049
2026-05-01,FI,65+,0.040
2026-05-01,FR,18-24,0.244
2026-05-01,FR,25-34,0.348
2026-05-01,FR,35-44,0.211
2026-05-01,FR,45-54,0.115
2026-05-01,FR,55-64,0.053
2026-05-01,FR,65+,0.029
2026-05-01,GB,18-24,0.266
2026-05-01,GB,25-34,0.334
2026-05-01,GB,35-44,0.215
2026-05-01,GB,45-54,0.125
2026-05-01,GB,55-64,0.045
2026-05-01,GB,65+,0.015
2026-05-01,GE,18-24,0.300
2026-05-01,GE,25-34,0.352
2026-05-01,GE,35-44,0.214
2026-05-01,GE,45-54,0.079
2026-05-01,GE,55-64,0.018
2026-05-01,GE,65+,0.036
2026-05-01,GH,18-24,0.413
2026-05-01,GH,25-34,0.359
2026-05-01,GH,35-44,0.139
2026-05-01,GH,45-54,0.062
2026-05-01,GH,55-64,0.004
2026-05-01,GH,65+,0.024
2026-05-01,GR,18-24,0.201
2026-05-01,GR,25-34,0.314
2026-05-01,GR,35-44,0.239
2026-05-01,GR,45-54,0.151
2026-05-01,GR,55-64,0.060
2026-05-01,GR,65+,0.035
2026-05-01,GT,18-24,0.436
2026-05-01,GT,25-34,0.343
2026-05-01,GT,35-44,0.121
2026-05-01,GT,45-54,0.060
2026-05-01,GT,55-64,0.018
2026-05-01,GT,65+,0.022
2026-05-01,HN,18-24,0.327
2026-05-01,HN,25-34,0.380
2026-05-01,HN,35-44,0.164
2026-05-01,HN,45-54,0.056
2026-05-01,HN,55-64,0.025
2026-05-01,HN,65+,0.048
2026-05-01,HR,18-24,0.192
2026-05-01,HR,25-34,0.357
2026-05-01,HR,35-44,0.223
2026-05-01,HR,45-54,0.149
2026-05-01,HR,55-64,0.033
2026-05-01,HR,65+,0.046
2026-05-01,HT,18-24,0.480
2026-05-01,HT,25-34,0.305
2026-05-01,HT,35-44,0.128
2026-05-01,HT,45-54,0.048
2026-05-01,HT,55-64,0.003
2026-05-01,HT,65+,0.036
2026-05-01,HU,18-24,0.223
2026-05-01,HU,25-34,0.390
2026-05-01,HU,35-44,0.163
2026-05-01,HU,45-54,0.144
2026-05-01,HU,55-64,0.049
2026-05-01,HU,65+,0.030
2026-05-01,ID,18-24,0.463
2026-05-01,ID,25-34,0.363
2026-05-01,ID,35-44,0.105
2026-05-01,ID,45-54,0.036
2026-05-01,ID,55-64,0.017
2026-05-01,ID,65+,0.015
2026-05-01,IE,18-24,0.218
2026-05-01,IE,25-34,0.370
2026-05-01,IE,35-44,0.244
2026-05-01,IE,45-54,0.128
2026-05-01,IE,55-64,0.023
2026-05-01,IE,65+,0.016
2026-05-01,IL,18-24,0.229
2026-05-01,IL,25-34,0.327
2026-05-01,IL,35-44,0.188
2026-05-01,IL,45-54,0.118
2026-05-01,IL,55-64,0.077
2026-05-01,IL,65+,0.061
2026-05-01,IN,18-24,0.470
2026-05-01,IN,25-34,0.324
2026-05-01,IN,35-44,0.124
2026-05-01,IN,45-54,0.045
2026-05-01,IN,55-64,0.016
2026-05-01,IN,65+,0.020
2026-05-01,IQ,18-24,0.439
2026-05-01,IQ,25-34,0.357
2026-05-01,IQ,35-44,0.108
2026-05-01,IQ,45-54,0.040
2026-05-01,IQ,55-64,0.018
2026-05-01,IQ,65+,0.039
2026-05-01,IT,18-24,0.252
2026-05-01,IT,25-34,0.337
2026-05-01,IT,35-44,0.184
2026-05-01,IT,45-54,0.131
2026-05-01,IT,55-64,0.070
2026-05-01,IT,65+,0.027
2026-05-01,JO,18-24,0.393
2026-05-01,JO,25-34,0.362
2026-05-01,JO,35-44,0.139
2026-05-01,JO,45-54,0.054
2026-05-01,JO,55-64,0.020
2026-05-01,JO,65+,0.032
2026-05-01,JP,18-24,0.276
2026-05-01,JP,25-34,0.325
2026-05-01,JP,35-44,0.195
2026-05-01,JP,45-54,0.133
2026-05-01,JP,55-64,0.051
2026-05-01,JP,65+,0.019
2026-05-01,KE,18-24,0.485
2026-05-01,KE,25-34,0.328
2026-05-01,KE,35-44,0.103
2026-05-01,KE,45-54,0.044
2026-05-01,KE,55-64,0.013
2026-05-01,KE,65+,0.028
2026-05-01,KG,18-24,0.408
2026-05-01,KG,25-34,0.322
2026-05-01,KG,35-44,0.147
2026-05-01,KG,45-54,0.044
2026-05-01,KG,55-64,0.022
2026-05-01,KG,65+,0.057
2026-05-01,KH,18-24,0.395
2026-05-01,KH,25-34,0.420
2026-05-01,KH,35-44,0.100
2026-05-01,KH,45-54,0.031
2026-05-01,KH,55-64,0.018
2026-05-01,KH,65+,0.037
2026-05-01,KR,18-24,0.195
2026-05-01,KR,25-34,0.330
2026-05-01,KR,35-44,0.234
2026-05-01,KR,45-54,0.144
2026-05-01,KR,55-64,0.069
2026-05-01,KR,65+,0.028
2026-05-01,KW,18-24,0.288
2026-05-01,KW,25-34,0.410
2026-05-01,KW,35-44,0.215
2026-05-01,KW,45-54,0.079
2026-05-01,KW,55-64,0.008
2026-05-01,KW,65+,0.000
2026-05-01,KZ,18-24,0.383
2026-05-01,KZ,25-34,0.352
2026-05-01,KZ,35-44,0.151
2026-05-01,KZ,45-54,0.060
2026-05-01,KZ,55-64,0.022
2026-05-01,KZ,65+,0.032
2026-05-01,LB,18-24,0.364
2026-05-01,LB,25-34,0.309
2026-05-01,LB,35-44,0.153
2026-05-01,LB,45-54,0.085
2026-05-01,LB,55-64,0.049
2026-05-01,LB,65+,0.040
2026-05-01,LK,18-24,0.429
2026-05-01,LK,25-34,0.367
2026-05-01,LK,35-44,0.131
2026-05-01,LK,45-54,0.053
2026-05-01,LK,55-64,0.017
2026-05-01,LK,65+,0.004
2026-05-01,LT,18-24,0.235
2026-05-01,LT,25-34,0.367
2026-05-01,LT,35-44,0.208
2026-05-01,LT,45-54,0.098
2026-05-01,LT,55-64,0.053
2026-05-01,LT,65+,0.038
2026-05-01,LV,18-24,0.262
2026-05-01,LV,25-34,0.374
2026-05-01,LV,35-44,0.195
2026-05-01,LV,45-54,0.115
2026-05-01,LV,55-64,0.024
2026-05-01,LV,65+,0.030
2026-05-01,LY,18-24,0.439
2026-05-01,LY,25-34,0.286
2026-05-01,LY,35-44,0.127
2026-05-01,LY,45-54,0.063
2026-05-01,LY,55-64,0.033
2026-05-01,LY,65+,0.052
2026-05-01,MA,18-24,0.400
2026-05-01,MA,25-34,0.360
2026-05-01,MA,35-44,0.121
2026-05-01,MA,45-54,0.056
2026-05-01,MA,55-64,0.027
2026-05-01,MA,65+,0.036
2026-05-01,MD,18-24,0.222
2026-05-01,MD,25-34,0.422
2026-05-01,MD,35-44,0.209
2026-05-01,MD,45-54,0.094
2026-05-01,MD,55-64,0.048
2026-05-01,MD,65+,0.005
2026-05-01,MG,18-24,0.427
2026-05-01,MG,25-34,0.338
2026-05-01,MG,35-44,0.114
2026-05-01,MG,45-54,0.060
2026-05-01,MG,55-64,0.040
2026-05-01,MG,65+,0.021
2026-05-01,MK,18-24,0.231
2026-05-01,MK,25-34,0.340
2026-05-01,MK,35-44,0.228
2026-05-01,MK,45-54,0.076
2026-05-01,MK,55-64,0.024
2026-05-01,MK,65+,0.101
2026-05-01,MM,18-24,0.557
2026-05-01,MM,25-34,0.283
2026-05-01,MM,35-44,0.094
2026-05-01,MM,45-54,0.032
2026-05-01,MM,55-64,0.008
2026-05-01,MM,65+,0.026
2026-05-01,MN,18-24,0.314
2026-05-01,MN,25-34,0.422
2026-05-01,MN,35-44,0.124
2026-05-01,MN,45-54,0.092
2026-05-01,MN,55-64,0.031
2026-05-01,MN,65+,0.018
2026-05-01,MX,18-24,0.352
2026-05-01,MX,25-34,0.393
2026-05-01,MX,35-44,0.156
2026-05-01,MX,45-54,0.058
2026-05-01,MX,55-64,0.024
2026-05-01,MX,65+,0.017
2026-05-01,MY,18-24,0.313
2026-05-01,MY,25-34,0.382
2026-05-01,MY,35-44,0.189
2026-05-01,MY,45-54,0.069
2026-05-01,MY,55-64,0.025
2026-05-01,MY,65+,0.023
2026-05-01,MZ,18-24,0.577
2026-05-01,MZ,25-34,0.277
2026-05-01,MZ,35-44,0.126
2026-05-01,MZ,45-54,0.003
2026-05-01,MZ,55-64,0.017
2026-05-01,MZ,65+,0.000
2026-05-01,NG,18-24,0.426
2026-05-01,NG,25-34,0.372
2026-05-01,NG,35-44,0.117
2026-05-01,NG,45-54,0.042
2026-05-01,NG,55-64,0.021
2026-05-01,NG,65+,0.022
2026-05-01,NI,18-24,0.350
2026-05-01,NI,25-34,0.374
2026-05-01,NI,35-44,0.125
2026-05-01,NI,45-54,0.060
2026-05-01,NI,55-64,0.035
2026-05-01,NI,65+,0.056
2026-05-01,NL,18-24,0.266
2026-05-01,NL,25-34,0.383
2026-05-01,NL,35-44,0.192
2026-05-01,NL,45-54,0.094
2026-05-01,NL,55-64,0.043
2026-05-01,NL,65+,0.022
2026-05-01,NO,18-24,0.201
2026-05-01,NO,25-34,0.331
2026-05-01,NO,35-44,0.254
2026-05-01,NO,45-54,0.127
2026-05-01,NO,55-64,0.057
2026-05-01,NO,65+,0.030
2026-05-01,NP,18-24,0.460
2026-05-01,NP,25-34,0.318
2026-05-01,NP,35-44,0.086
2026-05-01,NP,45-54,0.049
2026-05-01,NP,55-64,0.030
2026-05-01,NP,65+,0.058
2026-05-01,NZ,18-24,0.242
2026-05-01,NZ,25-34,0.374
2026-05-01,NZ,35-44,0.211
2026-05-01,NZ,45-54,0.098
2026-05-01,NZ,55-64,0.041
2026-05-01,NZ,65+,0.034
2026-05-01,OM,18-24,0.271
2026-05-01,OM,25-34,0.408
2026-05-01,OM,35-44,0.202
2026-05-01,OM,45-54,0.051
2026-05-01,OM,55-64,0.038
2026-05-01,OM,65+,0.030
2026-05-01,PA,18-24,0.272
2026-05-01,PA,25-34,0.354
2026-05-01,PA,35-44,0.231
2026-05-01,PA,45-54,0.075
2026-05-01,PA,55-64,0.042
2026-05-01,PA,65+,0.025
2026-05-01,PE,18-24,0.352
2026-05-01,PE,25-34,0.377
2026-05-01,PE,35-44,0.147
2026-05-01,PE,45-54,0.070
2026-05-01,PE,55-64,0.032
2026-05-01,PE,65+,0.022
2026-05-01,PH,18-24,0.359
2026-05-01,PH,25-34,0.407
2026-05-01,PH,35-44,0.140
2026-05-01,PH,45-54,0.051
2026-05-01,PH,55-64,0.022
2026-05-01,PH,65+,0.020
2026-05-01,PK,18-24,0.465
2026-05-01,PK,25-34,0.346
2026-05-01,PK,35-44,0.115
2026-05-01,PK,45-54,0.040
2026-05-01,PK,55-64,0.016
2026-05-01,PK,65+,0.018
2026-05-01,PL,18-24,0.240
2026-05-01,PL,25-34,0.397
2026-05-01,PL,35-44,0.214
2026-05-01,PL,45-54,0.101
2026-05-01,PL,55-64,0.025
2026-05-01,PL,65+,0.023
2026-05-01,PR,18-24,0.190
2026-05-01,PR,25-34,0.370
2026-05-01,PR,35-44,0.241
2026-05-01,PR,45-54,0.116
2026-05-01,PR,55-64,0.065
2026-05-01,PR,65+,0.019
2026-05-01,PS,18-24,0.383
2026-05-01,PS,25-34,0.367
2026-05-01,PS,35-44,0.140
2026-05-01,PS,45-54,0.040
2026-05-01,PS,55-64,0.036
2026-05-01,PS,65+,0.033
2026-05-01,PT,18-24,0.215
2026-05-01,PT,25-34,0.378
2026-05-01,PT,35-44,0.210
2026-05-01,PT,45-54,0.128
2026-05-01,PT,55-64,0.046
2026-05-01,PT,65+,0.023
2026-05-01,PY,18-24,0.336
2026-05-01,PY,25-34,0.395
2026-05-01,PY,35-44,0.187
2026-05-01,PY,45-54,0.028
2026-05-01,PY,55-64,0.016
2026-05-01,PY,65+,0.038
2026-05-01,QA,18-24,0.221
2026-05-01,QA,25-34,0.481
2026-05-01,QA,35-44,0.227
2026-05-01,QA,45-54,0.036
2026-05-01,QA,55-64,0.000
2026-05-01,QA,65+,0.034
2026-05-01,RO,18-24,0.275
2026-05-01,RO,25-34,0.369
2026-05-01,RO,35-44,0.177
2026-05-01,RO,45-54,0.104
2026-05-01,RO,55-64,0.047
2026-05-01,RO,65+,0.029
2026-05-01,RS,18-24,0.234
2026-05-01,RS,25-34,0.371
2026-05-01,RS,35-44,0.224
2026-05-01,RS,45-54,0.127
2026-05-01,RS,55-64,0.041
2026-05-01,RS,65+,0.004
2026-05-01,RW,18-24,0.425
2026-05-01,RW,25-34,0.257
2026-05-01,RW,35-44,0.150
2026-05-01,RW,45-54,0.090
2026-05-01,RW,55-64,0.052
2026-05-01,RW,65+,0.026
2026-05-01,SA,18-24,0.309
2026-05-01,SA,25-34,0.445
2026-05-01,SA,35-44,0.162
2026-05-01,SA,45-54,0.045
2026-05-01,SA,55-64,0.017
2026-05-01,SA,65+,0.022
2026-05-01,SD,18-24,0.514
2026-05-01,SD,25-34,0.294
2026-05-01,SD,35-44,0.115
2026-05-01,SD,45-54,0.068
2026-05-01,SD,55-64,0.000
2026-05-01,SD,65+,0.009
2026-05-01,SE,18-24,0.227
2026-05-01,SE,25-34,0.360
2026-05-01,SE,35-44,0.203
2026-05-01,SE,45-54,0.121
2026-05-01,SE,55-64,0.056
2026-05-01,SE,65+,0.033
2026-05-01,SG,18-24,0.288
2026-05-01,SG,25-34,0.432
2026-05-01,SG,35-44,0.175
2026-05-01,SG,45-54,0.074
2026-05-01,SG,55-64,0.013
2026-05-01,SG,65+,0.018
2026-05-01,SI,18-24,0.197
2026-05-01,SI,25-34,0.308
2026-05-01,SI,35-44,0.210
2026-05-01,SI,45-54,0.186
2026-05-01,SI,55-64,0.089
2026-05-01,SI,65+,0.010
2026-05-01,SK,18-24,0.245
2026-05-01,SK,25-34,0.340
2026-05-01,SK,35-44,0.244
2026-05-01,SK,45-54,0.104
2026-05-01,SK,55-64,0.053
2026-05-01,SK,65+,0.015
2026-05-01,SN,18-24,0.492
2026-05-01,SN,25-34,0.274
2026-05-01,SN,35-44,0.136
2026-05-01,SN,45-54,0.076
2026-05-01,SN,55-64,0.000
2026-05-01,SN,65+,0.023
2026-05-01,SO,18-24,0.378
2026-05-01,SO,25-34,0.454
2026-05-01,SO,35-44,0.047
2026-05-01,SO,45-54,0.024
2026-05-01,SO,55-64,0.013
2026-05-01,SO,65+,0.083
2026-05-01,SV,18-24,0.357
2026-05-01,SV,25-34,0.443
2026-05-01,SV,35-44,0.137
2026-05-01,SV,45-54,0.024
2026-05-01,SV,55-64,0.015
2026-05-01,SV,65+,0.025
2026-05-01,TH,18-24,0.326
2026-05-01,TH,25-34,0.380
2026-05-01,TH,35-44,0.169
2026-05-01,TH,45-54,0.070
2026-05-01,TH,55-64,0.026
2026-05-01,TH,65+,0.029
2026-05-01,TJ,18-24,0.381
2026-05-01,TJ,25-34,0.315
2026-05-01,TJ,35-44,0.124
2026-05-01,TJ,45-54,0.077
2026-05-01,TJ,55-64,0.018
2026-05-01,TJ,65+,0.085
2026-05-01,TN,18-24,0.326
2026-05-01,TN,25-34,0.327
2026-05-01,TN,35-44,0.173
2026-05-01,TN,45-54,0.095
2026-05-01,TN,55-64,0.037
2026-05-01,TN,65+,0.041
2026-05-01,TR,18-24,0.331
2026-05-01,TR,25-34,0.376
2026-05-01,TR,35-44,0.176
2026-05-01,TR,45-54,0.076
2026-05-01,TR,55-64,0.022
2026-05-01,TR,65+,0.018
2026-05-01,TW,18-24,0.215
2026-05-01,TW,25-34,0.389
2026-05-01,TW,35-44,0.223
2026-05-01,TW,45-54,0.128
2026-05-01,TW,55-64,0.034
2026-05-01,TW,65+,0.012
2026-05-01,TZ,18-24,0.437
2026-05-01,TZ,25-34,0.330
2026-05-01,TZ,35-44,0.128
2026-05-01,TZ,45-54,0.067
2026-05-01,TZ,55-64,0.015
2026-05-01,TZ,65+,0.022
2026-05-01,UA,18-24,0.259
2026-05-01,UA,25-34,0.388
2026-05-01,UA,35-44,0.211
2026-05-01,UA,45-54,0.078
2026-05-01,UA,55-64,0.037
2026-05-01,UA,65+,0.028
2026-05-01,UG,18-24,0.446
2026-05-01,UG,25-34,0.268
2026-05-01,UG,35-44,0.119
2026-05-01,UG,45-54,0.093
2026-05-01,UG,55-64,0.033
2026-05-01,UG,65+,0.041
2026-05-01,US,18-24,0.224
2026-05-01,US,25-34,0.340
2026-05-01,US,35-44,0.223
2026-05-01,US,45-54,0.123
2026-05-01,US,55-64,0.059
2026-05-01,US,65+,0.030
2026-05-01,UY,18-24,0.292
2026-05-01,UY,25-34,0.330
2026-05-01,UY,35-44,0.215
2026-05-01,UY,45-54,0.111
2026-05-01,UY,55-64,0.036
2026-05-01,UY,65+,0.016
2026-05-01,UZ,18-24,0.415
2026-05-01,UZ,25-34,0.283
2026-05-01,UZ,35-44,0.161
2026-05-01,UZ,45-54,0.058
2026-05-01,UZ,55-64,0.028
2026-05-01,UZ,65+,0.056
2026-05-01,VN,18-24,0.375
2026-05-01,VN,25-34,0.410
2026-05-01,VN,35-44,0.146
2026-05-01,VN,45-54,0.042
2026-05-01,VN,55-64,0.013
2026-05-01,VN,65+,0.013
2026-05-01,YE,18-24,0.443
2026-05-01,YE,25-34,0.332
2026-05-01,YE,35-44,0.137
2026-05-01,YE,45-54,0.034
2026-05-01,YE,55-64,0.023
2026-05-01,YE,65+,0.030
2026-05-01,ZA,18-24,0.356
2026-05-01,ZA,25-34,0.330
2026-05-01,ZA,35-44,0.179
2026-05-01,ZA,45-54,0.086
2026-05-01,ZA,55-64,0.029
2026-05-01,ZA,65+,0.020
2026-05-01,ZM,18-24,0.491
2026-05-01,ZM,25-34,0.373
2026-05-01,ZM,35-44,0.100
2026-05-01,ZM,45-54,0.019
2026-05-01,ZM,55-64,0.018
2026-05-01,ZM,65+,0.000
2026-05-01,ZW,18-24,0.381
2026-05-01,ZW,25-34,0.372
2026-05-01,ZW,35-44,0.178
2026-05-01,ZW,45-54,0.069
2026-05-01,ZW,55-64,0.000
2026-05-01,ZW,65+,0.000
2026-06-01,AE,18-24,0.196
2026-06-01,AE,25-34,0.454
2026-06-01,AE,35-44,0.255
2026-06-01,AE,45-54,0.074
2026-06-01,AE,55-64,0.013
2026-06-01,AE,65+,0.009
2026-06-01,AF,18-24,0.405
2026-06-01,AF,25-34,0.330
2026-06-01,AF,35-44,0.090
2026-06-01,AF,45-54,0.045
2026-06-01,AF,55-64,0.025
2026-06-01,AF,65+,0.105
2026-06-01,AL,18-24,0.275
2026-06-01,AL,25-34,0.498
2026-06-01,AL,35-44,0.140
2026-06-01,AL,45-54,0.054
2026-06-01,AL,55-64,0.017
2026-06-01,AL,65+,0.016
2026-06-01,AM,18-24,0.284
2026-06-01,AM,25-34,0.360
2026-06-01,AM,35-44,0.189
2026-06-01,AM,45-54,0.054
2026-06-01,AM,55-64,0.040
2026-06-01,AM,65+,0.072
2026-06-01,AO,18-24,0.462
2026-06-01,AO,25-34,0.351
2026-06-01,AO,35-44,0.158
2026-06-01,AO,45-54,0.029
2026-06-01,AO,55-64,0.000
2026-06-01,AO,65+,0.000
2026-06-01,AR,18-24,0.276
2026-06-01,AR,25-34,0.355
2026-06-01,AR,35-44,0.187
2026-06-01,AR,45-54,0.105
2026-06-01,AR,55-64,0.048
2026-06-01,AR,65+,0.029
2026-06-01,AT,18-24,0.220
2026-06-01,AT,25-34,0.370
2026-06-01,AT,35-44,0.211
2026-06-01,AT,45-54,0.130
2026-06-01,AT,55-64,0.040
2026-06-01,AT,65+,0.028
2026-06-01,AU,18-24,0.208
2026-06-01,AU,25-34,0.376
2026-06-01,AU,35-44,0.228
2026-06-01,AU,45-54,0.117
2026-06-01,AU,55-64,0.048
2026-06-01,AU,65+,0.023
2026-06-01,AZ,18-24,0.342
2026-06-01,AZ,25-34,0.322
2026-06-01,AZ,35-44,0.190
2026-06-01,AZ,45-54,0.075
2026-06-01,AZ,55-64,0.020
2026-06-01,AZ,65+,0.051
2026-06-01,BA,18-24,0.283
2026-06-01,BA,25-34,0.377
2026-06-01,BA,35-44,0.158
2026-06-01,BA,45-54,0.111
2026-06-01,BA,55-64,0.024
2026-06-01,BA,65+,0.048
2026-06-01,BD,18-24,0.484
2026-06-01,BD,25-34,0.332
2026-06-01,BD,35-44,0.102
2026-06-01,BD,45-54,0.036
2026-06-01,BD,55-64,0.015
2026-06-01,BD,65+,0.030
2026-06-01,BE,18-24,0.232
2026-06-01,BE,25-34,0.348
2026-06-01,BE,35-44,0.216
2026-06-01,BE,45-54,0.133
2026-06-01,BE,55-64,0.047
2026-06-01,BE,65+,0.025
2026-06-01,BG,18-24,0.204
2026-06-01,BG,25-34,0.354
2026-06-01,BG,35-44,0.264
2026-06-01,BG,45-54,0.134
2026-06-01,BG,55-64,0.035
2026-06-01,BG,65+,0.009
2026-06-01,BH,18-24,0.270
2026-06-01,BH,25-34,0.445
2026-06-01,BH,35-44,0.183
2026-06-01,BH,45-54,0.068
2026-06-01,BH,55-64,0.000
2026-06-01,BH,65+,0.034
2026-06-01,BJ,18-24,0.426
2026-06-01,BJ,25-34,0.333
2026-06-01,BJ,35-44,0.142
2026-06-01,BJ,45-54,0.000
2026-06-01,BJ,55-64,0.047
2026-06-01,BJ,65+,0.052
2026-06-01,BO,18-24,0.434
2026-06-01,BO,25-34,0.331
2026-06-01,BO,35-44,0.149
2026-06-01,BO,45-54,0.048
2026-06-01,BO,55-64,0.018
2026-06-01,BO,65+,0.020
2026-06-01,BR,18-24,0.253
2026-06-01,BR,25-34,0.377
2026-06-01,BR,35-44,0.212
2026-06-01,BR,45-54,0.108
2026-06-01,BR,55-64,0.030
2026-06-01,BR,65+,0.020
2026-06-01,CA,18-24,0.198
2026-06-01,CA,25-34,0.345
2026-06-01,CA,35-44,0.231
2026-06-01,CA,45-54,0.135
2026-06-01,CA,55-64,0.060
2026-06-01,CA,65+,0.031
2026-06-01,CD,18-24,0.469
2026-06-01,CD,25-34,0.343
2026-06-01,CD,35-44,0.081
2026-06-01,CD,45-54,0.063
2026-06-01,CD,55-64,0.025
2026-06-01,CD,65+,0.019
2026-06-01,CH,18-24,0.202
2026-06-01,CH,25-34,0.347
2026-06-01,CH,35-44,0.245
2026-06-01,CH,45-54,0.119
2026-06-01,CH,55-64,0.067
2026-06-01,CH,65+,0.020
2026-06-01,CI,18-24,0.398
2026-06-01,CI,25-34,0.389
2026-06-01,CI,35-44,0.136
2026-06-01,CI,45-54,0.048
2026-06-01,CI,55-64,0.015
2026-06-01,CI,65+,0.014
2026-06-01,CL,18-24,0.257
2026-06-01,CL,25-34,0.373
2026-06-01,CL,35-44,0.235
2026-06-01,CL,45-54,0.085
2026-06-01,CL,55-64,0.031
2026-06-01,CL,65+,0.019
2026-06-01,CM,18-24,0.517
2026-06-01,CM,25-34,0.304
2026-06-01,CM,35-44,0.107
2026-06-01,CM,45-54,0.021
2026-06-01,CM,55-64,0.002
2026-06-01,CM,65+,0.048
2026-06-01,CO,18-24,0.265
2026-06-01,CO,25-34,0.394
2026-06-01,CO,35-44,0.204
2026-06-01,CO,45-54,0.087
2026-06-01,CO,55-64,0.025
2026-06-01,CO,65+,0.025
2026-06-01,CR,18-24,0.297
2026-06-01,CR,25-34,0.345
2026-06-01,CR,35-44,0.185
2026-06-01,CR,45-54,0.116
2026-06-01,CR,55-64,0.037
2026-06-01,CR,65+,0.020
2026-06-01,CY,18-24,0.218
2026-06-01,CY,25-34,0.325
2026-06-01,CY,35-44,0.280
2026-06-01,CY,45-54,0.153
2026-06-01,CY,55-64,0.009
2026-06-01,CY,65+,0.015
2026-06-01,CZ,18-24,0.232
2026-06-01,CZ,25-34,0.309
2026-06-01,CZ,35-44,0.229
2026-06-01,CZ,45-54,0.142
2026-06-01,CZ,55-64,0.056
2026-06-01,CZ,65+,0.032
2026-06-01,DE,18-24,0.235
2026-06-01,DE,25-34,0.374
2026-06-01,DE,35-44,0.214
2026-06-01,DE,45-54,0.106
2026-06-01,DE,55-64,0.047
2026-06-01,DE,65+,0.024
2026-06-01,DK,18-24,0.201
2026-06-01,DK,25-34,0.345
2026-06-01,DK,35-44,0.225
2026-06-01,DK,45-54,0.128
2026-06-01,DK,55-64,0.074
2026-06-01,DK,65+,0.027
2026-06-01,DO,18-24,0.275
2026-06-01,DO,25-34,0.407
2026-06-01,DO,35-44,0.188
2026-06-01,DO,45-54,0.076
2026-06-01,DO,55-64,0.027
2026-06-01,DO,65+,0.027
2026-06-01,DZ,18-24,0.402
2026-06-01,DZ,25-34,0.331
2026-06-01,DZ,35-44,0.135
2026-06-01,DZ,45-54,0.063
2026-06-01,DZ,55-64,0.032
2026-06-01,DZ,65+,0.036
2026-06-01,EC,18-24,0.345
2026-06-01,EC,25-34,0.355
2026-06-01,EC,35-44,0.156
2026-06-01,EC,45-54,0.079
2026-06-01,EC,55-64,0.029
2026-06-01,EC,65+,0.036
2026-06-01,EE,18-24,0.233
2026-06-01,EE,25-34,0.318
2026-06-01,EE,35-44,0.214
2026-06-01,EE,45-54,0.163
2026-06-01,EE,55-64,0.072
2026-06-01,EE,65+,0.000
2026-06-01,EG,18-24,0.391
2026-06-01,EG,25-34,0.375
2026-06-01,EG,35-44,0.137
2026-06-01,EG,45-54,0.048
2026-06-01,EG,55-64,0.020
2026-06-01,EG,65+,0.029
2026-06-01,ES,18-24,0.202
2026-06-01,ES,25-34,0.335
2026-06-01,ES,35-44,0.217
2026-06-01,ES,45-54,0.151
2026-06-01,ES,55-64,0.069
2026-06-01,ES,65+,0.026
2026-06-01,ET,18-24,0.351
2026-06-01,ET,25-34,0.403
2026-06-01,ET,35-44,0.145
2026-06-01,ET,45-54,0.047
2026-06-01,ET,55-64,0.017
2026-06-01,ET,65+,0.037
2026-06-01,FI,18-24,0.238
2026-06-01,FI,25-34,0.368
2026-06-01,FI,35-44,0.257
2026-06-01,FI,45-54,0.080
2026-06-01,FI,55-64,0.034
2026-06-01,FI,65+,0.023
2026-06-01,FR,18-24,0.224
2026-06-01,FR,25-34,0.350
2026-06-01,FR,35-44,0.227
2026-06-01,FR,45-54,0.115
2026-06-01,FR,55-64,0.054
2026-06-01,FR,65+,0.030
2026-06-01,GB,18-24,0.208
2026-06-01,GB,25-34,0.348
2026-06-01,GB,35-44,0.249
2026-06-01,GB,45-54,0.119
2026-06-01,GB,55-64,0.055
2026-06-01,GB,65+,0.021
2026-06-01,GE,18-24,0.278
2026-06-01,GE,25-34,0.394
2026-06-01,GE,35-44,0.199
2026-06-01,GE,45-54,0.065
2026-06-01,GE,55-64,0.039
2026-06-01,GE,65+,0.026
2026-06-01,GH,18-24,0.413
2026-06-01,GH,25-34,0.399
2026-06-01,GH,35-44,0.114
2026-06-01,GH,45-54,0.035
2026-06-01,GH,55-64,0.010
2026-06-01,GH,65+,0.029
2026-06-01,GR,18-24,0.205
2026-06-01,GR,25-34,0.333
2026-06-01,GR,35-44,0.206
2026-06-01,GR,45-54,0.131
2026-06-01,GR,55-64,0.085
2026-06-01,GR,65+,0.040
2026-06-01,GT,18-24,0.365
2026-06-01,GT,25-34,0.410
2026-06-01,GT,35-44,0.153
2026-06-01,GT,45-54,0.031
2026-06-01,GT,55-64,0.018
2026-06-01,GT,65+,0.024
2026-06-01,HN,18-24,0.335
2026-06-01,HN,25-34,0.441
2026-06-01,HN,35-44,0.164
2026-06-01,HN,45-54,0.039
2026-06-01,HN,55-64,0.022
2026-06-01,HN,65+,0.000
2026-06-01,HR,18-24,0.219
2026-06-01,HR,25-34,0.349
2026-06-01,HR,35-44,0.205
2026-06-01,HR,45-54,0.138
2026-06-01,HR,55-64,0.057
2026-06-01,HR,65+,0.031
2026-06-01,HT,18-24,0.407
2026-06-01,HT,25-34,0.311
2026-06-01,HT,35-44,0.095
2026-06-01,HT,45-54,0.061
2026-06-01,HT,55-64,0.032
2026-06-01,HT,65+,0.094
2026-06-01,HU,18-24,0.210
2026-06-01,HU,25-34,0.344
2026-06-01,HU,35-44,0.230
2026-06-01,HU,45-54,0.152
2026-06-01,HU,55-64,0.054
2026-06-01,HU,65+,0.011
2026-06-01,ID,18-24,0.457
2026-06-01,ID,25-34,0.366
2026-06-01,ID,35-44,0.107
2026-06-01,ID,45-54,0.043
2026-06-01,ID,55-64,0.014
2026-06-01,ID,65+,0.014
2026-06-01,IE,18-24,0.200
2026-06-01,IE,25-34,0.334
2026-06-01,IE,35-44,0.258
2026-06-01,IE,45-54,0.142
2026-06-01,IE,55-64,0.054
2026-06-01,IE,65+,0.012
2026-06-01,IL,18-24,0.247
2026-06-01,IL,25-34,0.326
2026-06-01,IL,35-44,0.209
2026-06-01,IL,45-54,0.110
2026-06-01,IL,55-64,0.061
2026-06-01,IL,65+,0.046
2026-06-01,IN,18-24,0.445
2026-06-01,IN,25-34,0.334
2026-06-01,IN,35-44,0.138
2026-06-01,IN,45-54,0.046
2026-06-01,IN,55-64,0.016
2026-06-01,IN,65+,0.020
2026-06-01,IQ,18-24,0.410
2026-06-01,IQ,25-34,0.376
2026-06-01,IQ,35-44,0.114
2026-06-01,IQ,45-54,0.044
2026-06-01,IQ,55-64,0.024
2026-06-01,IQ,65+,0.033
2026-06-01,IT,18-24,0.253
2026-06-01,IT,25-34,0.339
2026-06-01,IT,35-44,0.191
2026-06-01,IT,45-54,0.122
2026-06-01,IT,55-64,0.062
2026-06-01,IT,65+,0.031
2026-06-01,JO,18-24,0.372
2026-06-01,JO,25-34,0.361
2026-06-01,JO,35-44,0.157
2026-06-01,JO,45-54,0.047
2026-06-01,JO,55-64,0.025
2026-06-01,JO,65+,0.037
2026-06-01,JP,18-24,0.265
2026-06-01,JP,25-34,0.330
2026-06-01,JP,35-44,0.197
2026-06-01,JP,45-54,0.133
2026-06-01,JP,55-64,0.058
2026-06-01,JP,65+,0.017
2026-06-01,KE,18-24,0.400
2026-06-01,KE,25-34,0.387
2026-06-01,KE,35-44,0.141
2026-06-01,KE,45-54,0.037
2026-06-01,KE,55-64,0.011
2026-06-01,KE,65+,0.024
2026-06-01,KG,18-24,0.400
2026-06-01,KG,25-34,0.363
2026-06-01,KG,35-44,0.129
2026-06-01,KG,45-54,0.050
2026-06-01,KG,55-64,0.029
2026-06-01,KG,65+,0.029
2026-06-01,KH,18-24,0.428
2026-06-01,KH,25-34,0.428
2026-06-01,KH,35-44,0.083
2026-06-01,KH,45-54,0.001
2026-06-01,KH,55-64,0.024
2026-06-01,KH,65+,0.036
2026-06-01,KR,18-24,0.199
2026-06-01,KR,25-34,0.328
2026-06-01,KR,35-44,0.234
2026-06-01,KR,45-54,0.143
2026-06-01,KR,55-64,0.067
2026-06-01,KR,65+,0.029
2026-06-01,KW,18-24,0.260
2026-06-01,KW,25-34,0.408
2026-06-01,KW,35-44,0.235
2026-06-01,KW,45-54,0.080
2026-06-01,KW,55-64,0.016
2026-06-01,KW,65+,0.000
2026-06-01,KZ,18-24,0.333
2026-06-01,KZ,25-34,0.364
2026-06-01,KZ,35-44,0.178
2026-06-01,KZ,45-54,0.070
2026-06-01,KZ,55-64,0.024
2026-06-01,KZ,65+,0.031
2026-06-01,LB,18-24,0.291
2026-06-01,LB,25-34,0.381
2026-06-01,LB,35-44,0.183
2026-06-01,LB,45-54,0.068
2026-06-01,LB,55-64,0.015
2026-06-01,LB,65+,0.063
2026-06-01,LK,18-24,0.399
2026-06-01,LK,25-34,0.334
2026-06-01,LK,35-44,0.164
2026-06-01,LK,45-54,0.055
2026-06-01,LK,55-64,0.039
2026-06-01,LK,65+,0.008
2026-06-01,LT,18-24,0.143
2026-06-01,LT,25-34,0.386
2026-06-01,LT,35-44,0.248
2026-06-01,LT,45-54,0.153
2026-06-01,LT,55-64,0.045
2026-06-01,LT,65+,0.025
2026-06-01,LV,18-24,0.248
2026-06-01,LV,25-34,0.344
2026-06-01,LV,35-44,0.175
2026-06-01,LV,45-54,0.153
2026-06-01,LV,55-64,0.080
2026-06-01,LV,65+,0.000
2026-06-01,LY,18-24,0.473
2026-06-01,LY,25-34,0.321
2026-06-01,LY,35-44,0.128
2026-06-01,LY,45-54,0.048
2026-06-01,LY,55-64,0.015
2026-06-01,LY,65+,0.015
2026-06-01,MA,18-24,0.396
2026-06-01,MA,25-34,0.377
2026-06-01,MA,35-44,0.114
2026-06-01,MA,45-54,0.055
2026-06-01,MA,55-64,0.025
2026-06-01,MA,65+,0.033
2026-06-01,MD,18-24,0.285
2026-06-01,MD,25-34,0.368
2026-06-01,MD,35-44,0.178
2026-06-01,MD,45-54,0.115
2026-06-01,MD,55-64,0.054
2026-06-01,MD,65+,0.000
2026-06-01,MG,18-24,0.445
2026-06-01,MG,25-34,0.400
2026-06-01,MG,35-44,0.075
2026-06-01,MG,45-54,0.052
2026-06-01,MG,55-64,0.015
2026-06-01,MG,65+,0.013
2026-06-01,MK,18-24,0.218
2026-06-01,MK,25-34,0.376
2026-06-01,MK,35-44,0.248
2026-06-01,MK,45-54,0.136
2026-06-01,MK,55-64,0.000
2026-06-01,MK,65+,0.021
2026-06-01,MM,18-24,0.500
2026-06-01,MM,25-34,0.322
2026-06-01,MM,35-44,0.103
2026-06-01,MM,45-54,0.028
2026-06-01,MM,55-64,0.014
2026-06-01,MM,65+,0.034
2026-06-01,MN,18-24,0.224
2026-06-01,MN,25-34,0.362
2026-06-01,MN,35-44,0.196
2026-06-01,MN,45-54,0.089
2026-06-01,MN,55-64,0.059
2026-06-01,MN,65+,0.071
2026-06-01,MX,18-24,0.345
2026-06-01,MX,25-34,0.392
2026-06-01,MX,35-44,0.156
2026-06-01,MX,45-54,0.066
2026-06-01,MX,55-64,0.023
2026-06-01,MX,65+,0.018
2026-06-01,MY,18-24,0.312
2026-06-01,MY,25-34,0.375
2026-06-01,MY,35-44,0.205
2026-06-01,MY,45-54,0.072
2026-06-01,MY,55-64,0.021
2026-06-01,MY,65+,0.015
2026-06-01,MZ,18-24,0.498
2026-06-01,MZ,25-34,0.341
2026-06-01,MZ,35-44,0.085
2026-06-01,MZ,45-54,0.046
2026-06-01,MZ,55-64,0.031
2026-06-01,MZ,65+,0.000
2026-06-01,NG,18-24,0.437
2026-06-01,NG,25-34,0.369
2026-06-01,NG,35-44,0.110
2026-06-01,NG,45-54,0.046
2026-06-01,NG,55-64,0.020
2026-06-01,NG,65+,0.017
2026-06-01,NI,18-24,0.414
2026-06-01,NI,25-34,0.282
2026-06-01,NI,35-44,0.161
2026-06-01,NI,45-54,0.085
2026-06-01,NI,55-64,0.033
2026-06-01,NI,65+,0.025
2026-06-01,NL,18-24,0.269
2026-06-01,NL,25-34,0.378
2026-06-01,NL,35-44,0.186
2026-06-01,NL,45-54,0.097
2026-06-01,NL,55-64,0.046
2026-06-01,NL,65+,0.025
2026-06-01,NO,18-24,0.191
2026-06-01,NO,25-34,0.333
2026-06-01,NO,35-44,0.227
2026-06-01,NO,45-54,0.139
2026-06-01,NO,55-64,0.076
2026-06-01,NO,65+,0.035
2026-06-01,NP,18-24,0.445
2026-06-01,NP,25-34,0.314
2026-06-01,NP,35-44,0.118
2026-06-01,NP,45-54,0.043
2026-06-01,NP,55-64,0.019
2026-06-01,NP,65+,0.061
2026-06-01,NZ,18-24,0.255
2026-06-01,NZ,25-34,0.353
2026-06-01,NZ,35-44,0.222
2026-06-01,NZ,45-54,0.114
2026-06-01,NZ,55-64,0.041
2026-06-01,NZ,65+,0.015
2026-06-01,OM,18-24,0.262
2026-06-01,OM,25-34,0.416
2026-06-01,OM,35-44,0.207
2026-06-01,OM,45-54,0.058
2026-06-01,OM,55-64,0.014
2026-06-01,OM,65+,0.043
2026-06-01,PA,18-24,0.271
2026-06-01,PA,25-34,0.375
2026-06-01,PA,35-44,0.194
2026-06-01,PA,45-54,0.098
2026-06-01,PA,55-64,0.040
2026-06-01,PA,65+,0.022
2026-06-01,PE,18-24,0.371
2026-06-01,PE,25-34,0.369
2026-06-01,PE,35-44,0.141
2026-06-01,PE,45-54,0.066
2026-06-01,PE,55-64,0.034
2026-06-01,PE,65+,0.020
2026-06-01,PH,18-24,0.347
2026-06-01,PH,25-34,0.419
2026-06-01,PH,35-44,0.145
2026-06-01,PH,45-54,0.053
2026-06-01,PH,55-64,0.021
2026-06-01,PH,65+,0.015
2026-06-01,PK,18-24,0.475
2026-06-01,PK,25-34,0.356
2026-06-01,PK,35-44,0.099
2026-06-01,PK,45-54,0.036
2026-06-01,PK,55-64,0.015
2026-06-01,PK,65+,0.018
2026-06-01,PL,18-24,0.239
2026-06-01,PL,25-34,0.401
2026-06-01,PL,35-44,0.209
2026-06-01,PL,45-54,0.102
2026-06-01,PL,55-64,0.027
2026-06-01,PL,65+,0.021
2026-06-01,PR,18-24,0.157
2026-06-01,PR,25-34,0.329
2026-06-01,PR,35-44,0.235
2026-06-01,PR,45-54,0.159
2026-06-01,PR,55-64,0.088
2026-06-01,PR,65+,0.031
2026-06-01,PS,18-24,0.390
2026-06-01,PS,25-34,0.396
2026-06-01,PS,35-44,0.179
2026-06-01,PS,45-54,0.030
2026-06-01,PS,55-64,0.005
2026-06-01,PS,65+,0.000
2026-06-01,PT,18-24,0.197
2026-06-01,PT,25-34,0.362
2026-06-01,PT,35-44,0.221
2026-06-01,PT,45-54,0.141
2026-06-01,PT,55-64,0.059
2026-06-01,PT,65+,0.021
2026-06-01,PY,18-24,0.265
2026-06-01,PY,25-34,0.343
2026-06-01,PY,35-44,0.256
2026-06-01,PY,45-54,0.087
2026-06-01,PY,55-64,0.018
2026-06-01,PY,65+,0.031
2026-06-01,QA,18-24,0.203
2026-06-01,QA,25-34,0.460
2026-06-01,QA,35-44,0.252
2026-06-01,QA,45-54,0.068
2026-06-01,QA,55-64,0.016
2026-06-01,QA,65+,0.000
2026-06-01,RE,18-24,0.219
2026-06-01,RE,25-34,0.334
2026-06-01,RE,35-44,0.205
2026-06-01,RE,45-54,0.096
2026-06-01,RE,55-64,0.043
2026-06-01,RE,65+,0.103
2026-06-01,RO,18-24,0.260
2026-06-01,RO,25-34,0.381
2026-06-01,RO,35-44,0.199
2026-06-01,RO,45-54,0.093
2026-06-01,RO,55-64,0.048
2026-06-01,RO,65+,0.019
2026-06-01,RS,18-24,0.223
2026-06-01,RS,25-34,0.362
2026-06-01,RS,35-44,0.206
2026-06-01,RS,45-54,0.120
2026-06-01,RS,55-64,0.051
2026-06-01,RS,65+,0.037
2026-06-01,RW,18-24,0.442
2026-06-01,RW,25-34,0.316
2026-06-01,RW,35-44,0.143
2026-06-01,RW,45-54,0.075
2026-06-01,RW,55-64,0.024
2026-06-01,RW,65+,0.000
2026-06-01,SA,18-24,0.288
2026-06-01,SA,25-34,0.455
2026-06-01,SA,35-44,0.172
2026-06-01,SA,45-54,0.049
2026-06-01,SA,55-64,0.016
2026-06-01,SA,65+,0.020
2026-06-01,SD,18-24,0.564
2026-06-01,SD,25-34,0.279
2026-06-01,SD,35-44,0.081
2026-06-01,SD,45-54,0.060
2026-06-01,SD,55-64,0.010
2026-06-01,SD,65+,0.005
2026-06-01,SE,18-24,0.207
2026-06-01,SE,25-34,0.330
2026-06-01,SE,35-44,0.237
2026-06-01,SE,45-54,0.135
2026-06-01,SE,55-64,0.059
2026-06-01,SE,65+,0.033
2026-06-01,SG,18-24,0.250
2026-06-01,SG,25-34,0.436
2026-06-01,SG,35-44,0.211
2026-06-01,SG,45-54,0.071
2026-06-01,SG,55-64,0.022
2026-06-01,SG,65+,0.010
2026-06-01,SI,18-24,0.218
2026-06-01,SI,25-34,0.342
2026-06-01,SI,35-44,0.259
2026-06-01,SI,45-54,0.105
2026-06-01,SI,55-64,0.063
2026-06-01,SI,65+,0.013
2026-06-01,SK,18-24,0.215
2026-06-01,SK,25-34,0.330
2026-06-01,SK,35-44,0.263
2026-06-01,SK,45-54,0.116
2026-06-01,SK,55-64,0.046
2026-06-01,SK,65+,0.030
2026-06-01,SN,18-24,0.535
2026-06-01,SN,25-34,0.273
2026-06-01,SN,35-44,0.054
2026-06-01,SN,45-54,0.073
2026-06-01,SN,55-64,0.026
2026-06-01,SN,65+,0.038
2026-06-01,SO,18-24,0.446
2026-06-01,SO,25-34,0.339
2026-06-01,SO,35-44,0.103
2026-06-01,SO,45-54,0.042
2026-06-01,SO,55-64,0.029
2026-06-01,SO,65+,0.042
2026-06-01,SV,18-24,0.392
2026-06-01,SV,25-34,0.358
2026-06-01,SV,35-44,0.145
2026-06-01,SV,45-54,0.067
2026-06-01,SV,55-64,0.000
2026-06-01,SV,65+,0.038
2026-06-01,TH,18-24,0.340
2026-06-01,TH,25-34,0.381
2026-06-01,TH,35-44,0.159
2026-06-01,TH,45-54,0.073
2026-06-01,TH,55-64,0.023
2026-06-01,TH,65+,0.024
2026-06-01,TJ,18-24,0.413
2026-06-01,TJ,25-34,0.283
2026-06-01,TJ,35-44,0.155
2026-06-01,TJ,45-54,0.092
2026-06-01,TJ,55-64,0.016
2026-06-01,TJ,65+,0.042
2026-06-01,TN,18-24,0.314
2026-06-01,TN,25-34,0.370
2026-06-01,TN,35-44,0.175
2026-06-01,TN,45-54,0.060
2026-06-01,TN,55-64,0.038
2026-06-01,TN,65+,0.043
2026-06-01,TR,18-24,0.324
2026-06-01,TR,25-34,0.391
2026-06-01,TR,35-44,0.176
2026-06-01,TR,45-54,0.066
2026-06-01,TR,55-64,0.024
2026-06-01,TR,65+,0.019
2026-06-01,TW,18-24,0.203
2026-06-01,TW,25-34,0.388
2026-06-01,TW,35-44,0.229
2026-06-01,TW,45-54,0.108
2026-06-01,TW,55-64,0.055
2026-06-01,TW,65+,0.017
2026-06-01,TZ,18-24,0.462
2026-06-01,TZ,25-34,0.385
2026-06-01,TZ,35-44,0.102
2026-06-01,TZ,45-54,0.043
2026-06-01,TZ,55-64,0.007
2026-06-01,TZ,65+,0.000
2026-06-01,UA,18-24,0.271
2026-06-01,UA,25-34,0.381
2026-06-01,UA,35-44,0.207
2026-06-01,UA,45-54,0.083
2026-06-01,UA,55-64,0.032
2026-06-01,UA,65+,0.026
2026-06-01,UG,18-24,0.439
2026-06-01,UG,25-34,0.342
2026-06-01,UG,35-44,0.174
2026-06-01,UG,45-54,0.012
2026-06-01,UG,55-64,0.033
2026-06-01,UG,65+,0.000
2026-06-01,US,18-24,0.218
2026-06-01,US,25-34,0.335
2026-06-01,US,35-44,0.226
2026-06-01,US,45-54,0.124
2026-06-01,US,55-64,0.064
2026-06-01,US,65+,0.033
2026-06-01,UY,18-24,0.276
2026-06-01,UY,25-34,0.393
2026-06-01,UY,35-44,0.164
2026-06-01,UY,45-54,0.094
2026-06-01,UY,55-64,0.019
2026-06-01,UY,65+,0.053
2026-06-01,UZ,18-24,0.369
2026-06-01,UZ,25-34,0.318
2026-06-01,UZ,35-44,0.167
2026-06-01,UZ,45-54,0.051
2026-06-01,UZ,55-64,0.038
2026-06-01,UZ,65+,0.057
2026-06-01,VN,18-24,0.360
2026-06-01,VN,25-34,0.408
2026-06-01,VN,35-44,0.164
2026-06-01,VN,45-54,0.043
2026-06-01,VN,55-64,0.012
2026-06-01,VN,65+,0.013
2026-06-01,YE,18-24,0.421
2026-06-01,YE,25-34,0.411
2026-06-01,YE,35-44,0.123
2026-06-01,YE,45-54,0.035
2026-06-01,YE,55-64,0.000
2026-06-01,YE,65+,0.010
2026-06-01,ZA,18-24,0.310
2026-06-01,ZA,25-34,0.363
2026-06-01,ZA,35-44,0.191
2026-06-01,ZA,45-54,0.070
2026-06-01,ZA,55-64,0.043
2026-06-01,ZA,65+,0.023
2026-06-01,ZM,18-24,0.429
2026-06-01,ZM,25-34,0.307
2026-06-01,ZM,35-44,0.167
2026-06-01,ZM,45-54,0.081
2026-06-01,ZM,55-64,0.016
2026-06-01,ZM,65+,0.000
2026-06-01,ZW,18-24,0.401
2026-06-01,ZW,25-34,0.377
2026-06-01,ZW,35-44,0.130
2026-06-01,ZW,45-54,0.092
2026-06-01,ZW,55-64,0.000
2026-06-01,ZW,65+,0.000
